 1 1 52177.34164495235 -84.43688564305651 0.0E+0
 1 2 52177.34164495235 -84.43688564305651 0.0E+0
 1 3 52177.34164495235 -84.43688564305651 0.0E+0
 1 4 52177.34164495235 -84.43688564305651 0.0E+0
 1 5 52177.34164495235 -84.43688564305651 0.0E+0
 1 6 52177.34164495235 -84.43688564305651 0.0E+0
 1 7 52177.34164495235 -84.43688564305651 0.0E+0
 1 8 52177.34164495235 -84.43688564305651 0.0E+0
 1 9 52177.34164495235 -84.43688564305651 0.0E+0
 1 10 52177.34164495235 -84.43688564305651 0.0E+0
 1 11 52177.34164495235 -84.43688564305651 0.0E+0
 1 12 52177.34164495235 -84.43688564305651 0.0E+0
 1 13 52177.34164495235 -84.43688564305651 0.0E+0
 1 14 52177.34164495235 -84.43688564305651 0.0E+0
 1 15 52177.34164495235 -84.43688564305651 0.0E+0
 1 16 52177.34164495235 -84.43688564305651 0.0E+0
 1 17 52177.34164495235 -84.43688564305651 0.0E+0
 1 18 52177.34164495235 -84.43688564305651 0.0E+0
 1 19 52177.34164495235 -84.43688564305651 0.0E+0
 1 20 52177.34164495235 -84.43688564305651 0.0E+0
 2 1 52091.90515920913 -84.07171533171149 -61.783882007062153
 2 2 52172.3906588165 -84.3751183885856 -78.72842131366576
 2 3 52253.392957083895 -84.69619287517406 83.41626440913049
 2 4 52326.97738507749 -85.00409619460986 64.46685794573663
 2 5 52385.92531156948 -85.26400557793863 44.33852818666885
 2 6 52424.44676011308 -85.44126928789619 23.148898001429163
 2 7 52438.75466075658 -85.5087728240546 1.2957150378203556
 2 8 52427.44170964627 -85.45532149487636 -20.597230509166024
 2 9 52391.62066245342 -85.28982155149684 -41.89131354951384
 2 10 52334.813393183554 -85.03791881672906 -62.15586766098719
 2 11 52262.60032163962 -84.73381460389996 -81.24270741581235
 2 12 52182.0666864531 -84.41259028297773 80.78148614182871
 2 13 52101.10267161958 -84.10567695409524 63.740384938207704
 2 14 52027.62831541615 -83.83904102414198 47.425769265799175
 2 15 51968.82017997821 -83.63277752557897 31.634848289049553
 2 16 51930.41480375176 -83.50118599353613 16.18229021936234
 2 17 51916.1548652759 -83.45291484101014 0.8989228422056098
 2 18 51927.42928683956 -83.49105393843062 -14.375127699412268
 2 19 51963.139969479794 -83.61316549929474 -29.799201789235922
 2 20 52019.80714068383 -83.81125985509182 -45.540959402861595
 3 1 51935.98690633786 -83.52013319197583 -53.985233592680124
 3 2 52096.729218706175 -84.08950632622812 -69.20128293467826
 3 3 52258.591108270375 -84.71740265444768 -85.77561104161218
 3 4 52405.705235518144 -85.3542379976525 75.6311567556287
 3 5 52523.60799545815 -85.93060830822407 54.1943061148193
 3 6 52600.67953059619 -86.35344355903463 29.315961145441537
 3 7 52629.31079085399 -86.52299516661932 1.667008348121092
 3 8 52606.67244998512 -86.38830034530754 -26.167212627157205
 3 9 52535.00173506207 -85.99043769162412 -51.44487093306054
 3 10 52421.37558170692 -85.42690139097762 -73.26887019485873
 3 11 52276.99510845579 -84.79313044252471 87.84704121035655
 3 12 52116.05963988731 -84.16128218775113 71.07322113064625
 3 13 51954.3513717105 -83.58292471937948 55.72466028468605
 3 14 51807.67896126851 -83.095328501272 41.31505106729044
 3 15 51690.33726295362 -82.72557231877373 27.506975381904382
 3 16 51613.73174451329 -82.49251156199655 14.058061392904607
 3 17 51585.293322446734 -82.40751452465186 0.7807025900703797
 3 18 51607.77752841399 -82.47464959827325 -12.487359185009069
 3 19 51679.005900466763 -82.6907064869438 -25.907025846294214
 3 20 51792.070375703086 -83.04518144674982 -39.66154094413348
 4 1 51733.437053236993 -82.85949526321865 -47.49693769553883
 4 2 51974.038216097214 -83.65084061581013 -60.75506687092031
 4 3 52216.44829125294 -84.54762140773082 -75.26191491053186
 4 4 52436.88455362669 -85.49989591835192 88.0323406421779
 4 5 52613.62628084535 -86.42915508507147 67.29028801763388
 4 6 52729.195915319563 -87.19044237190532 39.328334738667216
 4 7 52772.13593821865 -87.53054239293508 2.340388761681717
 4 8 52738.183538938355 -87.25821062093364 -35.400938308292964
 4 9 52630.70955063781 -86.53148245299583 -64.44348455323455
 4 10 52460.37127678231 -85.61260336679717 -85.84635214227684
 4 11 52244.019073014504 -84.65813960827785 77.09133919432466
 4 12 52002.98118167785 -83.75186347433942 62.386678547727633
 4 13 51760.918445178685 -82.94600845042633 49.01386191235933
 4 14 51541.480957376094 -82.278086432698 36.42269131372774
 4 15 51366.00798374645 -81.77652392063912 24.29549348134468
 4 16 51251.49234324201 -81.4620621405527 12.431920677986477
 4 17 51208.98868743238 -81.34764997678175 0.6907055829657953
 4 18 51242.592887725215 -81.43800734072344 -11.043945211168495
 4 19 51349.06699389832 -81.72940601278577 -22.886493906516626
 4 20 51518.13557810202 -82.20984526433006 -34.97374190686336
 5 1 51484.6987405999 -82.11294964374828 -42.14938525694755
 5 2 51804.58390558746 -83.08536001703531 -53.52446292793688
 5 3 52127.05543610139 -84.20246554305186 -65.68048575970218
 5 4 52420.44827935471 -85.4225714852461 -79.38008135543937
 5 5 52655.786790413403 -86.68719327182868 83.43230318542656
 5 6 52809.71987783805 -87.87140670147048 56.62490760539128
 5 7 52866.92331236937 -88.53275061121616 3.9330592872244887
 5 8 52821.69250540558 -87.9919062982066 -52.1437231834332
 5 9 52678.538520686415 -86.83484850152014 -80.97772669751463
 5 10 52451.716626163055 -85.57075831608581 81.16418069814648
 5 11 52163.74333066791 -84.34182009953031 67.19294857748076
 5 12 51843.07650641158 -83.21022747964535 54.906941581938156
 5 13 51521.22664231024 -82.21885257354336 43.46304419584844
 5 14 51229.62151100927 -81.40304094165924 32.47560302142696
 5 15 50996.55419147356 -80.79244693462114 21.743643991473952
 5 16 50844.50811791614 -80.41015450524405 11.15052915815452
 5 17 50788.086162025116 -80.27112887997998 0.619989567156247
 5 18 50832.69391678598 -80.38092240993818 -9.907230178593416
 5 19 50974.058268787353 -80.73514515060297 -20.489502302139623
 5 20 51198.60769269622 -81.31988553976825 -31.200096988781922
 6 1 51190.32040888407 -81.29777038233306 -37.743156156562903
 6 2 51588.73584905123 -82.41776151995434 -47.45461070029684
 6 3 51990.60584714663 -83.70849383227242 -57.370658355830634
 6 4 52356.431754990815 -85.13235592923539 -67.74860287381583
 6 5 52649.9991516135 -86.6506367791064 -79.33160604780477
 6 6 52842.07905487409 -88.21546539211096 84.50631829722202
 6 7 52913.47009942045 -89.52633642805648 12.25369777218409
 6 8 52857.02061249404 -88.39879329562449 -81.66699199857403
 6 9 52678.3861466588 -86.83383746247837 80.8643702674679
 6 10 52395.430230567275 -85.30716343753122 69.02657123181685
 6 11 52036.341329781826 -83.87012114676394 58.562130053815685
 6 12 51636.69394951714 -82.56172948749672 48.60956126183768
 6 13 51235.80372890936 -81.41969216247826 38.881403895672185
 6 14 50872.79554724134 -80.48041415802527 29.256329714141092
 6 15 50582.808367544 -79.77692971841023 19.67730084795842
 6 16 50393.70351370826 -79.33607213188236 10.117027236341624
 6 17 50323.544810710423 -79.1756508809997 0.5630306529642639
 6 18 50379.01228684243 -79.30234592765497 -8.99067989171837
 6 19 50554.82569572111 -79.71087269231322 -18.549752971033573
 6 20 50834.19972972589 -80.3846446476097 -28.12553699882832
 7 1 50850.957328075084 -80.4261395204215 -34.09460824009212
 7 2 51326.96790485304 -81.66826183018593 -42.3994604058213
 7 3 51807.3957069986 -83.09441569018428 -50.382400270215555
 7 4 52244.97281638814 -84.66200000829983 -57.77778460665952
 7 5 52596.27576305502 -86.32803206097094 -63.81817617705746
 7 6 52826.20430833733 -88.0392101256184 -64.99028264587551
 7 7 52911.67693342725 -89.4536157480365 -10.603042573401115
 7 8 52844.09239270909 -88.23906546441061 64.15052159141825
 7 9 52630.25275484084 -86.52870854663863 64.34905852118933
 7 10 52291.633191677094 -84.85409099554629 58.58556029683843
 7 11 51862.08930308556 -83.2726380159042 51.2923800347736
 7 12 51384.28591598044 -81.82760373520448 43.36028919800063
 7 13 50905.28395041086 -80.56158308610473 35.08551976110917
 7 14 50471.80773241011 -79.51660705741547 26.599524643644194
 7 15 50125.71616489661 -78.7315465378008 17.976254612709993
 7 16 49900.11881932345 -78.23844691627328 9.267460654533966
 7 17 49816.44062620985 -78.058793500912 0.5162325992253173
 7 18 49882.59573551968 -78.20068739791346 -8.237331560849794
 7 19 50092.3287897155 -78.65771786959029 -16.95327502711788
 7 20 50425.73485305285 -79.40985746553444 -25.589069908318847
 8 1 50467.37348219669 -79.50630070622002 -31.050677213413006
 8 2 51019.8595249553 -80.85209511877254 -38.19071839238018
 8 3 51577.8248592419 -82.38532322472989 -44.59263139629746
 8 4 52086.31215047965 -84.05114796881394 -49.61407338690456
 8 5 52494.73182648538 -85.78258469630195 -51.53797961110114
 8 6 52762.12954685175 -87.44732418859309 -44.19116343825753
 8 7 52861.547639578144 -88.45859754505472 -3.7440060156042473
 8 8 52782.93545310167 -87.62355963153105 41.89142208241974
 8 9 52534.24149719486 -85.98641926091932 51.37410857891642
 8 10 52140.549425865116 -84.25336728871244 50.05648756241347
 8 11 51641.3669954328 -82.57588190115658 45.274830436459005
 8 12 51086.4101125595 -81.02407404201395 38.99161200958042
 8 13 50530.4098444113 -79.6534763949731 31.919164527987653
 8 14 50027.574904218963 -78.51539568874233 24.38139808392774
 8 15 49626.339414250214 -77.6565531332881 16.555745963183682
 8 16 49364.91359726552 -77.11545437002374 8.55800672940298
 8 17 49267.970128011664 -76.91799643175307 0.4771536126851354
 8 18 49344.61153180982 -77.0739667435439 -7.608230091834715
 8 19 49587.64367662971 -77.5756190096705 -15.620080651088587
 8 20 49974.14888227862 -78.39880472613312 -23.471304536662263
 9 1 50040.4438443613 -78.54359085321498 -28.48940706963948
 9 2 50668.09738491501 -79.98014708285147 -34.67214120037738
 9 3 51302.39788510366 -81.6006971172617 -39.81452998777647
 9 4 51880.79392615476 -83.33452868806717 -43.063870714922273
 9 5 52345.585644999206 -85.08476610428761 -42.37568460151025
 9 6 52649.99181319993 -86.65059067195665 -32.17497429851804
 9 7 52763.189244053675 -87.45601083073375 -2.2722162050860612
 9 8 52673.6805464515 -86.80276711648796 29.831639623705527
 9 9 52390.558618169765 -85.28499751654984 41.839913090466914
 9 10 51942.5062498637 -83.54236293992507 43.24887703279997
 9 11 51374.65868221695 -81.80066752698224 40.31992732530309
 9 12 50743.731107283114 -80.16284309381969 35.343312430862013
 9 13 50112.03443610374 -78.70125504964255 29.256363218268312
 9 14 49541.12895408134 -77.47873121062422 22.509349127554262
 9 15 49085.859653137835 -76.5512935310581 15.354723655216358
 9 16 48789.37069117049 -75.96491563881297 7.957682366000242
 9 17 48679.45455992849 -75.75054446796933 0.44407767644802964
 9 18 48766.35052264116 -75.91989161060708 -7.07586948530327
 9 19 49041.96668996307 -76.46368705288428 -14.49272813108955
 9 20 49480.493255669643 -77.35306799460413 -21.683452947129026
 10 1 49571.15708497298 -77.5412288294872 -26.31547213533297
 10 2 50272.477377877854 -79.05987650225846 -31.711501249811252
 10 3 50981.725495008424 -80.75464517746605 -35.860483720065055
 10 4 51628.866710941765 -82.5380747395444 -37.8256137867583
 10 5 52149.159193430474 -84.28605775832627 -35.606365348119744
 10 6 52490.03163944433 -85.75895369499752 -24.959729640981628
 10 7 52616.81225075255 -86.44802377593683 -1.6322454340406418
 10 8 52516.561909918855 -85.89402295292288 22.870372013717123
 10 9 52199.51399281222 -84.48073885103673 34.90210304352796
 10 10 51697.93524994829 -82.7490297557141 37.83796319861972
 10 11 51062.55449826267 -80.96214061777798 36.23115506983395
 10 12 50357.02224606129 -79.25199772074131 32.27792802771527
 10 13 49651.12385782828 -77.70855330489701 26.997976723046033
 10 14 49013.62021482983 -76.40726325462822 20.913666680812422
 10 15 48505.58224173039 -75.41444209392056 14.328314255690598
 10 16 48174.90088207774 -74.78434980230354 7.443989730372834
 10 17 48052.34476163733 -74.55354916127345 0.4157636881997199
 10 18 48149.23183353772 -74.73589487440913 -6.620293819183069
 10 19 48456.61856316428 -75.32041967032787 -13.5290790753289
 10 20 48945.9385083831 -76.27301687572562 -20.158917675318317
 11 1 49060.61876293747 -76.50087940809597 -24.454788370349032
 11 2 49833.907010165225 -78.09615651727171 -29.201683260178391
 11 3 50616.52626183648 -79.85692535942464 -32.567651463663153
 11 4 51331.08469149164 -81.67962510949293 -33.611573044837605
 11 5 51905.87897228556 -83.41832125156172 -30.537281216749352
 11 6 52282.59367686135 -84.81636807909102 -20.290246452130762
 11 7 52422.731190463404 -85.43323812246469 -1.2747144370773721
 11 8 52311.91787797539 -84.93968099372157 18.465085045691914
 11 9 51961.521946909015 -83.60758861723767 29.77184358702369
 11 10 51407.37345173058 -81.89249319295035 33.51077123759241
 11 11 50705.752102863305 -80.07080237697839 32.83617529893613
 11 12 49927.167962641906 -78.2968806319547 29.68337807819283
 11 13 49148.76044109985 -76.6773531348883 25.06666216931823
 11 14 48446.32141484168 -75.30068020906018 19.54135813509693
 11 15 47886.94113803488 -74.24414884343552 13.442913101035733
 11 16 47523.04827448559 -73.5709980250068 7.000212981078586
 11 17 47388.226798270225 -73.32392924420378 0.3912919275292925
 11 18 47494.80830488242 -73.51914957905471 -6.226684213553009
 11 19 47833.0492912213 -74.14382835145656 -12.6976163809876
 11 20 48371.77832850446 -75.15812274806544 -18.847186041517172
 12 1 48510.05505738491 -75.42304432727961 -22.84969583920711
 12 2 49353.40824294482 -77.09193401306695 -27.057621194680205
 12 3 50207.62872894786 -78.9140161054319 -29.803583205530571
 12 4 50988.10922166363 -80.77090448732056 -30.18673438224884
 12 5 51616.27716214894 -82.50015831311815 -26.659819645103311
 12 6 52028.12761331113 -83.8408183154896 -17.064216183956137
 12 7 52181.3654535298 -84.40986702000257 -1.0467001735354557
 12 8 52060.19178190525 -83.95592165964821 15.462386706412483
 12 9 51677.102375447873 -82.68486317575021 25.886048110031193
 12 10 51071.464813425154 -80.98523539746331 30.01267009396098
 12 11 50305.05871281635 -79.13364651198837 29.994474089136843
 12 12 49455.166524958 -77.30078854380137 27.470405898298235
 12 13 48606.14633703645 -75.60840223377035 23.402100861058485
 12 14 47840.63226789134 -74.15793020829018 18.351688530486207
 12 15 47231.504413778384 -73.03812620389148 12.672922051785276
 12 16 46835.496501968023 -72.3218308911793 6.61368236230472
 12 17 46688.82844109912 -72.05838988092911 0.369966474106364
 12 18 46804.77275424023 -72.26657033335813 -5.8838127739314
 12 19 47172.84374406508 -72.93151303274725 -11.974350832402802
 12 20 47759.43426173653 -74.00716088091154 -17.70948065542444
 13 1 47920.81710539871 -74.30732946213662 -21.455078158139485
 13 2 48832.120831783555 -76.04871255566196 -25.212239720601377
 13 3 49755.97393267039 -77.92998735879735 -27.463662669631322
 13 4 50600.71072814094 -79.81934800679375 -27.370625248036823
 13 5 51280.993101315005 -81.5421854312312 -23.627229180461583
 13 6 51727.18939634346 -82.83995100007455 -14.718213044064521
 13 7 51893.240422691764 -83.37598927857542 -0.8887935379494386
 13 8 51761.93315383773 -82.94922006726979 13.297743002342616
 13 9 51346.88218148122 -81.72334500379418 22.87002649824656
 13 10 50690.96207153425 -80.03512453295131 27.149612593969425
 13 11 49861.393541874524 -78.1550987620455 27.595176937994576
 13 12 48942.133268135745 -76.26548870098642 25.568578922839915
 13 13 48024.60772902587 -74.50150164100232 21.95705235902289
 13 14 47198.08477644835 -72.97736421442794 17.312983084078496
 13 15 46540.98060083384 -71.79369916222933 11.998538477043367
 13 16 46114.07585054229 -71.03354521654042 6.274626099614987
 13 17 45956.02660065873 -70.75340085547253 0.35125115171393483
 13 18 46080.965163588334 -70.9748061741936 -5.583021720675236
 13 19 46477.72812285776 -71.68070404822262 -11.34073304268518
 13 20 47110.461144022585 -72.81834021681236 -16.715670587886258
 14 1 47294.386019417004 -73.15262568276677 -20.235374679654388
 14 2 48271.306223572333 -74.9668945390825 -23.612654393757392
 14 3 49262.61838600618 -76.90714282160977 -25.466191238777803
 14 4 50169.77101001073 -78.82944341002235 -25.0277632772946
 14 5 50900.77511553908 -80.55028740809497 -21.206001064381826
 14 6 51380.44278628845 -81.81684244916453 -12.942891475773381
 14 7 51558.988928675615 -82.32959132081366 -0.7731012903205934
 14 8 51417.799259206665 -81.92193315532694 11.66941480827495
 14 9 50971.59706358696 -80.7288921055104 20.47630314939555
 14 10 50266.72897434877 -79.04689530487931 24.777127629148605
 14 11 49375.79069201419 -77.13771206574887 25.551915551962373
 14 12 48389.30437204933 -75.19158669681445 23.922386659497377
 14 13 47405.59970960312 -73.35570156863805 20.694273132171336
 14 14 46520.34933438538 -71.75682767253913 16.400332090342054
 14 15 45817.225965871104 -70.50783192763066 11.404227732928929
 14 16 45360.77140513006 -69.70255405650917 5.975391091770298
 14 17 45191.85582044705 -69.40517389515865 0.3347262887056908
 14 18 45325.38089738496 -69.6402278807212 -5.317531275319209
 14 19 45749.57735798748 -70.3882831182313 -10.782215057519533
 14 20 46426.55334960943 -71.58938563159248 -15.842067805086097
 15 1 46632.3786660696 -71.95723006229446 -19.162324896308163
 15 2 47672.35207828645 -73.84601930799518 -22.217009672435484
 15 3 48728.7375777855 -75.84647282082082 -23.747479791662502
 15 4 49696.28597567642 -77.80364049928065 -23.056878154996926
 15 5 50476.4827353263 -79.52748052352331 -19.237189105384132
 15 6 50988.66126987371 -80.77231156221049 -11.556717653268672
 15 7 51179.35305731819 -81.26857030026405 -0.6847957657884951
 15 8 51028.55698780867 -80.87443100303 10.40345329080555
 15 9 50552.09368660873 -79.70443927495185 18.538980304438663
 15 10 49799.742945539815 -78.02314085035746 22.788071356839296
 15 11 48849.402549330196 -76.08265630170406 23.797571052354864
 15 12 47798.04124923822 -74.0787832173009 22.4879391346182
 15 13 46750.71190162565 -72.16943341616371 19.58417117133783
 15 14 45809.24172265522 -70.49371774286884 15.593932964205466
 15 15 45062.25281721373 -69.17713916608862 10.877648514198654
 15 16 44577.732329247555 -68.32497230384278 5.709901640015681
 15 17 44398.51794340323 -68.00963945583091 0.3200588089499254
 15 18 44540.180062056286 -68.25891169765036 -5.081959376940026
 15 19 44990.42355370492 -69.05079060167463 -10.287240513207305
 15 20 45709.55194953457 -70.31758848057189 -15.069841886059786
 16 1 45936.55429580209 -70.71892579205725 -18.213277407481562
 16 2 47036.777491124485 -72.68492688206466 -20.99198107190507
 16 3 48155.63004934212 -74.74796688002594 -22.25770750174213
 16 4 49181.36886784707 -76.74294871030584 -21.38191952123014
 16 5 50009.08934314035 -78.47497106250259 -17.610518296265212
 16 6 50552.73037161419 -79.70593830946281 -10.446966116949504
 16 7 50755.18634362654 -80.19072633992288 -0.6152672053500018
 16 8 50595.08514031701 -79.80600525023509 9.393177669495612
 16 9 50089.332277282665 -78.6511068167414 16.944344743446642
 16 10 49291.0982274374 -76.964957207061 21.102551772035791
 16 11 48283.50374516174 -74.99005551158042 22.27981285499941
 16 12 47169.83561707958 -72.92605098571404 21.23033866990465
 16 13 46061.674911534675 -70.94059746714662 18.60303895977752
 16 14 45066.73109768306 -69.18501719298513 14.877881810368669
 16 15 44278.23895144264 -67.7978870391504 10.408883874362859
 16 16 43767.28238887575 -66.89659961631237 5.473275738203687
 16 17 43578.39306289093 -66.5624234751007 0.3069810936827993
 16 18 43727.6981180401 -66.82662094709278 -4.8719814295343795
 16 19 44202.46558755031 -67.66442370928041 -9.846523111615836
 16 20 44961.452881445686 -68.99983569611305 -14.383867787601684
 17 1 45208.822119060045 -69.43503335975993 -17.369922224570252
 17 2 46366.238998438064 -71.48186909915123 -19.91084905884627
 17 3 47544.72211888716 -73.61082697046506 -20.95765883912371
 17 4 48626.25403515774 -75.64732602473389 -19.945262519773383
 17 5 49499.685300346354 -77.39276537099735 -16.247829286161795
 17 6 50073.650407389934 -78.61654872003807 -9.54026015758903
 17 7 50287.45639524524 -79.09375055123455 -0.5591740200899333
 17 8 50118.377154257635 -78.71529139540758 8.569773501839517
 17 9 49584.389693751116 -77.56882703245122 15.612577789990965
 17 10 48742.00956135638 -75.87235855557496 19.660412363834375
 17 11 47679.495751136673 -73.8592173977105 20.957583770281992
 17 12 46506.31533605446 -71.73175523186909 20.12164610513223
 17 13 45340.36770917019 -69.66661967932865 17.731724892080304
 17 14 44294.94907588117 -67.82731236695204 14.2392836847991
 17 15 43467.538346360735 -66.36598767339531 9.989882235337836
 17 16 42931.93182598915 -65.41290216180877 5.2615480321646854
 17 17 42734.051862354725 -65.0588248443731 0.2952757540773043
 17 18 42890.45784963445 -65.33878685970296 -4.684084756587816
 17 19 43388.079971209735 -66.22502897300936 -9.452522689112255
 17 20 44184.416234846474 -67.63262430763498 -13.771879081980385
 18 1 44451.24992907684 -68.10244166061398 -16.617336836657084
 18 2 45662.53745803226 -70.23458366530248 -18.952028907900643
 18 3 46897.57333190399 -72.43361161721918 -19.81623010545936
 18 4 48032.301317147044 -74.51593161227456 -18.702767369909906
 18 5 48949.48161160816 -76.28002829167862 -15.09254218607608
 18 6 49552.539732293225 -77.50245941305538 -8.786918585019128
 18 7 49777.24799537529 -77.97521080878131 -0.5130267132791533
 18 8 49599.544321099005 -77.60047726447584 7.886967307728243
 18 9 49038.46302583603 -76.45670653308694 14.486351301410593
 18 10 48153.81647047669 -74.74454467350607 18.415827837211864
 18 11 47038.91218500552 -72.68878813086124 19.798420169754852
 18 12 45809.25110330879 -70.49373432485693 19.13932641332341
 18 13 44588.82603334933 -68.34448684327774 16.954631815180253
 18 14 43496.20001721116 -66.4168004083063 13.66759055941454
 18 15 42632.69319903847 -64.87698983598455 9.614045080192836
 18 16 42074.39067221424 -63.868994681158206 5.071466472855719
 18 17 41868.26942958813 -63.493794677106166 0.28476447290749845
 18 18 42031.18278224698 -63.79049003468822 -4.515388435434288
 18 19 42549.83307062236 -64.72809154515187 -9.09905906341544
 18 20 43380.77675459187 -66.2120662050449 -13.22383868980994
 19 1 43666.07387199584 -66.71762518177275 -15.943264109483339
 19 2 44927.62590013222 -68.94034199556818 -18.097951495202533
 19 3 46215.88272372376 -71.21433200455152 -18.808548264239032
 19 4 47401.00111770445 -73.34728964900079 -17.620233768878048
 19 5 48359.81419278857 -75.13529710255024 -14.102875958534677
 19 6 48990.63854298788 -76.3616049123877 -8.152170444134834
 19 7 49225.766743271145 -76.83253594022645 -0.47444937094385775
 19 8 49039.81955425395 -76.45940899321954 7.312545594901066
 19 9 48452.87379125397 -75.31323966568002 13.52360489138167
 19 10 47527.98821918269 -73.58007315748259 17.333463430414962
 19 11 46363.424912094254 -71.47685554708357 18.776436626735723
 19 12 45080.56409680064 -69.20935226733276 18.26506524442447
 19 13 43809.2519238906 -66.97076666016648 16.258958272603564
 19 14 42672.9726037947 -64.94928959080609 13.154103498286837
 19 15 41776.44738933189 -63.32606822667282 9.275918719029518
 19 16 41197.58356406564 -62.25962458757948 4.900340822671688
 19 17 40984.040597732644 -61.86191888058197 0.2752997015876393
 19 18 41152.812106652316 -62.176444201338256 -4.363509107952256
 19 19 41690.49476343511 -63.16872362367347 -8.781023505103498
 19 20 42553.055657299155 -64.73388677716699 -12.731466077750254
 20 1 42855.709460126825 -65.27665180919833 -15.337561784351996
 20 2 44163.61844846815 -67.5959785568515 -17.334209769474355
 20 3 45501.495987409674 -69.95051464191705 -17.91455659355673
 20 4 46733.98025044019 -72.13939472967388 -16.67085878136559
 20 5 47732.14881703887 -73.95660999451768 -13.247408198370167
 20 6 48389.31330342728 -75.19160375849293 -7.610985286924336
 20 7 48634.34329900287 -75.66299856112511 -0.44176842513817515
 20 8 48440.56177638704 -75.28964411603478 6.823417335632694
 20 9 47829.072801596084 -74.13643519081033 12.692876206811665
 20 10 46866.129531178215 -72.37696965194496 16.385744631433517
 20 11 45654.85103443195 -70.22101654744786 17.87081595174159
 20 12 44322.3346691167 -67.87553131406675 17.483866946760112
 20 13 43004.024477064114 -65.54161755319689 15.63411985251074
 20 14 41827.95279300129 -63.420195901356393 12.691594445329057
 20 15 40901.76141575843 -61.70801377695188 8.970960978986547
 20 16 40304.66607209969 -60.5791602242501 4.745928258934082
 20 17 40084.59680908421 -60.15740609489652 0.26675839577950694
 20 18 40258.5171193619 -60.49098438957489 -4.226459669335069
 20 19 40813.053576344325 -61.54165434406481 -8.49416042135801
 20 20 41703.97383691729 -63.19342044345222 -12.287878229169499
 21 1 42022.76391073338 -63.775184870554134 -14.791779571078228
 21 2 43372.80040993446 -66.19790731996763 -16.64890505342256
 21 3 44756.41364534454 -68.63924063613862 -17.117949464154897
 21 4 46033.0086472926 -70.88977835741346 -15.833404733414323
 21 5 47068.08682248297 -72.74158240310818 -12.502110364394925
 21 6 47750.061871695274 -73.98979064241415 -7.144904117452841
 21 7 48004.438308110184 -74.4636966371314 -0.41377112704712
 21 8 47803.26100334556 -74.08847550232879 6.402612469838813
 21 9 47168.6457806592 -72.92389065959946 11.970215240027843
 21 10 46169.9871567196 -71.13279711819011 15.55090406008625
 21 11 44915.16086532427 -68.91841953799539 17.06467594804597
 21 12 43536.81219005475 -66.48877068150783 16.783364464796964
 21 13 42175.71190989669 -64.05279198387855 15.071304656922665
 21 14 40964.03819383268 -61.824538744824124 12.274016028982464
 21 15 40011.82879555499 -60.017227600698255 8.695362570675716
 21 16 39399.04247909156 -58.8215859863483 4.606345923338224
 21 17 39173.42441077098 -58.37408377014955 0.25903722939654993
 21 18 39351.71910900281 -58.728062227538543 -4.102571830162334
 21 19 39920.73328687222 -59.841223780979404 -8.234900240312255
 21 20 40836.46650238883 -61.585605895524594 -11.887314236159034
 22 1 41170.049866960405 -62.20848256647576 -14.298831698670307
 22 2 42557.63962387251 -64.74212959635555 -16.032143526000442
 22 3 43982.80032524687 -67.2771686214776 -16.40536630533625
 22 4 45300.007028411586 -69.59554913681836 -15.090867771268417
 22 5 46369.371673331464 -71.4874505399154 -11.848328925991263
 22 6 47074.51941472322 -72.75322859786749 -6.74002670486583
 22 7 47337.648090890485 -73.23153381828918 -0.3895572812547045
 22 8 47129.544211050655 -72.85293823893541 6.037388348438219
 22 9 46473.319826250524 -71.67283420485508 11.337101206441977
 22 10 45441.4573863333 -69.84469762199771 14.811571322863998
 22 11 44146.486990210665 -67.56578945262943 16.344214827746991
 22 12 42726.42613119785 -65.04515584510243 16.153288444882207
 22 13 41327.08499567508 -62.499636500496116 14.563129195577334
 22 14 40084.35386487478 -60.15693869939417 11.896276793244644
 22 15 39110.09383574722 -58.24772173443639 8.445908863312217
 22 16 38484.38482659033 -56.9805077883186 4.480003317825268
 22 17 38254.28416216786 -56.5054060320895 0.2520488961965206
 22 18 38436.10850013388 -56.88125188052831 -3.990436257367941
 22 19 39017.01088504346 -58.0613842381233 -8.000230115368515
 22 20 39953.69923594998 -59.904983983059516 -11.524922000985441
 23 1 40300.600514046825 -60.57139784465552 -13.852741385464908
 23 2 41720.79914507738 -63.22423676428353 -15.475645857421426
 23 3 43182.995238975054 -65.86054647562582 -15.765777832322948
 23 4 44537.05563594739 -68.25341503988683 -14.429500691649016
 23 5 45637.89647380621 -70.19109372716545 -11.271384337312153
 23 6 46364.46520629388 -71.47870889720612 -6.385693217942465
 23 7 46635.71119001055 -71.9631986065343 -0.36844476976953133
 23 8 46421.182080408463 -71.57980599323778 5.717996149912497
 23 9 45744.970814331703 -70.3801454262583 10.77900737342909
 23 10 44682.59461347712 -68.50941547541015 14.153744014765747
 23 11 43351.13451340893 -66.15944078169038 15.698062578366871
 23 12 41893.79847101777 -63.540362049017474 15.585056209545725
 23 13 40461.13189337845 -60.877091581441355 14.10336996868476
 23 14 39192.26945383819 -58.411620588771803 11.554065545400896
 23 15 38200.27055641721 -56.39313052446727 8.219871878788135
 23 16 37564.65288195875 -55.04917332631581 4.365549506078489
 23 17 37331.23154864472 -54.54447804891429 0.24571922202161708
 23 18 37515.66489502989 -54.94377113432742 -3.8888558268258472
 23 19 38105.63565922028 -56.19571276086737 -7.787592902098707
 23 20 39059.08537703531 -58.14570156714853 -11.196591540672593
 24 1 39417.6860358457 -58.85838197185401 -13.448439901851494
 24 2 40865.151303857084 -61.63941104041003 -14.972442484534824
 24 3 42359.52395292823 -64.38521577380719 -15.190015308757362
 24 4 43746.40413538486 -66.85969349869917 -13.838088232592682
 24 5 44875.71254002113 -68.84904277087976 -10.759581229220819
 24 6 45621.83041142948 -70.16274306789168 -6.073596934442051
 24 7 45900.51587835203 -70.65514247180074 -0.34990739794174846
 24 8 45680.09672310694 -70.26558061524142 5.436854394600379
 24 9 44985.63185046762 -69.0423625742913 10.284393368426821
 24 10 43895.621050403155 -67.12330773497297 13.56602844472998
 24 11 42531.59258249002 -64.69528272223693 15.116785004413797
 24 12 41041.75747151876 -61.96965522611812 15.07145136051824
 24 13 39581.074331009906 -59.179694479472004 13.686752505319797
 24 14 38291.41748281398 -56.58242572447453 11.243712930633198
 24 15 37286.36236785638 -54.446737451204555 8.014925135474021
 24 16 36644.11444375785 -53.020512740907925 4.26183149160251
 24 17 36408.63723857343 -52.48410284723029 0.2399848886137623
 24 18 36594.677414958925 -52.9085232980012 -3.7968087724661483
 24 19 37190.64898347888 -54.23743977233305 -7.59480750793558
 24 20 38156.304513627124 -56.301525297456976 -10.89882360331047
 25 1 38524.831254880125 -57.06349552148331 -13.081607392219786
 25 2 39993.79313614743 -59.982427438381556 -14.51663407421395
 25 3 41515.1115186784 -62.84661229201776 -14.670406767421335
 25 4 42930.482783430605 -65.41031351193303 -13.307403887612715
 25 5 44085.03913762731 -67.45747912521828 -10.303497363299542
 25 6 44848.70696601485 -68.8015497797673 -5.797172607116273
 25 7 45134.108735643545 -69.30355712255609 -0.3335328581730661
 25 8 44908.37049711318 -68.90647732499983 5.187981384973903
 25 9 44197.5028767363 -67.65568071899517 9.843985114833524
 25 10 43082.93769803445 -65.68234636434849 13.039073110208015
 25 11 41690.547264302054 -63.168819833623246 14.592501548614816
 25 12 40173.35283165947 -60.32789344842126 14.606372281618953
 25 13 38690.38500830375 -57.40158868377101 13.308784342125925
 25 14 37385.712417533533 -54.66283798722082 10.962081482550431
 25 15 36372.681854440685 -52.401523303716885 7.82907594950295
 25 16 35727.36508480397 -50.88720658585467 4.167861126153259
 25 17 35491.20667262726 -50.31685788358647 0.23479162402079697
 25 18 35677.76441796167 -50.76816691453205 -3.713419388140372
 25 19 36276.40412557806 -52.17949988428418 -7.4200055685939485
 25 20 37249.32168749521 -54.365870127315155 -10.628625292194803
 26 1 37625.834152450865 -55.18043119489697 -12.748545886018006
 26 2 39110.06309929354 -58.247660325442986 -14.103201924228628
 26 3 40652.696996992184 -61.23976562995719 -14.200493722778488
 26 4 42091.91494828511 -63.900813076499865 -12.829798527752839
 26 5 43268.274490683405 -66.01222821328506 -9.895464880565523
 26 6 44047.35766290106 -67.3910385119993 -5.551165783846009
 26 7 44338.704406225384 -67.90435126871792 -0.31899360412989835
 26 8 44108.256023389905 -67.49840713668826 4.966596849024992
 26 9 43382.961540709235 -66.215944192423 9.450251911509827
 26 10 42247.1366592336 -64.18211541427952 12.565141372357562
 26 11 40830.89581465817 -61.5751512734113 14.118588464338982
 26 12 39291.87215165159 -58.609532242448764 14.184633351744143
 26 13 37792.80594727393 -55.53654426967619 12.96562185984597
 26 14 36479.36992862772 -52.646029433268616 10.706477648860728
 26 15 35463.86968305311 -50.25024287238085 7.660611204470756
 26 16 34819.34601221578 -48.64178935924417 4.08278859609066
 26 17 34583.99731937277 -48.03521004437434 0.23009275272378493
 26 18 34769.89124295239 -48.51522162249002 -3.6379345533081646
 26 19 35367.585047843043 -50.014612207130355 -7.261580719750905
 26 20 36342.40667722399 -52.331848433370815 -10.383426532476307
 27 1 36724.78476022256 -53.20255380701754 -12.44607731032631
 27 2 38217.55887506684 -56.429098510412 -13.727856877407925
 27 3 39775.44935138808 -59.55930110421132 -13.774808887055192
 27 4 41233.531042425915 -62.326334859861674 -12.398885709563624
 27 5 42428.00815716043 -64.50874955407347 -9.529186392503455
 27 6 43220.22755272736 -65.92679153901759 -5.331323727098808
 27 7 43516.6966493956 -66.453127398896 -0.3060262354519338
 27 8 43282.18751280255 -66.03695788646147 4.768836848811405
 27 9 42544.57542424045 -64.71863587544729 9.097020990362642
 27 10 41391.01486162282 -62.61780612340128 12.137785746700573
 27 11 39955.762331507605 -59.90897171365145 13.6894464798078
 27 12 38400.85853658498 -56.80863757636945 13.80180675271174
 27 13 36892.36732651814 -53.57799427667527 12.653963404585584
 27 14 35576.92544221896 -50.52493227523229 10.474580919666378
 27 15 34564.911216821 -47.985538598134134 7.508053608244372
 27 16 33925.358188978963 -46.27679806973978 4.005881030400594
 27 17 33692.43155743128 -45.63167890595086 0.22584802583395574
 27 18 33876.38408712793 -46.14221971830983 -3.5697047931948566
 27 19 34469.22272249112 -47.73539875369553 -7.118147676021027
 27 20 35440.152397135076 -50.192346793367775 -10.161012760861245
 28 1 35826.08363614636 -51.12296384609848 -12.171461066707804
 28 2 37320.15589898011 -54.52037354875514 -13.386918143803737
 28 3 38886.78460069761 -57.79944741678666 -13.388700463207678
 28 4 40358.38388439204 -60.681622991719663 -12.00929862988025
 28 5 41567.034844991256 -62.94212607317118 -9.199447089702158
 28 6 42369.95675638553 -64.40404570616819 -5.134169781220802
 28 7 42670.67078557292 -64.94515934382974 -0.2944166272256171
 28 8 42432.79350155337 -64.51737521245226 4.591546160085925
 28 9 41685.11570999415 -63.15886562485846 8.779189495476864
 28 10 40517.58921596371 -60.984212765576245 11.751597167399392
 28 11 39068.51470127484 -58.164577344278704 13.300317563666479
 28 12 37504.1290163157 -54.918911033104116 13.45409575693743
 28 13 35993.406072278994 -51.51909330348867 12.370962965606363
 28 14 34683.25067076054 -48.29234529201112 10.264386374988307
 28 15 33681.14886515364 -45.60010069362158 7.370126187449583
 28 16 33051.07020916998 -43.78497608229958 3.936505133288717
 28 17 32822.302453574855 -43.099058682359824 0.22202267138738157
 28 18 33002.937463204405 -43.64191370665882 -3.5081689021805564
 28 19 33586.706918254305 -45.33455057650139 -6.988509014131591
 28 20 34547.49102606401 -47.94013868084383 -9.959470346997104
 29 1 34934.45877028328 -48.93459217648789 -11.922327029733369
 29 2 36422.02603013239 -52.514806902410825 -13.077215509634902
 29 3 37990.3839934698 -55.95405420577694 -13.038192268071663
 29 4 39469.76543734926 -58.96102410906099 -11.656500704413967
 29 5 40688.369704522556 -61.307055025796344 -8.901896208098174
 29 6 41499.39476241723 -62.81767561800429 -4.956836101385413
 29 7 41803.41762231679 -63.37537173148212 -0.28398902019172855
 29 8 41562.911070811263 -62.934545015794704 4.432124677734057
 29 9 40807.5723279691 -61.53136018213436 8.492506534644853
 29 10 39630.11317216953 -59.27573228973587 11.402010146285162
 29 11 38172.782630111534 -56.3358809288445 12.947139362964762
 29 12 36605.793247694426 -52.93373259804221 13.138232596166489
 29 13 35100.58313065273 -49.35280565786278 12.114160046483578
 29 14 33803.56630175095 -45.941083781187785 10.074157844394497
 29 15 32818.28754030317 -43.08688379335294 7.245723307367598
 29 16 32202.516667009156 -41.159542336687074 3.874113007187881
 29 17 31979.768924232797 -40.430708784278465 0.21858661916027755
 29 18 32155.611924527041 -41.00754990621339 -3.452841392027852
 29 19 32725.790740286254 -42.805051738597015 -6.871628059665646
 29 20 33669.7059474073 -45.56804235453729 -9.777142086028702
 30 1 34054.9792976996 -46.630334535755935 -11.696620788878258
 30 2 35527.65547354653 -50.40548268734387 -12.796009959960147
 30 3 37090.212787927885 -54.01662441044399 -12.719871625971248
 30 4 38571.22476918726 -57.1584963005533 -11.336636670626401
 30 5 39795.265071796144 -59.597843274408056 -8.632879268306814
 30 6 40611.616241191004 -61.16218020271384 -4.796937906593526
 30 7 40917.94890903077 -61.73832287761322 -0.274597894009546
 30 8 40675.60158611638 -61.28297928686628 4.288412163510991
 30 9 39915.17056612158 -59.8304572097826 8.233406333748794
 30 10 38732.094538407494 -57.48637127798439 11.0851500230194
 30 11 37272.476383912726 -54.41644066517235 12.626428767114186
 30 12 35710.27168004056 -50.8462275625469 12.85139565710987
 30 13 34218.897897836555 -47.07203150749298 11.881422383294623
 30 14 32943.44840133599 -43.46418277283712 9.902389522994303
 30 15 31982.3898440476 -40.43938968770794 7.133886903178682
 30 16 31386.082961788997 -38.39453428880798 3.8182305265885734
 30 17 31171.33596192238 -37.620920577704104 0.21551386507260125
 30 18 31340.81794572214 -38.23321631730335 -3.403302198831316
 30 19 31892.58444891554 -40.140470561697064 -6.766606649127418
 30 20 32812.43694287826 -43.06913372296407 -9.6125907192261
 31 1 33193.06382194446 -44.20323522330625 -11.492558678889031
 31 2 34641.86067279534 -48.18535387543473 -12.540928898500535
 31 3 36190.53897505976 -51.98036739717184 -12.430798945899106
 31 4 37666.586929992445 -55.26763034343278 -11.046414601839519
 31 5 38891.22854336039 -57.80841021221084 -8.389307948728474
 31 6 39709.9383411343 -59.43167513814156 -4.652477742661319
 31 7 40017.5143111697 -60.028193222429784 -0.2661218298662718
 31 8 39774.16792742388 -59.55680770878741 4.158600642690802
 31 9 39011.389039882415 -58.05010663772978 7.998879141808327
 31 10 37827.31428824344 -55.60976446488751 10.797712218334098
 31 11 36371.805628899324 -52.39950858853154 12.335188160906503
 31 12 34822.31199045974 -48.649365182122 12.591141976905714
 31 13 33353.69773269997 -44.669780310099696 11.670898926224277
 31 14 32108.825381871796 -40.85516291508466 9.74777437640894
 31 15 31179.85683906254 -37.652023456557195 7.033786906530287
 31 16 30608.471743287012 -35.48522874730204 3.768447768547489
 31 17 30403.814904506944 -34.66536287480589 0.21278194820144144
 31 18 30565.281115064266 -35.31426860376304 -3.3591882113419546
 31 19 31093.534313876058 -37.335325106804624 -6.67266681774628
 31 20 31981.675361409787 -40.437023461037014 -9.464568902378037
 32 1 32354.480486095006 -41.64672938744949 -11.308590690301532
 32 2 33769.80039444801 -45.847390805211453 -12.309913017127728
 32 3 35295.95095390073 -49.83827992881388 -12.16843435298063
 32 4 36759.97223407738 -53.28168858471444 -10.783011711640732
 32 5 37980.042125983003 -55.932302395871843 -8.168558179401332
 32 6 38797.93933104311 -57.619894333532705 -4.521771746479477
 32 7 39105.619805051814 -58.23878214325817 -0.25845881737757425
 32 8 38862.17308189157 -57.74977815895527 4.041167030986886
 32 9 38099.97878385655 -56.18388325957939 7.786370358824176
 32 10 36919.84588282135 -53.63920999394101 10.536866045367017
 32 11 35475.2974529495 -50.27810537892308 12.070829483505465
 32 12 33947.00212068541 -46.336097765837244 12.355351932316763
 32 13 32510.679826709194 -42.13940098577889 11.48098107710971
 32 14 31305.96164129982 -38.108366584509425 9.609178036482533
 32 15 30417.38958744509 -34.72052550250979 6.944705076534791
 32 16 29876.645703592133 -32.42863725958709 3.7244111155225643
 32 17 29684.258326815586 -31.561600009443303 0.2103715194283934
 32 18 29835.98331525689 -32.24783028680579 -3.320186280520073
 32 19 30335.381606431263 -34.38552466667983 -6.589135673906935
 32 20 31183.74524269348 -37.666205481309084 -9.33199439145951
 33 1 31545.335209937562 -38.954952028748934 -11.143369767741072
 33 2 32916.98162770933 -43.384781400867865 -12.10117252479464
 33 3 34411.37274316622 -47.58326319394931 -11.930577829086648
 33 4 35855.81514970893 -51.19366794506338 -10.5439986257661
 33 5 37065.7820098989 -53.96272493269128 -7.968389629332736
 33 6 37879.478304477794 -55.72020456369194 -4.403392253668472
 33 7 38186.047261536645 -56.36351686582036 -0.2515226250590075
 33 8 37943.45982677248 -55.855270128585544 3.9348207627693634
 33 9 37184.98304172516 -54.22501548608298 7.593701000203344
 33 10 36014.07436417598 -51.567727697789933 10.300177532870592
 33 11 34587.812242088075 -48.04512958669387 11.831112362736269
 33 12 33089.77766902 -43.89954954017145 12.142183712170024
 33 13 31695.881994722367 -39.47487730375579 11.31027061371688
 33 14 30541.423312117902 -35.219367585247404 9.485617170816202
 33 15 29701.92625474141 -31.642473738590766 6.866021615886654
 33 16 29197.741420165595 -29.224061123831901 3.685816729856982
 33 17 29019.864325687627 -28.309663434908067 0.2082659853197474
 33 18 29160.074606108231 -29.033351394466421 -3.286027444246604
 33 19 29625.09649301097 -31.288880341691697 -6.515432881505752
 33 20 30425.265726354147 -34.75247921338439 -9.213929481677699
 34 1 30772.04382617162 -36.123118529767594 -10.99572632244298
 34 2 32089.256242493825 -40.79119215746576 -11.913150945966303
 34 3 33542.07478381239 -45.20828503158242 -11.715320129429413
 34 4 34958.88162441147 -48.99639473148405 -10.327278108111749
 34 5 36152.838246147075 -51.892595829021345 -7.786881578067855
 34 6 36958.7154527988 -53.72563844632935 -4.296122695079727
 34 7 37262.87479679032 -54.39547827264405 -0.24523996427907096
 34 8 37022.17102448774 -53.86632616990011 3.8384626810654673
 34 9 36270.75707154586 -52.1664363147519 7.419004461277865
 34 10 35114.7141158744 -49.38814789965383 10.085547091372801
 34 11 33714.55557667083 -45.6935102790802 11.614093454764474
 34 12 32256.420724612828 -41.33326451448532 11.950035691300483
 34 13 30915.65825129298 -36.67119409791506 11.157553067285912
 34 14 29822.02112923373 -32.185450456361614 9.376241525308277
 34 15 29040.54974953227 -28.417837927947495 6.797204084728833
 34 16 28578.94977853106 -25.87367536986135 3.6524051636120247
 34 17 28417.846095437897 -24.912640807056565 0.20645121435877403
 34 18 28544.75140666527 -25.67319381228912 -3.2564821581188776
 34 19 28969.78184785736 -28.045665000180203 -6.451060294892297
 34 20 29713.089705468362 -31.69344020517489 -9.10956394082636
 35 1 30041.28333957274 -33.147975394963303 -10.86464703154016
 35 2 31292.804639601123 -38.06109711541012 -11.744495081911959
 35 3 32693.677757241166 -42.70659685346801 -11.521002354370776
 35 4 34074.28319425023 -46.68266007555509 -10.131035189810595
 35 5 35245.93325027017 -49.714630778988613 -7.622381456386189
 35 6 36040.13212568214 -51.628952211706575 -4.198921838169696
 35 7 36340.49720462508 -52.327449653884144 -0.23954825235095544
 35 8 36102.76976936347 -51.775707736523244 3.7511524791020924
 35 9 35361.9869363178 -50.00086384795488 7.260675857277375
 35 10 34226.823724395115 -47.09323940045751 9.891158861856825
 35 11 32861.08369896735 -43.21641262374268 11.418084766803535
 35 12 31453.04652138597 -38.631521103366154 11.777515228832833
 35 13 30176.634482108587 -33.72477440846803 11.021775578912758
 35 14 29154.725482571466 -29.00614428671674 9.280319006220537
 35 15 28440.361920718703 -25.049552051288404 6.737798227268048
 35 16 28027.360494185148 -22.38309228406902 3.623956917463517
 35 17 27885.26508768564 -21.37722707571273 0.2049152953859391
 35 18 27997.098648079154 -22.173192654585005 -3.231356367541918
 35 19 28376.543178546417 -24.65918635654086 -6.395593386784887
 35 20 29054.213842931512 -28.48902176892557 -9.018200836530104
 36 1 29359.917414502087 -30.028310247189395 -10.74925718803721
 36 2 30534.101988129186 -35.1901779738727 -11.594030023857357
 36 3 31872.146141271125 -40.07201408759011 -11.346182520801017
 36 4 33207.485637186626 -44.245405601393365 -9.953696363729085
 36 5 34350.137591054794 -47.42146711990797 -7.4734632730137144
 36 6 35128.54951444325 -49.42271606264229 -4.110895209635464
 36 7 35423.64542962863 -50.15199580978624 -0.2343938330921361
 36 8 35190.058247997105 -49.575983135469193 3.672082704848933
 36 9 34463.70579819847 -47.72091996160695 7.117331155724404
 36 10 33355.815802330464 -44.67588619364726 9.715439331724427
 36 11 32033.299410032144 -40.60750550223632 11.241619231136143
 36 12 30686.073624788827 -35.78971771086218 11.623412725250578
 36 13 29485.639308584366 -30.633978739642756 10.902028461613131
 36 14 28546.549564631495 -25.683781027651324 9.19722329893177
 36 15 27908.32258613059 -21.544052056104803 6.687420406310845
 36 16 27549.771663234005 -18.761836187107228 3.600288801635455
 36 17 27428.82991989567 -17.714163769219577 0.2036483402529685
 36 18 27523.897073900527 -18.543124185941454 -3.210488291094406
 36 19 27852.323271056116 -21.136318193053234 -6.348674184544631
 36 20 28455.656071308185 -25.14205488407429 -8.939244780873066
 37 1 28734.891745689365 -26.765496735101311 -10.648806015319082
 37 2 29819.862240770202 -32.175791401827424 -11.460738336567838
 37 3 31083.767515291725 -37.299266584713926 -11.18960783322006
 37 4 32364.30924582966 -41.67796896184025 -9.793896040199499
 37 5 33470.880945607445 -45.005836665592234 -7.338893822856365
 37 6 34229.14429897936 -47.09944621293517 -4.031272091365398
 37 7 34517.40357676783 -47.86158127390767 -0.22973055033544703
 37 8 34289.19368720504 -47.25965661535324 3.600557852930067
 37 9 33581.305669376895 -45.319296769299945 6.987774001758218
 37 10 32507.45896133735 -42.12932265288416 9.557023358331586
 37 11 31237.434535134205 -37.86129825846948 11.083422173164623
 37 12 29962.172895488045 -32.804827067048364 11.486680014341893
 37 13 28849.6056416581 -27.399644963994095 10.79752985247445
 37 14 28004.398466100403 -22.224030733660782 9.12642362341372
 37 15 27451.055313855853 -17.911708727887962 6.645751404315875
 37 16 27152.47009785532 -15.023647214023324 3.5812509830122443
 37 17 27054.668434258011 -13.938481042020687 0.2026423244062262
 37 18 27131.40177914944 -14.796997306543261 -3.193745812759424
 37 19 27403.703984901185 -17.487917457898742 -6.310005489549705
 37 20 27924.298847271165 -21.658795716537031 -8.872192213539485
 38 1 28173.09649025599 -23.364033550648457 -10.562654478434292
 38 2 29156.955179078446 -29.017488913656247 -11.343742710447662
 38 3 30335.11302478587 -34.38442056561491 -11.050191628706147
 38 4 31550.91705551865 -38.97439758190486 -9.650448862037361
 38 5 32613.95541711344 -42.46079747227203 -7.217605071553894
 38 6 33347.45898625123 -44.651788660596025 -3.959386882353575
 38 7 33627.22137048102 -45.44873755777346 -0.22551859643323501
 38 8 33405.69915683551 -44.8193486206819 3.5359774373998242
 38 9 32720.54189711212 -42.78898098191908 6.8709686384109085
 38 10 31687.86838466072 -39.44743591333694 9.414726158066285
 38 11 30480.014459745063 -34.973549369184524 10.94238760399507
 38 12 29288.190418108446 -29.675907179169463 11.3664123547904
 38 13 28275.439732274426 -24.025631463034816 10.707612963598033
 38 14 27534.88533219644 -18.636348762720384 9.067476308232477
 38 15 27074.62683417387 -14.167073960949049 6.61253140030124
 38 16 26840.994013526044 -11.186529295455188 3.566724627639297
 38 17 26768.08632506386 -10.069458930370496 0.2018909604929791
 38 18 26825.103939541575 -10.953083940511485 -3.1810244028278926
 38 19 27036.68273242938 -13.729044554964172 -6.2793462019357404
 38 20 27466.69992251204 -18.04935304732825 -8.816623422258857
 39 1 27681.195687602583 -19.832019398332736 -10.490265218688013
 39 2 28552.29255550969 -25.717560379960183 -11.242291521641345
 39 3 29632.974107649675 -31.325365574004795 -10.92699418257259
 39 4 30773.78665668059 -36.12983557126535 -9.522326782657634
 39 5 31785.507651975112 -39.780033740752564 -7.1086714821614425
 39 6 32489.403946429723 -42.072764982242134 -3.8946639113914076
 39 7 32758.91927733445 -42.90628985255632 -0.22172357701527992
 39 8 32545.466277404695 -42.24803753984545 3.477822207665824
 39 9 31887.52690368264 -40.12354559756767 6.766017695568605
 39 10 30903.480724483684 -36.62514119217295 9.287520135602273
 39 11 29767.799852854517 -31.941742387246964 10.817558490853813
 39 12 28671.040218779973 -26.404643156756637 11.261833434570274
 39 13 27769.857020799921 -20.51930870943596 10.631715539414648
 39 14 27144.120246772916 -14.934257410339285 9.02001793055597
 39 15 26784.312691038841 -10.328859769036548 6.587555973081475
 39 16 26619.895458601946 -7.272472596482155 3.5566200682990625
 39 17 26573.33140935965 -6.130245349178781 0.20138960121353702
 39 18 26609.493480981844 -7.033619955734046 -3.1722455054434153
 39 19 26756.43696427703 -9.878907035632212 -6.256507611533765
 39 20 27088.877148493207 -14.327936599863905 -8.772196061799843
 40 1 27265.427637797725 -16.181491453761513 -10.431194313911728
 40 2 28012.681261517904 -22.28155542723671 -11.155746851875582
 40 3 28984.270823330982 -28.12234806205687 -10.8192067276739
 40 4 30039.660694420515 -33.14098248311651 -9.408640045403706
 40 5 30992.01543395883 -36.95823027836594 -7.011291328070962
 40 6 31661.24736155496 -39.35608932343145 -3.8366050007689125
 40 7 31918.68271973827 -40.227653011513325 -0.2183157473308114
 40 8 31714.746091584533 -39.53937227260646 3.4256428677345014
 40 9 31088.708933308906 -37.31751585412353 6.672143899521623
 40 10 30161.00847610014 -33.658830038494244 9.174515670005604
 40 11 29107.700801981944 -28.765613388088883 10.708110332381306
 40 12 28117.564221658125 -22.995877709889864 11.172282918912842
 40 13 27339.187881530353 -16.89192926491496 10.569371207359467
 40 14 26837.48294023613 -11.13538270724244 8.983759823052686
 40 15 26584.36719500039 -6.4195884716745554 6.570673015186711
 40 16 26492.52427683667 -5.0 3.550875443895752
 40 17 26473.386368253632 -5.0 0.2011351685867907
 40 18 26487.844715741037 -5.0 -3.167355345889309
 40 19 26567.09534054599 -5.960468372892017 -6.241350547644485
 40 20 26796.079354759654 -10.512847803468848 -8.738639983614448
 41 1 26931.385281498696 -12.42854907861007 -10.385084628447812
 41 2 27544.644568126095 -18.718720306456564 -11.083574609668302
 41 3 28395.92821073321 -24.77851791363508 -10.726138171175437
 41 4 29355.471034401485 -30.006612685724757 -9.308621383181107
 41 5 30240.24380990644 -33.991522375115835 -6.924771246965092
 41 6 30869.588527243933 -36.49656251690228 -3.784779241700044
 41 7 31113.041004647646 -37.407204132239485 -0.21526938591745595
 41 8 30920.123577064274 -36.68806186031316 3.3790508061806616
 41 9 30330.8309051527 -34.36681118154479 6.588674965120124
 41 10 29467.368768597756 -30.546882204603985 9.074945160880056
 41 11 28506.65947977815 -25.447699403772386 10.613337502382063
 41 12 27634.359746674625 -19.4580711121436 11.097206166612848
 41 13 26989.16126101575 -13.15879832295888 10.520202473349261
 41 14 26619.3958112833 -7.261181774218732 8.95848379263498
 41 15 26477.81946839927 -5.0 6.561780470264024
 41 16 26460.85680648929 5.0 3.5494557719073043
 41 17 26469.81310701272 5.0 0.2011261076065807
 41 18 26462.048165711617 5.0 -3.166324123629202
 41 19 26471.537714938735 -5.0 -6.233783307049286
 41 20 26592.560637403923 -6.626152268002658 -8.715753230286543
 42 1 26683.791002998375 -8.593193080910611 -10.351660567722407
 42 2 27154.216838109856 -15.04227570515221 -11.025336467224694
 42 3 27874.719318076993 -21.300436899006847 -10.64720409649857
 42 4 28728.23213999009 -26.728130321422266 -9.22161289841693
 42 5 29537.175524275917 -30.8780127700904 -6.848513451512917
 42 6 30121.309342626944 -33.49054298232694 -3.738814562930543
 42 7 30348.82590218582 -34.4407337631111 -0.2125622791260509
 42 8 30168.470653866883 -33.690342354516424 3.3377104548730534
 42 9 29620.86413543966 -31.26925615917159 6.515031092699627
 42 10 28829.5819399242 -27.290218621138343 8.988149782633602
 42 11 27971.4994425219 -21.99386016625531 10.532641933777054
 42 12 27227.578968311154 -15.803617942962314 11.036145815299557
 42 13 26724.67959189181 -9.339172299332773 10.483915166509574
 42 14 26493.117787521776 -5.0 8.944038933027937
 42 15 26466.31792019853 5.0 6.5608248312271895
 42 16 26525.389818507173 5.0 3.5523524279001175
 42 17 26562.66786690504 5.836903001183114 0.20136236298236953
 42 18 26532.508819710757 5.0 -3.169145568452594
 42 19 26471.246163435513 5.0 -6.233760302735457
 42 20 26481.379090396807 -5.0 -8.703399084368668
 43 1 26526.28479528489 -5.0 -10.330724094878068
 43 2 26846.72230378701 -11.269459093933568 -10.980683386817244
 43 3 27427.07705965205 -17.698481950424817 -10.581917721404304
 43 4 28164.9007779854 -23.310117875008405 -9.147055194038936
 43 5 28889.910892925036 -27.618334141687714 -6.782005136520317
 43 6 29423.49861844712 -30.33648392500412 -3.6983907657081744
 43 7 29633.104443710126 -31.32596877959209 -0.21017529591066294
 43 8 29466.87229838867 -30.544511207275267 3.301332978427028
 43 9 28965.911950295383 -28.025140687422542 6.450714615103142
 43 10 28254.636650928085 -23.892856355023162 8.913568508470702
 43 11 27508.742924362883 -18.413708750591883 10.465523800970121
 43 12 26902.70983183134 -12.048943471199587 10.988734998204094
 43 13 26549.603139159687 -5.455835907010303 10.460294181880387
 43 14 26460.58080055785 5.0 8.940339444957942
 43 15 26550.041943498075 5.4690695514214624 6.56780035808704
 43 16 26685.113266936325 8.618349640766832 3.559583017661147
 43 17 26750.498124738292 9.78029561513456 0.20184537831412435
 43 18 26698.123891432987 8.861995703739414 -3.1758368473894633
 43 19 26566.225237871105 5.936389906452056 -6.2412813963181434
 43 20 26464.241702277 5.0 -8.70150409174057
 44 1 26461.24699148872 -5.0 -10.322151903367113
 44 2 26626.55368620481 -7.421268864096296 -10.94935055980151
 44 3 27058.88175057934 -13.987066175751258 -10.529882550587955
 44 4 27672.202009788885 -19.760818509224272 -9.084478413871759
 44 5 28305.53356101771 -24.216218657677497 -6.724809718671758
 44 6 28783.344335371028 -27.03551198718428 -3.663233768634582
 44 7 28973.08075728663 -28.06314674116188 -0.20809203677779736
 44 8 28822.520823223327 -27.251505333367887 3.2696710606529526
 44 9 28373.079394010354 -24.637792995287657 6.395301435709623
 44 10 27749.32091826716 -20.362408398850302 8.85072905546229
 44 11 27124.401993740746 -14.720875043147354 10.411573928666373
 44 12 26664.35319943417 -8.21431268431404 10.954692006165137
 44 13 26466.56473229128 -5.0 10.44920040754962
 44 14 26522.28809886814 5.0 8.947363405844229
 44 15 26727.692148287915 9.391738335776292 6.582748994258382
 44 16 26937.565443752202 12.508790727342424 3.571191638414898
 44 17 27030.421690987797 13.655343628663472 0.2025781176784193
 44 18 26956.343014074653 12.749362856705584 -3.1864388198178703
 44 19 26755.00171776115 9.855168336084727 -6.256391896018063
 44 20 26541.41391871459 5.202638169235747 -8.710057006718108
 45 1 26489.675605408552 5.0 -10.325893671348371
 45 2 26496.970350939584 -5.0 -10.931153623092037
 45 3 26775.23652651236 -10.18460253271993 -10.490786516420757
 45 4 27256.425601591294 -16.092477667136162 -9.033494921053878
 45 5 27790.941168036093 -20.679017438901553 -6.676559620693742
 45 6 28207.99054068826 -23.592004547041927 -3.633110860380629
 45 7 28375.962967761544 -24.655604306581903 -0.206298544242512
 45 8 28242.57486356761 -23.81548117100604 3.242514603998317
 45 9 27849.30765867385 -21.114110393544265 6.348433973263166
 45 10 27320.022423955811 -16.710455505113905 8.799240473705145
 45 11 26823.754743771016 -10.93302515899697 10.370467712251102
 45 12 26516.01528970726 -5.0 10.933816251687658
 45 13 26476.835400813812 5.0 10.450568755575711
 45 14 26677.287172557393 8.468345164633204 8.965152456497691
 45 15 26996.560408528097 13.249280201755107 6.605760979082122
 45 16 27278.963311394643 16.314355209216603 3.5872495363485672
 45 17 27398.277695966113 17.438638375405226 0.20356511022882994
 45 18 27303.302991181451 16.550391708789437 -3.201016647833567
 45 19 27034.703892923596 13.705795988949987 -6.279183220140126
 45 20 26711.705328014562 9.109234454887718 -8.729108630990561
 46 1 26611.133295753006 7.071817058416408 -10.341971352591727
 46 2 26459.936997386354 5.0 -10.925986053871746
 46 3 26580.247876414 -6.313153961116987 -10.464397447469706
 46 4 26923.2022191588 -12.321463685960442 -8.993793399935774
 46 5 27352.64392885999 -17.01809611576605 -6.636950371805805
 46 6 27704.358480026094 -20.01410356695858 -3.6078268008432372
 46 7 27848.793690362777 -21.110322777713196 -0.20478306482587785
 46 8 27733.982433979406 -20.24433569891259 3.219687196832171
 46 9 27401.17569369618 -17.46497541408512 6.3098153885711765
 46 10 26972.506576615123 -12.952709561551629 8.758787160455824
 46 11 26611.12288816058 -7.071575288268132 10.341960382165686
 46 12 26459.936411709513 -5.0 10.925985428849787
 46 13 26580.25714749424 6.313395543685454 10.464407245622379
 46 14 26923.22079379783 12.321707856364315 8.993812396587465
 46 15 27352.670672554602 17.018345865796895 6.636976173146244
 46 16 27704.391640561185 20.014362928473705 3.607856178746078
 46 17 27848.830801733682 21.110596290153392 0.20481251906696285
 46 18 27734.02022909352 20.2446275794983 -3.2196607789112645
 46 19 27401.210161078051 17.46528839515927 -6.3097942440820364
 46 20 26972.533326918925 12.953043328693338 -8.758772542138194
 47 1 26823.770724635003 10.93326297243108 -10.3704794855982
 47 2 26516.021575675582 5.0 -10.93381767514295
 47 3 26476.831867073397 -5.0 -10.450559743425885
 47 4 26677.274303717105 -8.468096272049872 -8.965134213609163
 47 5 26996.5393516354 -13.249023622543666 -6.605735844500743
 47 6 27278.935926435802 -16.314087574893523 -3.587220645002664
 47 7 27398.24662698538 -17.438355786654128 -0.20353585474093527
 47 8 27303.271706580217 -16.55009064392591 3.2010432341044805
 47 9 27034.6765639185 -13.705474621362221 6.279204915600465
 47 10 26711.686379612467 -9.10889429461723 8.729124127498709
 47 11 26489.670933824294 -5.0 10.325883484673641
 47 12 26496.97547489989 5.0 10.93115379541225
 47 13 26775.251389364646 10.184840483013344 10.490797117696323
 47 14 27256.449603508757 16.092715703967886 9.033514704547779
 47 15 27790.973220199033 20.679259181445104 6.676586132553282
 47 16 28208.029030625464 23.59225461483041 3.6331407709306895
 47 17 28376.005635354704 24.65586774429862 0.2063282363509802
 47 18 28242.61867243777 23.815762724794087 -3.242488328614718
 47 19 27849.348797597587 21.114413528036624 -6.3484133677709895
 47 20 27320.05659746836 16.710780976722006 -8.799226730977175
 48 1 27124.423308009303 14.721107467914559 -10.41158652890219
 48 2 26664.365089450267 8.214549890135833 -10.954694233813186
 48 3 26466.566995333338 5.0 -10.449192168906693
 48 4 26522.28113789972 -5.0 -8.947345888211586
 48 5 26727.677092301397 -9.391476373543922 -6.582724486888333
 48 6 26937.544224904937 -12.508516145743185 -3.57116319070237
 48 7 27030.397096155084 -13.655053289245963 -0.2025490230957003
 48 8 26956.318674348163 -12.749054091895399 3.186465601446811
 48 9 26754.981914183816 -9.85484037799048 6.256414158017921
 48 10 26541.40304764235 -5.202293797715398 8.710073389430157
 48 11 26461.2481333012 5.0 10.32214248589642
 48 12 26626.56444175992 7.421506776627889 10.949351533031102
 48 13 27058.901980918137 13.987299029432084 10.529893976887015
 48 14 27672.231097025487 19.76104924380692 9.084499022165128
 48 15 28305.57049494261 24.216451498996494 6.724836989427551
 48 16 28783.387670018495 27.035752044240926 3.663264261490693
 48 17 28973.128458584986 28.063399425870663 0.20812200741015221
 48 18 28822.57010585443 27.251775758252 -3.269644903109205
 48 19 28373.126677621727 24.63808517823211 -6.395281360919108
 48 20 27749.36205100767 20.362724007339647 -8.850716191283334
 49 1 27508.76926651758 18.413934573586125 -10.465537257104975
 49 2 26902.727147808316 12.049176458480089 -10.98873804054788
 49 3 26549.61116927268 5.456078373230312 -10.460286708781434
 49 4 26460.57986303525 -5.0 -8.940322628406758
 49 5 26550.03312374722 -5.468803879674796 -6.567776442253998
 49 6 26685.098532143096 -8.618069718809908 -3.5595549734750422
 49 7 26750.480363088943 -9.779999160640092 -0.20181640779872098
 49 8 26698.10684953818 -8.86168103981637 3.175863852681538
 49 9 26566.2132487497 -5.9360574410174464 6.241304243993772
 49 10 26464.239066564736 -5.0 8.701521374016512
 49 11 26526.291738574644 5.0 10.330715436576757
 49 12 26846.738529644087 11.269693102440355 10.980685169237024
 49 13 27427.10236535166 17.698708453096717 10.581929999633125
 49 14 28164.93455970558 23.310340402169504 9.147076670347877
 49 15 28889.952249273883 27.618557467996748 6.782033219646466
 49 16 29423.546290581616 30.33671353838867 3.698421894560123
 49 17 29633.15663638032 31.326210327320403 0.2102055875669654
 49 18 29466.92648940409 30.544770018899942 -3.301306915083249
 49 19 28965.964811250894 28.025421161841514 -6.450695066546348
 49 20 28254.684213525775 23.89316089289868 -8.913556531595397
 50 1 27971.53045485134 21.994078420863406 -10.532656280183527
 50 2 27227.601459301295 15.803845360015766 -11.036149687728152
 50 3 26724.693271942156 9.339411687262064 -10.483908455497291
 50 4 26493.122896618762 5.0 -8.94402279754029
 50 5 26466.315481540146 -5.0 -6.560801474850091
 50 6 26525.381797928275 -5.0 -3.552324749644438
 50 7 26562.657207830638 -5.836602332310386 -0.20133348046626176
 50 8 26532.499330121383 -5.0 3.169172827133465
 50 9 26471.242164981875 -5.0 6.233783758820481
 50 10 26481.38472207062 5.0 8.703417284927536
 50 11 26683.803647335287 8.593434000019505 10.351652663022065
 50 12 27154.238297964573 15.042504416060234 11.025339071950993
 50 13 27874.74935228098 21.300656037865223 10.64721725886798
 50 14 28728.27019124321 26.728343999779813 9.221635291680077
 50 15 29537.220825578526 30.878226226327562 6.848542406146756
 50 16 30121.360836456933 33.49076197022136 3.7388463860329097
 50 17 30348.88203826455 34.44096404627353 0.21259293648207047
 50 18 30168.529178085114 33.690589349157725 -3.3376844631132533
 50 19 29620.92198382932 31.269524488723924 -6.515012069954977
 50 20 28829.635357614602 27.290511238802693 -8.98813870794254
 51 1 28506.694766492986 25.447909377205874 -10.613352779197141
 51 2 27634.38710070952 19.458291830455717 -11.09721088961487
 51 3 26989.18039271183 13.159033119445919 -10.520196525508332
 51 4 26619.40689676389 7.261432472532006 -8.958468322232612
 51 5 26477.82345774528 5.0 -6.561757644628148
 51 6 26460.855630741487 -5.0 -3.549428424229893
 51 7 26469.809716525527 -5.0 -0.20109727756304587
 51 8 26462.046371141746 -5.0 3.166351666990989
 51 9 26471.541760949778 5.0 6.233807397958315
 51 10 26592.574440505963 6.626494758857596 8.71577237329608
 51 11 26931.403443386705 12.428785679539994 10.385077476263074
 51 12 27544.6709620064 18.718942542272433 11.083578054844665
 51 13 28395.96258587006 24.778728928597413 10.726152255580743
 51 14 29355.51290996597 30.00681712141028 9.308644748617588
 51 15 30240.29257307933 33.991725832739575 6.924801138574159
 51 16 30869.643329885206 36.49677090858409 3.7848118224907563
 51 17 31113.100542004514 37.40742323582919 0.21530045619451301
 51 18 30920.185862288832 36.688297070014336 -3.379024864405674
 51 19 30330.893143928486 34.367067209980135 -6.588656472111484
 51 20 29467.427439846636 30.547162386348016 -9.074935009817295
 52 1 29107.739942830314 28.765814611409616 -10.70812658600102
 52 2 28117.5960791655 22.996090845612776 -11.17228851836629
 52 3 27339.21219542992 16.892158154173234 -10.56936602841826
 52 4 26837.49984245724 11.135629507825444 -8.983745005737944
 52 5 26584.377559010976 6.41985400536344 -6.570650694765983
 52 6 26492.529970084866 5.0 -3.550848393454896
 52 7 26473.390300071645 5.0 -0.20110635581003397
 52 8 26487.85063928589 5.0 3.167383206960306
 52 9 26567.1073592251 5.960800279642511 6.241375303610963
 52 10 26796.101110262687 10.513184908793479 8.738660098858759
 52 11 27265.4510600738 16.181722373186428 10.431187917721422
 52 12 28012.712238975873 22.281770252267083 11.155751160939314
 52 13 28984.309124840234 28.12255043892782 10.81922177816512
 52 14 30039.70594095836 33.14117750201102 9.408664445179651
 52 15 30992.06718048608 36.958423797583463 7.011322229238292
 52 16 31661.3049719148 39.35628731724138 3.836638408588854
 52 17 31918.745130795032 40.227861188456344 0.2183472807113651
 52 18 31714.811578500313 39.539595918208895 -3.4256169553853155
 52 19 31088.774970802554 37.317759658211436 -6.672125944909929
 52 20 30161.071788859313 33.65909756365916 -9.174506471137754
 53 1 29767.8424153786 31.941934612607077 -10.81757577453321
 53 2 28671.07618631754 26.404848073003535 -11.26183994211644
 53 3 27769.886188887405 20.519530610088047 -10.631711139915726
 53 4 27144.142725174075 14.934498816759119 -9.02000375831044
 53 5 26784.329279272606 10.3291215253489 -6.587534135407268
 53 6 26619.90793739094 7.272754359307219 -3.5565932835599465
 53 7 26573.342601953547 6.130545797563649 -0.20136077060312682
 53 8 26609.507024697497 7.033936298199155 3.172273719183693
 53 9 26756.456761902976 9.879234074914057 6.256533066803627
 53 10 27088.906525484842 14.328266248086363 8.772217184927968
 53 11 27681.224051667897 19.832243502703263 10.490259586683631
 53 12 28552.32772938021 25.717767106371663 11.24229672367199
 53 13 29633.015906499716 31.325559023968345 10.927010249927292
 53 14 30773.834822787022 36.13002118485144 9.522352286678927
 53 15 31785.56191570742 39.7802175316326 7.10870347351112
 53 16 32489.463881654497 42.07295290528218 3.894698222325276
 53 17 32758.984055265227 42.90648748179098 0.22175562711392488
 53 18 32545.534426759804 42.24824998604444 -3.4777963052827383
 53 19 31887.59616317847 40.12377743893425 -6.766000293252335
 53 20 30903.548069564541 36.62539608834942 -9.287511925318148
 54 1 30480.06000965942 34.97373253919472 -10.942405978569576
 54 2 29288.230081360012 29.676103472546643 -11.366419808301872
 54 3 28275.4733817862 24.025845544458874 -10.707609359142678
 54 4 27534.913077225704 18.63658350615828 -9.06746277707479
 54 5 27074.649407272543 14.167330299365025 -6.6125100258762454
 54 6 26841.013091500266 11.186806547742561 -3.5666980786972786
 54 7 26768.104605057145 10.069755029599742 -0.20186207683985524
 54 8 26825.124889658447 10.953395111131682 3.181053006353583
 54 9 27036.710003402375 13.729364661042228 6.279372395019953
 54 10 27466.736494272172 18.049673474412337 8.816645595119324
 54 11 28173.129429820291 23.364249956594314 10.562649623740544
 54 12 29156.994138696525 29.017687090932081 11.343748840606901
 54 13 30335.157888200003 34.38460499593993 11.05020877112011
 54 14 31550.96769955821 38.97457395109807 9.650475548890851
 54 15 32614.01174986092 42.460971857938623 7.217638242844122
 54 16 33347.52078604779 44.65196693252258 3.9594221802170674
 54 17 33627.28803325494 45.448925107192515 0.22555122083481202
 54 18 33405.76945425812 44.8195503357083 -3.5359515267247703
 54 19 32720.613823704945 42.78920126165333 -6.870951808156306
 54 20 31687.939166116055 39.447678407371014 -9.414718981441402
 55 1 31237.48264461822 37.8614724721453 -11.083441707912991
 55 2 29962.21583077455 32.80501454302167 -11.486688458497687
 55 3 28849.64336891421 27.39985064390922 -10.797527064048648
 55 4 28004.431113225753 22.22425780192894 -9.126410733519572
 55 5 27451.083555725446 17.91195824260989 -6.645730476572845
 55 6 27152.495495740906 15.02391825107326 -3.5812246414406456
 55 7 27054.693525729453 13.938770908237093 -0.2026133521770916
 55 8 27131.429817241092 14.797301384503996 3.1937748455992673
 55 9 27403.738326905746 17.48822885722163 6.310032463540379
 55 10 27924.34211041248 21.65910550892619 8.872215484608166
 55 11 28734.928860749423 26.76570481040882 10.648801956293383
 55 12 29819.90456383194 32.17598079406817 11.460745436642968
 55 13 31083.815015419222 37.29944206523967 11.189626117135047
 55 14 32364.361941674545 41.67813636205524 9.793923998270106
 55 15 33470.93892082844 45.00600204946308 7.338928274274
 55 16 34229.20752818882 47.09961531504258 4.031308468870045
 55 17 34517.471669445963 47.861759269134495 0.22976381121457734
 55 18 34289.26564607816 47.25984813658318 -3.6005319170620362
 55 19 33581.37973449431 45.31950598767267 -6.987757769986242
 55 20 32507.53260403293 42.129553123926413 -9.557017270188318
 56 1 32033.3496639725 40.607670981024575 -11.241640004810055
 56 2 30686.11940867482 35.78989635267535 -11.623422212234733
 56 3 29485.680691832116 30.6341756668798 -10.902026516004838
 56 4 28546.586709046147 25.68399967291055 -9.197211054821018
 56 5 27908.35611869484 21.544293612217018 -6.687399911617242
 56 6 27549.803022829793 18.762099568951722 -3.6002626403562647
 56 7 27428.86145839725 17.714445787766035 -0.2036192433698289
 56 8 27523.931792612795 18.54341954780986 3.2105177954830446
 56 9 27852.36420356925 21.136619451448492 6.348701987501138
 56 10 28455.705466052335 25.142352992034005 8.9392692057844
 56 11 29359.9582844971 30.028509596020867 10.74925394865727
 56 12 30534.147250710684 35.19035852970404 11.59403814292394
 56 13 31872.195861796746 40.07218081668214 11.34620202189358
 56 14 33207.539978110835 44.24556439094489 9.953725692527174
 56 15 34350.196805993095 47.4216239579139 7.473499116712898
 56 16 35128.61376425116 49.4228765125591 4.110932769770442
 56 17 35423.71452531869 50.152164808920083 0.23442779793182691
 56 18 35190.13141081909 49.57616504130193 -3.6720567284658693
 56 19 34463.78150222498 47.72111868399538 -7.117315556489073
 56 20 33355.891757061894 44.67610513092792 -9.715434397926884
 57 1 32861.13569934678 43.21656968003139 -11.418106868855215
 57 2 31453.094738248997 38.631691038619685 -11.77752581917709
 57 3 30176.67909271031 33.7249624357372 -11.021774509233225
 57 4 29154.76669338007 29.006354015095286 -9.280307417018326
 57 5 28440.400319718264 25.04978479747061 -6.737778154979036
 57 6 28027.397394755396 22.383346868471942 -3.6239309106400612
 57 7 27885.302637318116 21.377499943957396 -0.2048860369974229
 57 8 27997.13956961339 22.173478012223608 3.231386388755471
 57 9 28376.590162764387 24.65947639675372 6.395622072198454
 57 10 29054.268772809704 28.48930749433124 9.01822647872466
 57 11 30041.327534979835 33.148165832071583 10.864644641891667
 57 12 31292.852424148844 38.061268934772805 11.744504277135137
 57 13 32693.729298103236 42.706755126051824 11.52102315873201
 57 14 34074.338795296534 46.68281066849261 10.131066001552453
 57 15 35245.99332689131 49.71477955696078 7.622418818324671
 57 16 36040.197013816235 51.629104543452143 4.198960695850505
 57 17 36340.566904454 52.327610227818645 0.23958299478222844
 57 18 36102.843707984415 51.7758806242341 -3.7511264487671374
 57 19 35362.06380975163 50.00105267715979 -7.260660933480207
 57 20 34226.90147098213 47.093447367148 -9.891155160890044
 58 1 33714.6089453857 45.69365928858276 -11.614116986811363
 58 2 32256.470972258633 41.333425982496706 -11.95004745489682
 58 3 30915.70566291782 36.67137324925975 -11.15755291361135
 58 4 29822.065962220614 32.18565100424474 -9.37623060508943
 58 5 29040.592559996017 28.418061288720835 -6.79718442729255
 58 6 28578.991753950922 25.873920320317463 -3.6523792865633715
 58 7 28417.88916719138 24.912903549783454 -0.2064217565996287
 58 8 28544.798002150615 25.67346822247343 3.2565127448596005
 58 9 28969.834306287306 28.045943093267652 6.4510899222398805
 58 10 29713.14955515444 31.693713170166173 9.109590872331344
 58 11 30772.09091813862 36.123300048505264 10.995724819322763
 58 12 32089.30614383093 40.791355458626995 11.913161283565271
 58 13 33542.12776429786 45.20843521082392 11.71534233497292
 58 14 34958.93812355778 48.99653757520018 10.327310529606965
 58 15 36152.89883118925 51.892737044947054 7.786920600208979
 58 16 36958.78062301336 53.725783195152125 4.29616297912722
 58 17 37262.944729196395 54.39563099027973 0.24527556506915093
 58 18 37022.24533955366 53.86649063881877 -3.838436585641609
 58 19 36270.834675075486 52.16661586931454 -7.4189902661763724
 58 20 35114.793164671085 49.38834550318811 -10.085544716269391
 59 1 34587.866622503344 48.04527096528752 -11.831137440311553
 59 2 33089.82956256132 43.8997028621788 -12.142196729485242
 59 3 31695.931790475704 39.47504774061462 -11.310271423870981
 59 4 30541.471320556596 35.21955888739575 -9.4856069390451
 59 5 29701.97300507881 31.64268739106109 -6.866002369007408
 59 6 29197.787975391685 29.224295896470056 -3.6857909589945165
 59 7 29019.912395425184 28.309915395666667 -0.20823628905457111
 59 8 29160.12631423986 29.033614244519352 3.286058649084904
 59 9 29625.15382737044 31.289146078422692 6.51546351690677
 59 10 30425.329876832256 34.752739317021784 9.213957784041284
 59 11 31545.384777839037 38.95512476699638 11.143369195395094
 59 12 32917.033257253766 43.38493648992839 12.10118408120087
 59 13 34411.42680368847 47.58340568730214 11.930601547231255
 59 14 35855.87220813522 51.1938035025059 10.544032800679584
 59 15 37065.842774305354 53.96285908327258 7.968430472299674
 59 16 37879.54342556591 55.72034225496735 4.403434109199945
 59 17 38186.117081121075 56.363662283384606 0.25155917328292204
 59 18 37943.53414664483 55.85542676779606 -3.9347945939749315
 59 19 37185.06096555135 54.22518638389328 -7.593687599289078
 59 20 36014.154256398644 51.567915566364504 -10.300176593565489
 60 1 35475.35251048803 50.278239563951395 -12.070856238155834
 60 2 33947.055294969 46.33624331917124 -12.355366295849375
 60 3 32510.73160432975 42.13956297452722 -11.480982907612962
 60 4 31306.012384589903 38.1085487386597 -9.609168518564042
 60 5 30417.43980149782 34.72072934323276 -6.9446862394019515
 60 6 29876.696329412225 32.428861574704 -3.724385428310052
 60 7 29684.31085165544 31.561840823652854 -0.2103415439751958
 60 8 29836.03955900465 32.24808126268036 3.3202181604040332
 60 9 30335.443212989517 34.38577791604083 6.58916739089983
 60 10 31183.81308342313 37.66645285078535 9.332024156865092
 60 11 32354.532123110348 41.64689359455846 11.308591101322259
 60 12 33769.85338291798 45.84753804941269 12.309925880375234
 60 13 35296.00575675958 49.83841516853841 12.16845971066637
 60 14 36760.029535792746 53.28181732073545 10.783047803215245
 60 15 37980.10276392941 55.93242996671126 8.168601025694866
 60 16 38798.004095563504 57.62002547497829 4.521815337817695
 60 17 39105.68919117299 58.23892079695174 0.25849641181767
 60 18 38862.24706124909 57.74992753869316 -4.041140784135904
 60 19 38100.05664652051 56.184046105941995 -7.786357832169267
 60 20 36919.926190037404 53.63938875853966 -10.536866671584061
 61 1 36371.86105092753 52.39963602422532 -12.335216742714474
 61 2 34822.36610134082 48.64950337874774 -12.59115779293573
 61 3 33353.751108070726 44.66993419288207 -11.670901843442596
 61 4 32108.878432042856 40.85533614667891 -9.747765604370361
 61 5 31179.91004582236 37.65221756374738 -7.03376848212314
 61 6 30608.52592873166 35.4854425516533 -3.7684221434868385
 61 7 30403.871336818014 34.665592431227025 -0.21275165103001908
 61 8 30565.341315741516 35.31450764750706 3.3592208281867637
 61 9 31093.59959584213 37.33556596828025 6.672699698206039
 61 10 31981.74629951555 40.4372584026553 9.464600234971009
 61 11 33193.11713888882 44.20339123007583 11.492560135303094
 61 12 34641.91467170117 48.185493680797243 12.540943169896218
 61 13 36190.59420445234 51.980495825038374 12.430826088009994
 61 14 37666.644181032956 55.26775271467056 11.046452796188186
 61 15 38891.28877104173 57.80853167094114 8.38935300665232
 61 16 39710.00246399095 59.43180021465636 4.6525232569001
 61 17 40017.58296641467 60.02832562368734 0.2661605806970223
 61 18 39774.24124569977 59.55695037476716 -4.1585743176784495
 61 19 39011.46648679973 58.050262017051196 -7.998867587011337
 61 20 37827.39461129918 55.609934746008896 -10.797714563138326
 62 1 37272.531879140726 54.41656179165772 -12.626459347743065
 62 2 35710.32640478491 50.84635883187989 -12.85141304780501
 62 3 34218.95250710721 47.07217767726044 -11.881426464828337
 62 4 32943.50334762572 43.46434740237311 -9.902381536323697
 62 5 31982.44558504124 40.439574282981993 -7.133868898660608
 62 6 31386.14020397577 38.394737714125774 -3.8182049432346936
 62 7 31171.395760585637 37.62113897443755 -0.21548320147192984
 62 8 31340.88153414636 38.233443580128025 3.403335620203858
 62 9 31892.65282585794 40.140699316725815 6.766640784350348
 62 10 32812.51040963523 43.0693566764965 9.612623736693797
 62 11 34055.03392540081 46.63048272851615 11.696623363463168
 62 12 35527.71015575495 50.40561548062762 12.796025756094599
 62 13 37090.26814943633 54.01674646611824 12.719900718258152
 62 14 38571.2816965492 57.158612748211403 11.336677180735624
 62 15 39795.32462609413 59.597959066135395 8.632926776788425
 62 16 40611.67945816466 61.16229967323477 4.796985558002958
 62 17 40918.016557658724 61.73844951036437 0.2746379248423665
 62 18 40675.67394588088 61.2831157568689 -4.288385766127162
 62 19 39915.24726797006 59.83060568011104 -8.233395869654096
 62 20 38732.17450601111 57.48653367622176 -11.08515426720937
 63 1 38172.83792768062 56.33599617414123 -12.947172139351101
 63 2 36605.848284751984 52.933857373646304 -13.13825170212523
 63 3 35100.638631274116 49.352944537859094 -12.114165382848538
 63 4 33803.62275355222 45.94124019562321 -10.074150691067565
 63 5 32818.34537484464 43.08705920593897 -7.245705734586925
 63 6 32202.5764784875 41.15973565866119 -3.874087446197428
 63 7 31979.831563169533 40.43091628423206 -0.21855554186811915
 63 8 32155.678349342986 41.007765702001925 3.4528756919452323
 63 9 32725.86165482965 42.80526880501196 6.871663551654154
 63 10 33669.78140242556 45.5682538530837 9.77717692148437
 63 11 34934.51436080931 48.93473297564714 11.922330807612493
 63 12 36422.08108975522 52.514933117053125 13.077232964810046
 63 13 37990.43921320641 55.954170318299993 13.038223500693807
 63 14 39469.821787780485 58.961135053983575 11.656543775038177
 63 15 40688.42834163998 61.30716557030553 8.901946442652552
 63 16 41499.45682871642 62.81778991386872 4.956886136901398
 63 17 41803.48400873887 63.37549305090333 0.28403047057813562
 63 18 41562.98219617466 62.934675777953906 -4.4320982214207305
 63 19 40807.647979035304 61.53150227188394 -8.492497306069911
 63 20 39630.19243929056 59.27588737941054 -11.402016503853739
 64 1 39068.569549664374 58.164687118702033 -13.300352762520312
 64 2 37504.1840846659 54.919029742732256 -13.454116740270923
 64 3 35993.462143225246 51.519225330986543 -12.370969662272776
 64 4 34683.30825925909 48.29249392081282 -10.264380112724822
 64 5 33681.20837377369 45.600267328776844 -7.370109063569412
 64 6 33051.13212302568 43.78515968286993 -3.936479576509312
 64 7 32822.36742777962 43.09925567163798 -0.22199113017403865
 64 8 33003.006196661604 43.64211846918134 3.5082041620458763
 64 9 33586.779840443574 45.334756468241614 6.9885459771199824
 64 10 34547.567959619715 47.94033931710544 9.959507151231675
 64 11 35826.1398631663 51.12309768902387 12.171466147285846
 64 12 37320.21105079698 54.52049361426801 13.386937412974126
 64 13 38886.839424246594 57.79955799856017 13.38873405504468
 64 14 40358.43942313022 60.681728831227665 12.009344543564605
 64 15 41567.09233911187 62.94223176342873 9.199500369867598
 64 16 42370.01744526116 64.40415523056619 5.134222487349378
 64 17 42670.73567290888 64.94527577617882 0.29445965574966315
 64 18 42432.86313663814 64.51750072478328 -4.591519668301126
 64 19 41685.19002654979 63.159001831157524 -8.77918167926537
 64 20 40517.6674621648 60.984361090718195 -11.751605892364571
 65 1 39955.81649735783 59.909076406082846 -13.689484363127383
 65 2 38400.91337481143 56.808750634767335 -13.801829800795
 65 3 36892.42366793159 53.57811989051003 -12.6539715844582
 65 4 35576.98382103044 50.5250735710716 -10.474575617468533
 65 5 34564.97200322336 47.985696910548405 -7.508036956530222
 65 6 33925.42176205642 46.27697240429848 -4.005855461009481
 65 7 33692.498386876715 45.63186585720842 -0.22581596703048856
 65 8 33876.45462871747 46.14241396398283 3.569741102899272
 65 9 34469.29715226733 47.73559404682853 7.118186238293747
 65 10 35440.230331081584 50.192537192396315 10.161051705043274
 65 11 36724.84131874595 53.202681134830314 12.446083809644504
 65 12 38217.61385364734 56.42921284466124 13.727878139759346
 65 13 39775.503542646634 59.55940654694351 13.77484509098524
 65 14 41233.5855519451 62.326435965893345 12.398934794104502
 65 15 42428.064299172336 64.50885075564786 9.529243091191143
 65 16 43220.28665417729 65.92689666720138 5.331379438687422
 65 17 43516.75981813153 66.45323934210782 0.3060710235884133
 65 18 43282.25542031434 66.03707857727292 -4.76881035823184
 65 19 42544.64814299524 64.71876666365631 -9.097014803200262
 65 20 41391.09178940441 62.61794819547728 -12.137797141708171
 66 1 40830.94908157764 61.575251248972875 -14.118629336208524
 66 2 39291.92651686512 58.60964004636277 -14.184658681803885
 66 3 37792.86227972369 55.53666390101056 -12.96563166629248
 66 4 36479.42877370572 52.64616385699817 -10.706473388900493
 66 5 35463.93137493759 50.250393344652046 -7.660595055273266
 66 6 34819.41082684122 48.64195492936221 -4.08276299879477
 66 7 34584.06555119921 48.03538748603579 -0.23006011868296491
 66 8 34769.96312133875 48.515405919396243 3.637972012535632
 66 9 35367.66051606653 50.01479751232717 7.26162102581827
 66 10 36342.48516486626 52.332029231315743 10.383467811401912
 66 11 37625.89075814554 55.180552442627444 12.748553939630607
 66 12 39110.117657946204 58.2477693292436 14.103225387552724
 66 13 40652.75033698402 61.2398663020927 14.200532832176329
 66 14 42091.96822709109 63.90090979467423 12.829851165505682
 66 15 43268.32908698832 66.01232526437488 9.895525435922819
 66 16 44047.41498247885 67.3911395919873 5.551224895348549
 66 17 44338.765652984344 67.90445909351581 0.3190403611094888
 66 18 44108.32198330313 67.49852340559745 -4.966570413922436
 66 19 43383.03241736742 66.21606999645617 -9.450247620108595
 66 20 42247.211992444033 64.18225171117261 -12.565155799595656
 67 1 41690.59943170533 63.16891543236282 -14.592545763636199
 67 2 40173.406498356023 60.32799637330732 -14.606400146374293
 67 3 38690.441071806 57.401702749505 -13.308795942691344
 67 4 37385.77142657435 54.662965996579096 -10.962078362492475
 67 5 36372.74410349562 52.40166642954988 -7.829060341483936
 67 6 35727.43074937295 50.887363917471503 -4.16783548746675
 67 7 35491.275882018024 50.317026375017164 -0.23475835249645637
 67 8 35677.83719162327 50.76834185764095 3.7134581079210957
 67 9 36276.48019398697 52.17967582531852 7.420047781807879
 67 10 37249.400312748 54.36604195540974 10.62866912821719
 67 11 38524.88764312542 57.063611110994564 13.081617158722327
 67 12 39993.84704578746 59.98253149189277 14.516659980283537
 67 13 41515.16380438953 62.84670853724589 14.670449124206877
 67 14 42930.534644929604 65.41040616122322 13.307460527193657
 67 15 44085.092009047373 67.45757233703691 10.303562293910689
 67 16 44848.76232374768 68.80164713333617 5.797235587233711
 67 17 45134.16787207246 69.30366117389279 0.3335818271887943
 67 18 44908.43430547687 68.90658954433773 -5.187955083256252
 67 19 44197.57168467124 67.65580194215536 -9.843983049336988
 67 20 43083.011180377914 65.68247733018197 -13.03909100536538
 68 1 42531.643464495646 64.69537425849856 -15.11683297823479
 68 2 41041.81023043316 61.969753624118844 -15.071482055155615
 68 3 39581.12988392132 59.17980337774648 -13.686766096305227
 68 4 38291.47637433732 56.582547765900613 -11.24371106650579
 68 5 37286.42484917476 54.446873722754645 -8.01491011713919
 68 6 36644.18059250433 53.02066236751274 -4.261805800223285
 68 7 36408.70702867193 52.484262959436925 -0.23995091204085736
 68 8 36594.75067189866 52.90868949005756 3.796848877037212
 68 9 37190.725243909364 54.23760696987093 7.594851813651008
 68 10 38156.382889711334 56.30168877038179 10.898870251115364
 68 11 39417.74196063924 58.85849230697204 13.448451567230245
 68 12 40865.204351858934 61.639510500883083 14.972471115746067
 68 13 42359.574996197574 64.3853079103121 15.190061313429961
 68 14 43746.454406839715 66.8597823714559 13.838149403709155
 68 15 44875.76352080722 68.84913242818783 10.759651153790672
 68 16 45621.8836408452 70.16283699169087 6.073664345399168
 68 17 45900.57273012334 70.65524307049199 0.34995886416802246
 68 18 45680.158190970883 70.2656891316868 -5.4368283362484914
 68 19 44985.69837951942 69.04247959038476 -10.284393940249728
 68 20 43895.6924440633 67.12343378044719 -13.566050335001714
 69 1 43351.18393781445 66.15952854389859 -15.6981148009183
 69 2 41893.8501280137 63.54045624784153 -15.58509008039569
 69 3 40461.186711241964 60.87719568874623 -14.103385780823139
 69 4 39192.32796607982 58.41173709172471 -11.554065075161446
 69 5 38200.33296753765 56.393260423159723 -8.219857510409227
 69 6 37564.719174166544 55.04931577644585 -4.365523753392674
 69 7 37331.301549810275 54.54463035008278 -0.24568446667500953
 69 8 37515.73825185305 54.943929171642004 3.8888974558740296
 69 9 38105.71173234775 56.19587182069385 7.787639511516551
 69 10 39059.16314490635 58.145857274919634 11.196641293114089
 69 11 40300.65574685037 60.57150330800067 13.85275516848807
 69 12 41720.8511341565 63.224331964783125 15.475677545050699
 69 13 43183.04486545887 65.86063479579845 15.765827956556313
 69 14 44537.104157526446 68.25350040199191 14.429567024057333
 69 15 45637.945410746775 70.19118008876805 11.27146000044658
 69 16 46364.51615355246 71.47879966385595 6.385765741233671
 69 17 46635.76559593305 71.96329605098492 0.3684990708697557
 69 18 46421.24103286471 71.57991112955703 -5.717970488920618
 69 19 45745.0348697266 70.3802585807942 -10.779011099285732
 69 20 44682.663697863936 68.50953697837348 -14.153770542294296
 70 1 44146.53479755351 67.56587370325887 -16.34427188000726
 70 2 42726.47650621989 65.0452461475042 -16.153325900282666
 70 3 41327.13887007411 62.49973616996589 -14.563147501111828
 70 4 40084.41175459144 60.15705007262806 -11.896277881233217
 70 5 39110.15589547469 58.247845724601894 -8.445895219348582
 70 6 38484.45094545217 56.980643576639835 -4.479977498578763
 70 7 38254.354030805865 56.50555107717233 -0.2520132812008879
 70 8 38436.18160072751 56.88140234283256 3.990479568751678
 70 9 39017.086418843435 58.061535742958 8.000279270237016
 70 10 39953.77606260046 59.90513248566572 11.524975196261396
 70 11 41170.1041955449 62.20858351756369 14.298847857610975
 70 12 42557.69037102454 64.74222084514095 16.032178660533524
 70 13 43982.848373467444 67.27725339185405 16.405421107899996
 70 14 45300.053652331334 69.5956312277716 15.090940019225725
 70 15 46369.41842495756 71.48753383894977 11.84841123237983
 70 16 47074.56793784666 72.75331645691492 6.740105176187617
 70 17 47337.69990212237 73.2316283862407 0.38961482136666175
 70 18 47129.60048638367 72.85304029573375 -6.037363299970516
 70 19 46473.381227637415 71.67294381615594 -11.337108741138064
 70 20 45441.52395695338 69.84481492800701 -14.811603275557367
 71 1 44915.206908030813 68.9185005135223 -17.064738523430737
 71 2 43536.86111615691 66.4888573651133 -16.783405988784277
 71 3 42175.7646473536 64.05288754442688 -15.071325778491707
 71 4 40964.09523508927 61.82464537414379 -12.274018871519464
 71 5 40011.89024267446 60.01734612541968 -8.695349742841847
 71 6 39399.108130370805 58.821715607610784 -4.606320036528633
 71 7 39173.49382791693 58.3742220937252 -0.2590006655525071
 71 8 39351.79162299272 58.72820567109601 4.102617003239324
 71 9 39920.807954947 59.841368285102305 8.234952218717915
 71 10 40836.54207912636 61.585747719637595 11.887371266691646
 71 11 42022.81713806302 63.775281644803683 14.791798412152547
 71 12 43372.849745448394 66.19799490027049 16.648944097561866
 71 13 44756.459965826164 68.6393220973583 17.118009611188224
 71 14 46033.05323705046 70.8898573901604 15.83348380751452
 71 15 47068.13125836348 72.74166284693416 12.502200424738419
 71 16 47750.1078398879 73.98987582101377 7.144989574936308
 71 17 48004.487387465604 74.46378858738065 0.41383239572586066
 71 18 47803.31445228255 74.08857475973207 -6.40258833530688
 71 19 47168.70436125547 72.92399701964575 -11.97022742185808
 71 20 46170.05102416616 71.13291054082515 -15.550942412558603
 72 1 45654.89517605351 70.22109445809089 -17.870884883601956
 72 2 44322.38199157428 67.8756146313296 -17.48391311644298
 72 3 43004.075898006005 65.54170930920162 -15.634144174378159
 72 4 41828.008775988513 63.42029814845529 -12.69159927780018
 72 5 40901.822007722134 61.70812725560007 -8.9709490801631
 72 6 40304.7309827067 60.57928414948537 -4.74590230899618
 72 7 40084.665478872455 60.157538206595503 -0.2667207841613555
 72 8 40258.58874047515 60.49112134282533 4.226506909062173
 72 9 40813.127076218195 61.541792370077004 8.494215544911894
 72 10 41704.047877685094 63.1935560806433 12.287939552674535
 72 11 42855.7614033068 65.27674471754679 15.337583672383596
 72 12 44163.66621502182 67.5960627268285 17.334253274631056
 72 13 45501.540441901575 69.95059300850735 17.914622884575482
 72 14 46734.02268013274 72.1394708899663 16.670945790392622
 72 15 47732.19081715872 73.9566877639824 13.247507391975294
 72 16 48389.356596478915 75.19168646165461 7.611079039041837
 72 17 48634.38952034399 75.66308813517877 0.44183402352568745
 72 18 48440.61226143959 75.28974083522395 -6.823394540071949
 72 19 47829.12840743469 74.13653856561433 -12.692894121400586
 72 20 46866.19052023381 72.3770794726234 -16.385790599991825
 73 1 46363.46702662577 71.47693057613134 -18.776512923974753
 73 2 45080.609672307145 69.20943244542521 -18.265116752185083
 73 3 43809.301861694584 66.97085489146572 -16.258986254956543
 73 4 42673.02733370729 64.94938779286014 -13.154110604178475
 73 5 41776.50690097461 63.32617705369518 -9.275907888286458
 73 6 41197.64748062755 62.259743262001 -4.900314821057768
 73 7 40984.10824584291 61.86204526247412 -0.2752609318552762
 73 8 41152.88255107447 62.1765751624577 4.3635586499795024
 73 9 41690.56681488875 63.16885566082736 8.781082147931105
 73 10 42553.12789708288 64.73401668316107 12.731532231139129
 73 11 43666.1243612985 66.71771451065048 15.943289481480647
 73 12 44927.67195197278 68.9404229882301 18.098000122553614
 73 13 46215.925184506304 71.21440746434061 18.808621665743114
 73 14 47401.04127142466 73.34736309403903 17.620330075373214
 73 15 48359.853647002564 75.13537235031886 14.10298601994217
 73 16 48990.679050751445 76.36168532257024 8.152274167415186
 73 17 49225.809990976835 76.832623363867 0.4745200487448874
 73 18 49039.866949142386 76.459503417724 -7.312524743927361
 73 19 48452.9262805224 75.31334029491344 -13.523629963007439
 73 20 47528.04616802673 73.58017962446893 -17.333518547758405
 74 1 47038.95215628175 72.68886043335202 -19.79850506329091
 74 2 45809.29479925584 70.49381156530428 -19.139384095383665
 74 3 44588.874333472544 68.34457180526948 -16.954664012471575
 74 4 43496.25331320464 66.41689487805586 -13.667600281930891
 74 5 42632.75142135603 64.87709438059142 -9.614035489293977
 74 6 42074.45335969037 63.86910852332286 -5.071440440152789
 74 7 41868.33580173126 63.493915782547453 -0.28472442125765545
 74 8 42031.25178703358 63.79061547055605 4.5154405524916585
 74 9 42549.90341411034 64.72821804878812 9.099121663500652
 74 10 43380.84694793813 66.21219079962798 13.22391030679144
 74 11 44451.29880705214 68.10252767206602 16.61736621923193
 74 12 45662.58166023993 70.23466168822983 18.952083455462258
 74 13 46897.61368117299 72.43368433015073 19.8163117946676
 74 14 48032.33908845393 74.51600246829878 18.702874664668026
 74 15 48949.51841916309 76.28010113917843 15.09266532692835
 74 16 49552.57735422939 77.50253768876796 8.787034468156481
 74 17 49777.28816387873 77.97529629352377 0.5131034223734725
 74 18 49599.58851025085 77.60056962108557 -7.886949276562374
 74 19 49038.51226829856 76.45680462855138 -14.486385426095953
 74 20 48153.871229988595 74.74464799970137 -18.415894055105482
 75 1 47679.53347229963 73.85928709816596 -20.957678774051977
 75 2 46506.35702989048 71.73182970972256 -20.121710978554272
 75 3 45340.41422836516 69.66670160298641 -17.731761976743673
 75 4 44295.00077011597 67.82740339305136 -14.239296441929836
 75 5 43467.59508537213 66.36608827986005 -9.989874097240246
 75 6 42931.993066364673 65.41301156368479 -5.261522000949297
 75 7 42734.116722837745 65.05894109791112 -0.29523428073565732
 75 8 42890.52517121336 65.33890720586788 4.684139766571702
 75 9 43388.14836638783 66.22515036472633 9.452589762746195
 75 10 44184.48415450522 67.63274397489384 13.771956915538617
 75 11 45208.869239731975 69.43511629152547 17.369956256463332
 75 12 46366.281226269806 71.48194433379612 19.91091049651837
 75 13 47544.760248210244 73.61089706653284 20.957750261248172
 75 14 48626.289326611404 75.64739438309726 19.945382922634614
 75 15 49499.7193694644 77.39283590327655 16.247968369633117
 75 16 50073.68505217147 78.6166249928923 9.540391119978073
 75 17 50287.493388632785 79.09383429565497 0.559257994636972
 75 18 50118.418032372195 78.71538189446493 -8.56975957857548
 75 19 49584.43557024581 77.56892277473423 -15.612623533417638
 75 20 48742.06099450532 75.87245891449149 -19.660492195891624
 76 1 48283.539118192784 74.99012270039152 -22.279919846451985
 76 2 47169.87519574198 72.92612284801766 -21.2304119808046
 76 3 46061.719517147175 70.94067655876307 -18.603081753134325
 76 4 45066.78103445869 69.18510504042973 -14.877898114615498
 76 5 44278.29402714654 67.79798402749628 -10.408877454433972
 76 6 43767.34197995229 66.89670494397784 -5.473249756922709
 76 7 43578.45619328395 66.56253527312398 -0.3069380398058832
 76 8 43727.76353082571 66.8267366084149 4.872039705855622
 76 9 44202.53181192563 67.66454037753373 9.846595271987656
 76 10 44961.51831714069 68.99995078473128 14.383952738963698
 76 11 45936.59952394855 70.71900585742118 18.21331686892965
 76 12 47036.81762943206 72.68499948240567 20.992050587117905
 76 13 48155.6658591809 74.74803445595285 22.257810445365542
 76 14 49181.401590602625 76.74301462134314 21.38205571851478
 76 15 50009.120590656973 78.47503931987897 17.610677091223266
 76 16 50552.76195678358 79.70601267870492 10.447116150781468
 76 17 50755.220075291334 80.19080853083116 0.6153600857850673
 76 18 50595.12261198918 79.80609408485809 -9.393169793589598
 76 19 50089.374679284876 78.65120034895145 -16.94440564171974
 76 20 49291.14620875029 76.96505472607869 -21.10264849449721
 77 1 48849.43548464096 76.082721029603 -23.797692378916103
 77 2 47798.07860865305 74.07885258053814 -22.488022421293564
 77 3 46750.75447097079 72.16950985661568 -19.584220684194
 77 4 45809.28975763302 70.49380265332712 -15.593953448665001
 77 5 45062.306062642674 69.17723283297947 -10.877644145181922
 77 6 44577.79008353905 68.32507389860143 -5.709875778311976
 77 7 44398.579141319525 68.00974716772197 -0.32001399276023473
 77 8 44540.24335718518 68.25902304936771 5.082021361920538
 77 9 44990.487401412974 69.05090290255623 10.287318494586799
 77 10 45709.614706859443 70.31769930392485 15.069935042385723
 77 11 46632.4218765818 71.957307449511 19.162370747645365
 77 12 47672.39002100325 73.84608939824898 22.217088729914454
 77 13 48728.77097707728 75.8465379349574 23.747596488190044
 77 14 49696.31604913073 77.80370396293927 23.057033587843996
 77 15 50476.51108637699 79.52754648815488 19.23737266333667
 77 16 50988.68972154807 80.77238408495376 11.556892378903433
 77 17 51179.38344966219 81.268651113675 0.6848997990446629
 77 18 51028.590967205054 80.87451834637065 -10.403454466039204
 77 19 50552.13251585434 79.70453069159427 -18.53906133174182
 77 20 49799.78736063921 78.02323559985119 -22.78818929361154
 78 1 49375.82110808985 77.13777433555371 -25.552054171551194
 78 2 48389.33941669236 75.19165364290801 -23.922481835304665
 78 3 47405.64012941368 73.35577551191815 -20.694330618542725
 78 4 46520.395333896063 71.75690986441101 -16.400357543554967
 78 5 45817.27722624222 70.50792254731017 -11.40422583514951
 78 6 45360.82714886601 69.70265223626129 -5.975365447872097
 78 7 45191.91489843952 69.40527786476979 -0.33467950061874562
 78 8 45325.4418815746 69.64033526974183 5.317597497756705
 78 9 45749.63863869437 70.38839137620936 10.782299747087725
 78 10 46426.613249043773 71.58949246737934 15.842170489002815
 78 11 47294.42709673255 73.15270055381426 20.235428112454322
 78 12 48271.3418732628 74.96696221007322 23.612744814035167
 78 13 49262.64929179904 76.90720548630362 25.46632449341973
 78 14 50169.798361496104 78.82950436167582 25.027942399660954
 78 15 50900.800503289254 80.55035098228127 21.20621628750521
 78 16 51380.46803890652 81.81691312288032 12.943099081903735
 78 17 51559.015912854854 82.32967092262365 0.773219670197889
 78 18 51417.82966978851 81.92201915396296 -11.669429851777089
 78 19 50971.63223174852 80.72898143299224 -20.476411462305566
 78 20 50266.76971955312 79.04698728096696 -24.777272558962781
 79 1 49861.42136496414 78.15515851650065 -27.595336602573482
 79 2 48942.16591064882 76.26555327125178 -25.568688384899434
 79 3 48024.64589496711 74.50157321168123 -21.957119387708015
 79 4 47198.12861687842 72.97744388242688 -17.31301449710082
 79 5 46541.02973279198 71.79378698736875 -11.99853958604428
 79 6 46114.129422775244 71.0336402772854 -6.274600810718138
 79 7 45956.08338523046 70.75350140279178 -0.35120214812300504
 79 8 46081.023658115584 70.97490992045454 5.583092819196197
 79 9 46477.786660781734 71.6808085566341 11.340825522971567
 79 10 47110.518020060124 72.81844330592439 16.715784423265592
 79 11 47920.855943002556 74.30740195048699 21.455140663468007
 79 12 48832.154099249 76.04877785929118 25.21234378317229
 79 13 49756.00226980609 77.93004752915476 27.463816032301387
 79 14 50600.735292660894 79.81940629581815 27.370833876326884
 79 15 51281.01546672862 81.54224640186439 23.627485686865874
 79 16 51727.211392449964 82.84001973027827 14.718465957741431
 79 17 51893.26393839997 83.37606782474657 0.8889310219850804
 79 18 51761.95992812529 82.94930482642627 -13.297779979886394
 79 19 51346.913609891205 81.72343216598294 -22.870172646565322
 79 20 50690.9990535139 80.03521363023994 -27.149792331575802
 80 1 50305.08387666501 79.13370361601739 -29.99465957839577
 80 2 49455.19668581509 77.30085073000266 -27.4705326690449
 80 3 48606.182153281006 75.60847152291798 -23.402179411463343
 80 4 47840.67383514253 74.15800752228763 -18.35172716118486
 80 5 47231.55128472547 73.0382114661986 -12.672926856663885
 80 6 46835.547753780265 72.32192310855342 -6.613657619369304
 80 7 46688.88277182268 72.05848730384074 -0.3699149693540678
 80 8 46804.82859403324 72.2666707311146 5.883889528520875
 80 9 47172.89937710968 72.9316140538195 11.974452438654177
 80 10 47759.487962116305 74.00726042515507 17.709607655662335
 80 11 48510.09155737181 75.4231145342432 22.849769299255083
 80 12 49353.43904688011 77.09199695409136 27.05774177280138
 80 13 50207.65442978749 78.91407366293178 29.803761188633284
 80 14 50988.13094166563 80.77095984477941 30.186980154150607
 80 15 51616.29645379123 82.50021629237388 26.66013108428522
 80 16 52028.146303374545 83.84088485309636 17.06453420373554
 80 17 52181.385448816414 84.4099446557876 1.0468642965702301
 80 18 52060.214861279426 83.95600520973197 -15.462459868667805
 80 19 51677.129994864015 82.68494793192029 -25.886248038397997
 80 20 51071.49794890782 80.9853213659751 -30.012895307747562
 81 1 50705.7745484818 80.07085659203143 -32.836392701185303
 81 2 49927.1955698596 78.29694036325643 -29.68352598630015
 81 3 49148.79381995686 76.67742019377322 -25.06675476000961
 81 4 48446.360603856715 75.3007553118272 -19.54140559696517
 81 5 47886.98562553908 74.24423175385117 -13.4429224984476
 81 6 47523.09706828781 73.57108765577566 -7.000189050259621
 81 7 47388.27852700839 73.32402382027674 -0.391237583391291
 81 8 47494.86133771794 73.51924689797161 6.2267675888566245
 81 9 47833.1018702112 74.14392611558414 12.697728779897277
 81 10 48371.828713535775 75.15821890621469 18.8473287292584
 81 11 49060.65283563003 76.50094739710576 24.454875181888287
 81 12 49833.93527686095 78.09621704126168 29.2018239943583
 81 13 50616.54926602412 79.85698008826289 32.56785980549491
 81 14 51331.10351667333 81.67967709968191 33.61186597447748
 81 15 51905.895146156544 83.41837557632127 30.53766720286532
 81 16 52282.609019121635 84.81643189055002 20.29066298614265
 81 17 52422.74762158237 85.4333149794407 1.2749181742072792
 81 18 52311.93721251261 84.93976320999867 -18.465221318526158
 81 19 51961.545697317364 83.60767044757773 -29.772121942871734
 81 20 51407.402667251233 81.89257557013984 -33.51105654974519
 82 1 51062.57417373028 80.96219156537335 -36.231412076424895
 82 2 50357.04723494896 79.25205484489072 -32.27810193015903
 82 3 49651.15471942116 77.70861813546472 -26.998086583649445
 82 4 49013.656929178025 76.40733625793207 -20.913725066990163
 82 5 48505.62423300757 75.41452284216271 -14.328329427204826
 82 6 48174.94709099208 74.78443708573364 -7.443966984631608
 82 7 48052.39375185683 74.55364114953335 -0.4157060998942838
 82 8 48149.28191933478 74.73598936031291 6.620385025117733
 82 9 48456.66795117443 75.32051437423152 13.529204374851298
 82 10 48945.98545035525 76.27310975714327 20.15907924643628
 82 11 49571.18864858949 77.5412946173864 26.31557537590457
 82 12 50272.50304096286 79.05993447816682 31.71166676364176
 82 13 50981.74574926867 80.75469673094462 35.860729666883834
 82 14 51628.882598086885 82.53812268884069 37.82596679775516
 82 15 52149.17221282596 84.28610731916716 35.60685396442845
 82 16 52490.043599787684 85.75901366983534 24.960304827710135
 82 17 52616.825082039 86.44809996302307 1.6325140130944817
 82 18 52516.577458256 85.89410334418035 -22.87062666523761
 82 19 52199.533823263955 84.48081674170272 -34.902498403498725
 82 20 51697.960481638605 82.74910776052677 -37.8383284982935
 83 1 51374.675542514123 81.80071463868903 -40.32023342620566
 83 2 50743.753420228225 80.16289735041 -35.34351846227188
 83 3 50112.06270809125 78.70131759030644 -29.256494516392915
 83 4 49541.163105597974 77.47880218884734 -22.50942118567592
 83 5 49085.89904459861 76.55137228415333 -15.354746180141388
 83 6 48789.41419849008 75.96500079783307 -7.957661332708365
 83 7 48679.50068609828 75.75063411062614 -0.44401635369835756
 83 8 48766.39753284216 75.91998348571775 7.075970063722422
 83 9 49042.01276173201 76.46377885609992 14.492869036323393
 83 10 49480.536638337274 77.35315764928283 21.68363749719715
 83 11 50040.472824728014 78.54365439716177 28.48953071931132
 83 12 50668.12038513535 79.98020227811989 34.67233735000959
 83 13 51302.415343069485 81.60074497154693 39.814822501618415
 83 14 51880.806838995544 83.33457158628258 43.06429973703043
 83 15 52345.595480396616 85.08480906602058 42.3763142318005
 83 16 52650.00036505813 86.65064440322112 32.17582288088765
 83 17 52763.19844782613 87.45608640398562 2.2726091346048753
 83 18 52673.69227567836 86.80284419922603 -29.83213734719454
 83 19 52390.57448664872 85.28506956077969 -41.84048478374983
 83 20 51942.527443277074 83.54243531450719 -43.24934852022357
 84 1 51641.38100230035 82.57592435509608 -45.27519672791196
 84 2 51086.42969884483 81.0241250254866 -38.99185780437341
 84 3 50530.43546174753 79.65353649960673 -31.919322659614092
 84 4 50027.606412692904 78.51546466871193 -24.381487464330234
 84 5 49626.37611110571 77.65663003250908 -16.555777986359352
 84 6 49364.954295983014 77.11553761205066 -8.55798816374085
 84 7 49268.01327507747 76.91808395587098 -0.47708795357988653
 84 8 49344.655348840184 77.07405620592384 7.608342043462835
 84 9 49587.68631804845 77.57570802850428 15.620240689743987
 84 10 49974.18860041512 78.39889112939552 23.47151737535052
 84 11 50467.399812500116 79.50636188418248 31.0508264437697
 84 12 51019.87980998526 80.85214716458647 38.19095250741319
 84 13 51577.839481309623 82.38536661949101 44.59298104652339
 84 14 52086.32205958352 84.0511843517742 49.61459590698259
 84 15 52494.73845545253 85.78261811290601 51.53879442111417
 84 16 52762.13467112411 87.44736612404529 44.192500270252054
 84 17 52861.553196064174 88.45867236363817 3.7447249514910514
 84 18 52782.94333867865 87.62362885650133 -41.8924628375525
 84 19 52534.25337051313 85.98648199098037 -51.37493891108338
 84 20 52140.56653583405 84.25343208770688 -50.05709690267704
 85 1 51862.100424908116 83.27267466999933 -51.29281801637104
 85 2 51384.30273162922 81.82765084628637 -43.36058393804116
 85 3 50905.30685513967 80.5616404933522 -35.085711697046974
 85 4 50471.83652531419 79.51667400235209 -26.599636252231483
 85 5 50125.75008081662 78.7316216930294 -17.97629909924378
 85 6 49900.15661172104 78.23852843349319 -9.267445655752914
 85 7 49816.48068913681 78.05887912001835 -0.5161618533308239
 85 8 49882.636252317854 78.20077461971117 8.237457536340937
 85 9 50092.367897383694 78.65780416713032 16.953458882135691
 85 10 50425.77081206405 79.40994049464659 25.589317995375903
 85 11 50850.980948649455 80.42619810241196 34.09478977098413
 85 12 51326.98542913512 81.6683101751168 42.399741400551775
 85 13 51807.40746020736 83.09445356384875 50.38281827979827
 85 14 52244.979699066214 84.66202787609186 57.77841437420662
 85 15 52596.27917017963 86.32805165629456 63.819199126069804
 85 16 52826.20599333383 88.03922800243983 64.99234133226089
 85 17 52911.67883071124 89.4536875804269 10.605989672635404
 85 18 52844.0964184084 88.2391129668244 -64.15267140260187
 85 19 52630.26060856018 86.52875622056227 -64.35022414848963
 85 20 52291.646182199874 84.85414538916255 -58.586337942883915
 86 1 52036.34954149293 83.87015050449433 -58.56264836360978
 86 2 51636.70795716371 82.56177187634295 -48.60991521814228
 86 3 51235.82386998972 81.41974645193633 -38.88163852898282
 86 4 50872.82155950108 80.4804789422692 -29.256470209406607
 86 5 50582.839424362195 79.77700319821055 -19.677361978289432
 86 6 50393.73831100281 79.33615210060888 -10.117017437717873
 86 7 50323.58169408659 79.17573479664055 -0.5629538679332042
 86 8 50379.04940645248 79.3024310514249 8.990823488350559
 86 9 50554.86117656318 79.71095626211797 18.549966981293685
 86 10 50834.23184531756 80.38472404603513 28.125829540553962
 86 11 51190.34126703057 81.29782598875346 37.74337864331439
 86 12 51588.7505736621 82.41780537374083 47.45494877187948
 86 13 51990.61470507998 83.70852478093578 57.37115387619718
 86 14 52356.435595226714 85.13237285549359 67.74933801176549
 86 15 52649.99932845247 86.65063789019082 79.33277454324559
 86 16 52842.07729627842 88.21544491316578 -84.50407995747867
 86 17 52913.468333412223 89.5262593226068 -12.253456376493096
 86 18 52857.02077036338 88.39879534251423 81.66408316593997
 86 19 52678.38996503665 86.83386279453136 -80.86583893078163
 86 20 52395.43907472207 85.30720376730444 -69.02752810611213
 87 1 52163.748613675415 84.34184038881455 -67.19354670052249
 87 2 51843.08767519503 83.21026399658912 -54.90736453084259
 87 3 51521.24397546927 82.21890310617461 -43.463332515466696
 87 4 51229.644684805825 81.40310331093569 -32.47578149286611
 87 5 50996.58231893413 80.79251874892594 -21.74372778698649
 87 6 50844.539839953285 80.41023308361652 -11.150527048666182
 87 7 50788.119779719054 80.27121128324485 -0.6199055091551606
 87 8 50832.727552005984 80.38100554173461 9.907396417877479
 87 9 50974.09003972211 80.73522588992127 20.489755230938754
 87 10 51198.635890589495 81.31996086254647 31.200446222220517
 87 11 51484.716790434285 82.11300168738627 42.149659569459984
 87 12 51804.59579812722 83.085398296703 53.52486828549806
 87 13 52127.061378809245 84.20248787164317 65.68106038865618
 87 14 52420.449067752255 85.4225751649284 79.38088838750062
 87 15 52655.78373546078 86.68717387308723 -83.43116999059428
 87 16 52809.71467869009 87.87135583597602 -56.623506845542344
 87 17 52866.91788679338 88.53267389410779 -3.93341833407787
 87 18 52821.68879575347 87.99186785728888 52.141675692115136
 87 19 52678.538296644794 86.83484701471937 80.97618846044247
 87 20 52451.7213060473 85.57078084281653 -81.1652800373557
 88 1 52244.02141514449 84.65814908523427 -77.09199942632708
 88 2 52002.98948715648 83.75189267011258 -62.38717622896663
 88 3 51760.93293278953 82.94605429587567 -49.01421657136222
 88 4 51541.50124197945 82.27814594217331 -36.422920134305336
 88 5 51366.03311928797 81.77659399029469 -24.295608812942447
 88 6 51251.52091823357 81.46213946306284 -12.431930170232212
 88 7 51209.01896229891 81.34773104983635 -0.6906126139677505
 88 8 51242.62296080513 81.43808853748591 11.044141340467911
 88 9 51349.094981555834 81.72948367788267 22.886798139663273
 88 10 51518.15979379153 82.20991579526682 34.97416402875278
 88 11 51733.45225556268 82.85954287520225 47.49727671937838
 88 12 51974.047250600044 83.65087192933284 60.75554667132052
 88 13 52216.45130519238 84.54763337768166 75.2625551041502
 88 14 52436.88228737531 85.49988517101346 -88.03153000201495
 88 15 52613.619999518254 86.42911797892958 -67.28936466885976
 88 16 52729.18728601672 87.19037807198146 -39.32762951034715
 88 17 52772.126864623045 87.5304656871468 -2.340652078344997
 88 18 52738.17597034075 87.25815286470184 35.39973233587919
 88 19 52630.705285754964 86.53145654449047 64.44214531368863
 88 20 52460.37178347644 85.61260582763421 85.84520523732897
 89 1 52276.994503914094 84.79312793842631 -87.84772533546338
 89 2 52116.0650639725 84.16130243875271 -71.0737894864027
 89 3 51954.36298269285 83.58296458939017 -55.72509370017545
 89 4 51807.69631289832 83.09538442174131 -41.31534673713853
 89 5 51690.35935152606 82.72564042101871 -27.507135610965136
 89 6 51613.75710881368 82.49258772755094 -14.058088875761728
 89 7 51585.320186075405 82.40759444235586 -0.7805984708707149
 89 8 51607.803970797445 82.4747288444729 12.487596090245697
 89 9 51679.03004094768 82.69078061693908 25.90739927034679
 89 10 51792.09055425346 83.04524607644329 39.662056901269444
 89 11 51935.99922854197 83.52017514557434 53.98565075349742
 89 12 52096.73537557053 84.08952906313536 69.20183590865616
 89 13 52258.59118626413 84.71740297326605 85.77628353603635
 89 14 52405.69991837579 85.35421352229703 -75.63041841147388
 89 15 52523.598500100684 85.93055879566242 -54.19363482824095
 89 16 52600.66748891382 86.35337384232614 -29.315601345490883
 89 17 52629.29808864026 86.52291818446506 -1.6672108573410224
 89 18 52606.66103931338 86.38823367054037 26.16645445865609
 89 19 52534.99343958643 85.9903938231288 51.443824023842253
 89 20 52421.371915261435 85.42688426348363 73.26778927356516
 90 1 52262.596770990305 84.7338000484108 81.24204861288571
 90 2 52182.06921736114 84.41260011402343 -80.7821055627231
 90 3 52101.11138136089 84.10570919750253 -63.74090470665321
 90 4 52027.64269712713 83.83909221066388 -47.4261525504098
 90 5 51968.8391738896 83.63284319458758 -31.63507390203661
 90 6 51930.4369016689 83.50126103938274 -16.182346623252037
 90 7 51916.178257777573 83.45299377277026 -0.898804400720081
 90 8 51927.45203894515 83.49113110105422 14.37542254117749
 90 9 51963.1602081524 83.61323528349683 29.799670675218184
 90 10 52019.82323656068 83.81131691514828 45.54159459269083
 90 11 52091.914575179784 84.07175001108907 61.784387234909374
 90 12 52172.39392475358 84.37513099835654 78.72903159435704
 90 13 52253.39009829581 84.69618123192268 -83.41560616875553
 90 14 52326.96902737034 85.00406023309655 -64.46623829598558
 90 15 52385.91262147462 85.26394820240128 -44.33806175606523
 90 16 52424.43133124448 85.44119700111342 -23.14870574137635
 90 17 52438.738357230045 85.50869536443172 -1.2958788672870136
 90 18 52427.42648211718 85.45524994493309 20.596710876338775
 90 19 52391.60835534006 85.28976562356749 41.890521585685654
 90 20 52334.80556262944 85.03788491134449 62.15492724845663
 91 1 52177.34501097345 84.43689231996485 0.0E+0
 91 2 52177.34501097345 84.43689231996485 0.0E+0
 91 3 52177.34501097345 84.43689231996485 0.0E+0
 91 4 52177.34501097345 84.43689231996485 0.0E+0
 91 5 52177.34501097345 84.43689231996485 0.0E+0
 91 6 52177.34501097345 84.43689231996485 0.0E+0
 91 7 52177.34501097345 84.43689231996485 0.0E+0
 91 8 52177.34501097345 84.43689231996485 0.0E+0
 91 9 52177.34501097345 84.43689231996485 0.0E+0
 91 10 52177.34501097345 84.43689231996485 0.0E+0
 91 11 52177.34501097345 84.43689231996485 0.0E+0
 91 12 52177.34501097345 84.43689231996485 0.0E+0
 91 13 52177.34501097345 84.43689231996485 0.0E+0
 91 14 52177.34501097345 84.43689231996485 0.0E+0
 91 15 52177.34501097345 84.43689231996485 0.0E+0
 91 16 52177.34501097345 84.43689231996485 0.0E+0
 91 17 52177.34501097345 84.43689231996485 0.0E+0
 91 18 52177.34501097345 84.43689231996485 0.0E+0
 91 19 52177.34501097345 84.43689231996485 0.0E+0
 91 20 52177.34501097345 84.43689231996485 0.0E+0
