  0.0000E+00 0.0000E+00 0.0000E+00 1.2201E+16 2.6923E+16 2.9061E+16 2.8956E+16
  2.8736E+16 2.8655E+16 2.8625E+16 2.8615E+16 2.8610E+16 2.8609E+16 2.8608E+16
  2.8608E+16 0.0000E+00 0.0000E+00 0.0000E+00 0.0000E+00 3.8860E+16 6.0038E+16
  6.2667E+16 6.2143E+16 6.1769E+16 6.1631E+16 6.1580E+16 6.1562E+16 6.1555E+16
  6.1552E+16 6.1552E+16 0.0000E+00 0.0000E+00 0.0000E+00 0.0000E+00 0.0000E+00
  1.0304E+17 1.3188E+17 1.3485E+17 1.3322E+17 1.3258E+17 1.3235E+17 1.3226E+17
  1.3223E+17 1.3222E+17 1.3221E+17 0.0000E+00 0.0000E+00 0.0000E+00 0.0000E+00
  0.0000E+00 3.9733E+16 2.4655E+17 2.8455E+17 2.8641E+17 2.8352E+17 2.8246E+17
  2.8207E+17 2.8193E+17 2.8187E+17 2.8185E+17 0.0000E+00 0.0000E+00 0.0000E+00
  0.0000E+00 0.0000E+00 0.0000E+00 2.3130E+17 5.6103E+17 6.1074E+17 6.0919E+17
  6.0435E+17 6.0257E+17 6.0192E+17 6.0168E+17 6.0159E+17 0.0000E+00 0.0000E+00
  0.0000E+00 0.0000E+00 0.0000E+00 0.0000E+00 0.0000E+00 7.7876E+17 1.2186E+18
  1.2737E+18 1.2633E+18 1.2556E+18 1.2528E+18 1.2517E+18 1.2513E+18 0.0000E+00
  0.0000E+00 0.0000E+00 0.0000E+00 0.0000E+00 0.0000E+00 0.0000E+00 0.0000E+00
  2.0662E+18 2.6374E+18 2.6962E+18 2.6634E+18 2.6507E+18 2.6461E+18 2.6444E+18
  0.0000E+00 0.0000E+00 0.0000E+00 0.0000E+00 0.0000E+00 0.0000E+00 0.0000E+00
  0.0000E+00 8.3624E+17 4.9227E+18 5.6677E+18 5.7018E+18 5.6448E+18 5.6238E+18
  5.6161E+18 0.0000E+00 0.0000E+00 0.0000E+00 0.0000E+00 0.0000E+00 0.0000E+00
  0.0000E+00 0.0000E+00 6.1757E+17 5.0739E+18 5.9281E+18 5.9807E+18 5.9181E+18
  5.8951E+18 5.8866E+18 0.0000E+00 0.0000E+00 0.0000E+00 0.0000E+00 0.0000E+00
  0.0000E+00 0.0000E+00 0.0000E+00 0.0000E+00 4.5091E+18 1.1446E+19 1.2507E+19
  1.2481E+19 1.2380E+19 1.2343E+19 0.0000E+00 0.0000E+00 0.0000E+00 0.0000E+00
  0.0000E+00 0.0000E+00 0.0000E+00 0.0000E+00 0.0000E+00 0.0000E+00 1.5435E+19
  2.5626E+19 2.6951E+19 2.6758E+19 2.6586E+19 0.0000E+00 0.0000E+00 0.0000E+00
  0.0000E+00 0.0000E+00 0.0000E+00 0.0000E+00 0.0000E+00 0.0000E+00 0.0000E+00
  0.0000E+00 4.2325E+19 5.6248E+19 5.7689E+19 5.7040E+19 0.0000E+00 0.0000E+00
  0.0000E+00 0.0000E+00 0.0000E+00 0.0000E+00 0.0000E+00 0.0000E+00 0.0000E+00
  0.0000E+00 0.0000E+00 1.0374E+19 1.0337E+20 1.2175E+20 1.2301E+20 0.0000E+00
  0.0000E+00 0.0000E+00 0.0000E+00 0.0000E+00 0.0000E+00 0.0000E+00 0.0000E+00
  0.0000E+00 0.0000E+00 0.0000E+00 0.0000E+00 8.3604E+19 2.3668E+20 2.6054E+20
  0.0000E+00 0.0000E+00 0.0000E+00 0.0000E+00 0.0000E+00 0.0000E+00 0.0000E+00
  0.0000E+00 0.0000E+00 0.0000E+00 0.0000E+00 0.0000E+00 0.0000E+00 3.0731E+20
  5.2649E+20 0.0000E+00 0.0000E+00 0.0000E+00 0.0000E+00 0.0000E+00 0.0000E+00
  0.0000E+00 0.0000E+00 0.0000E+00 0.0000E+00 0.0000E+00 0.0000E+00 0.0000E+00
  0.0000E+00 8.5700E+20
  0.0000E+00 0.0000E+00 0.0000E+00 0.0000E+00 0.0000E+00 0.0000E+00 0.0000E+00
  6.9753E-04 3.2552E-03 2.3251E-03 4.8827E-03 1.3951E-03 0.0000E+00 0.0000E+00
  0.0000E+00 0.0000E+00 0.0000E+00 0.0000E+00 0.0000E+00 0.0000E+00 0.0000E+00
  0.0000E+00 0.0000E+00 0.0000E+00 0.0000E+00 0.0000E+00 0.0000E+00 0.0000E+00
  0.0000E+00 0.0000E+00 0.0000E+00 0.0000E+00 4.6502E-04 0.0000E+00 0.0000E+00
  0.0000E+00 0.0000E+00 0.0000E+00 0.0000E+00 0.0000E+00 0.0000E+00 0.0000E+00
  0.0000E+00 1.3951E-04 6.0453E-04 9.3005E-04 1.8601E-03 4.4650E-03 3.2086E-03
  6.9753E-04 0.0000E+00 0.0000E+00 2.1856E-03 3.3017E-03 0.0000E+00 0.0000E+00
  0.0000E+00 0.0000E+00 0.0000E+00 0.0000E+00 0.0000E+00 0.0000E+00 0.0000E+00
  6.5103E-04 7.9054E-04 9.3005E-04 9.3005E-04 1.5346E-03 2.3252E-03 2.2786E-03
  3.5807E-03 1.0742E-02 0.0000E+00 0.0000E+00 0.0000E+00 0.0000E+00 0.0000E+00
  0.0000E+00 0.0000E+00 1.3951E-04 1.3951E-04 0.0000E+00 0.0000E+00 0.0000E+00
  9.3005E-04 8.8354E-04 8.3704E-04 4.1852E-04 0.0000E+00 0.0000E+00 0.0000E+00
  0.0000E+00 0.0000E+00 0.0000E+00 0.0000E+00 9.7655E-04 0.0000E+00 0.0000E+00
  0.0000E+00 0.0000E+00 0.0000E+00 0.0000E+00 0.0000E+00 0.0000E+00 0.0000E+00
  0.0000E+00 0.0000E+00 0.0000E+00 0.0000E+00 0.0000E+00 0.0000E+00 0.0000E+00
  0.0000E+00 0.0000E+00 0.0000E+00 0.0000E+00 0.0000E+00 0.0000E+00 0.0000E+00
  0.0000E+00 0.0000E+00 0.0000E+00 0.0000E+00 0.0000E+00 0.0000E+00 0.0000E+00
  0.0000E+00 0.0000E+00 0.0000E+00 0.0000E+00 0.0000E+00 0.0000E+00 0.0000E+00
  0.0000E+00 0.0000E+00 0.0000E+00 0.0000E+00 0.0000E+00 0.0000E+00 0.0000E+00
  0.0000E+00 0.0000E+00 0.0000E+00 0.0000E+00 0.0000E+00 0.0000E+00 0.0000E+00
  0.0000E+00 0.0000E+00 0.0000E+00 0.0000E+00 0.0000E+00 0.0000E+00 0.0000E+00
  0.0000E+00 0.0000E+00 0.0000E+00 0.0000E+00 0.0000E+00 0.0000E+00 0.0000E+00
  0.0000E+00 0.0000E+00 0.0000E+00 0.0000E+00 0.0000E+00 0.0000E+00 0.0000E+00
  0.0000E+00 0.0000E+00 0.0000E+00 0.0000E+00 0.0000E+00 0.0000E+00 0.0000E+00
  0.0000E+00 0.0000E+00 0.0000E+00 0.0000E+00 0.0000E+00 0.0000E+00 0.0000E+00
  0.0000E+00 0.0000E+00 0.0000E+00 0.0000E+00 0.0000E+00 0.0000E+00 0.0000E+00
  0.0000E+00 0.0000E+00 0.0000E+00 0.0000E+00 0.0000E+00 0.0000E+00 0.0000E+00
  0.0000E+00 0.0000E+00 0.0000E+00 4.6502E-05 5.5803E-04 0.0000E+00 0.0000E+00
  0.0000E+00 0.0000E+00 0.0000E+00 0.0000E+00 0.0000E+00 0.0000E+00 0.0000E+00
  4.6502E-03 5.5803E-03 3.2552E-03 0.0000E+00 0.0000E+00 0.0000E+00 0.0000E+00
  0.0000E+00 0.0000E+00 0.0000E+00 0.0000E+00 7.6729E-03 1.4183E-02 0.0000E+00
  0.0000E+00 0.0000E+00 0.0000E+00 0.0000E+00 0.0000E+00 0.0000E+00 0.0000E+00
  1.8601E-03 1.7671E-03 1.1626E-03 4.6502E-04 1.3951E-04 1.6749E-03 2.9296E-03
  4.1852E-03 0.0000E+00 0.0000E+00 3.9527E-03 1.4183E-02 2.7064E-02 4.6502E-05
  0.0000E+00 0.0000E+00 0.0000E+00 0.0000E+00 0.0000E+00 0.0000E+00 0.0000E+00
  5.5803E-04 2.7901E-04 0.0000E+00 0.0000E+00 0.0000E+00 0.0000E+00 0.0000E+00
  0.0000E+00 0.0000E+00 0.0000E+00 0.0000E+00 0.0000E+00 0.0000E+00 0.0000E+00
  0.0000E+00 0.0000E+00 0.0000E+00 0.0000E+00 0.0000E+00 0.0000E+00 0.0000E+00
  1.8601E-03 2.3251E-03 3.5342E-03 4.0922E-03 4.5572E-03 1.7344E-03 0.0000E+00
  0.0000E+00 0.0000E+00 0.0000E+00 0.0000E+00 0.0000E+00 0.0000E+00 0.0000E+00
  0.0000E+00 0.0000E+00 0.0000E+00 0.0000E+00 0.0000E+00 0.0000E+00 0.0000E+00
  8.3704E-04 4.1852E-04 4.1852E-04 1.3021E-03 8.8354E-04 1.7370E-03 8.3704E-04
  0.0000E+00 0.0000E+00 0.0000E+00 0.0000E+00 0.0000E+00 0.0000E+00 0.0000E+00
  0.0000E+00 0.0000E+00 0.0000E+00 0.0000E+00 0.0000E+00 0.0000E+00 0.0000E+00
  0.0000E+00 0.0000E+00 0.0000E+00 0.0000E+00 0.0000E+00 0.0000E+00 0.0000E+00
  0.0000E+00 0.0000E+00 0.0000E+00 0.0000E+00 0.0000E+00 0.0000E+00 0.0000E+00
  2.3251E-03 0.0000E+00 0.0000E+00 0.0000E+00 0.0000E+00 0.0000E+00 0.0000E+00
  0.0000E+00 0.0000E+00 0.0000E+00 0.0000E+00 0.0000E+00 0.0000E+00 0.0000E+00
  0.0000E+00 0.0000E+00 0.0000E+00 0.0000E+00 0.0000E+00 0.0000E+00 0.0000E+00
  0.0000E+00 0.0000E+00 0.0000E+00 0.0000E+00 0.0000E+00 0.0000E+00 0.0000E+00
  0.0000E+00 0.0000E+00 0.0000E+00 0.0000E+00 0.0000E+00 0.0000E+00 0.0000E+00
  0.0000E+00 0.0000E+00 0.0000E+00 0.0000E+00 0.0000E+00 0.0000E+00 0.0000E+00
  0.0000E+00 0.0000E+00 0.0000E+00 0.0000E+00 0.0000E+00 0.0000E+00 0.0000E+00
  0.0000E+00 0.0000E+00 0.0000E+00 0.0000E+00 0.0000E+00 0.0000E+00 0.0000E+00
  0.0000E+00 0.0000E+00 0.0000E+00 0.0000E+00 0.0000E+00 0.0000E+00 0.0000E+00
  0.0000E+00 0.0000E+00 0.0000E+00 0.0000E+00 0.0000E+00 0.0000E+00 0.0000E+00
  0.0000E+00 0.0000E+00 0.0000E+00 0.0000E+00 0.0000E+00 0.0000E+00 0.0000E+00
  9.3003E-05 4.6501E-04 4.1851E-04 1.3950E-04 0.0000E+00 0.0000E+00 0.0000E+00
  0.0000E+00 0.0000E+00 0.0000E+00 0.0000E+00 0.0000E+00 0.0000E+00 0.0000E+00
  0.0000E+00 0.0000E+00 0.0000E+00 0.0000E+00 0.0000E+00 0.0000E+00 0.0000E+00
  5.5278E-04 6.9097E-03 1.5754E-02 5.2514E-03 8.2917E-04 0.0000E+00 0.0000E+00
  0.0000E+00 0.0000E+00 0.0000E+00 0.0000E+00 0.0000E+00 0.0000E+00 0.0000E+00
  0.0000E+00 0.0000E+00 0.0000E+00 0.0000E+00 0.0000E+00 0.0000E+00 0.0000E+00
  0.0000E+00 0.0000E+00 0.0000E+00 0.0000E+00 0.0000E+00 0.0000E+00 0.0000E+00
  0.0000E+00 0.0000E+00 0.0000E+00 0.0000E+00 0.0000E+00 0.0000E+00 0.0000E+00
  0.0000E+00 0.0000E+00 0.0000E+00 0.0000E+00 0.0000E+00 0.0000E+00 0.0000E+00
  8.2917E-05 0.0000E+00 0.0000E+00 8.2917E-05 0.0000E+00 0.0000E+00 0.0000E+00
  0.0000E+00 0.0000E+00 8.2917E-05 1.6583E-04 8.2917E-05 0.0000E+00 0.0000E+00
  0.0000E+00 0.0000E+00 0.0000E+00 0.0000E+00 0.0000E+00 0.0000E+00 2.7639E-04
  4.5051E-03 1.8408E-02 3.2614E-03 2.7639E-04 0.0000E+00 0.0000E+00 0.0000E+00
  0.0000E+00 0.0000E+00 8.2917E-05 8.2917E-05 0.0000E+00 0.0000E+00 0.0000E+00
  5.5278E-04 5.2514E-04 2.4875E-04 0.0000E+00 0.0000E+00 0.0000E+00 0.0000E+00
  0.0000E+00 9.9500E-03 2.4875E-03 1.2161E-03 1.0226E-03 2.7639E-05 0.0000E+00
  0.0000E+00 0.0000E+00 0.0000E+00 0.0000E+00 0.0000E+00 0.0000E+00 0.0000E+00
  0.0000E+00 0.0000E+00 0.0000E+00 0.0000E+00 0.0000E+00 0.0000E+00 0.0000E+00
  0.0000E+00 0.0000E+00 0.0000E+00 2.4875E-03 3.8694E-03 9.6736E-04 0.0000E+00
  0.0000E+00 0.0000E+00 0.0000E+00 0.0000E+00 0.0000E+00 0.0000E+00 0.0000E+00
  0.0000E+00 0.0000E+00 0.0000E+00 0.0000E+00 0.0000E+00 0.0000E+00 0.0000E+00
  0.0000E+00 0.0000E+00 0.0000E+00 2.4599E-03 4.3670E-03 1.9347E-03 0.0000E+00
  0.0000E+00 0.0000E+00 0.0000E+00 0.0000E+00 0.0000E+00 0.0000E+00 0.0000E+00
  0.0000E+00 0.0000E+00 0.0000E+00 0.0000E+00 0.0000E+00 0.0000E+00 0.0000E+00
  0.0000E+00 0.0000E+00 0.0000E+00 7.3243E-03 1.4068E-02 4.5328E-03 3.5931E-04
  0.0000E+00 0.0000E+00 0.0000E+00 0.0000E+00 0.0000E+00 0.0000E+00 0.0000E+00
  0.0000E+00 0.0000E+00 0.0000E+00 0.0000E+00 0.0000E+00 0.0000E+00 0.0000E+00
  0.0000E+00 0.0000E+00 0.0000E+00 1.3764E-02 2.7915E-02 9.9777E-03 1.9624E-03
  0.0000E+00 0.0000E+00 0.0000E+00 0.0000E+00 0.0000E+00 0.0000E+00 0.0000E+00
  0.0000E+00 0.0000E+00 0.0000E+00 0.0000E+00 0.0000E+00 0.0000E+00 0.0000E+00
  0.0000E+00 0.0000E+00 0.0000E+00 1.1166E-02 2.0536E-02 1.0558E-02 1.9624E-03
  0.0000E+00 0.0000E+00 0.0000E+00 0.0000E+00 0.0000E+00 0.0000E+00 0.0000E+00
  1.1056E-02 1.2161E-02 7.6007E-03 9.6736E-04 0.0000E+00 0.0000E+00 0.0000E+00
  0.0000E+00 0.0000E+00 0.0000E+00 6.0806E-03 1.8656E-02 1.2852E-02 2.3493E-03
  0.0000E+00 0.0000E+00 0.0000E+00 0.0000E+00 1.3819E-04 1.3819E-04 0.0000E+00
  1.0724E-02 9.3972E-03 4.5328E-03 6.0806E-04 1.1056E-04 1.3273E-03 2.4875E-03
  3.2337E-03 0.0000E+00 0.0000E+00 7.0756E-03 1.4925E-02 1.2907E-02 1.1332E-03
  0.0000E+00 0.0000E+00 0.0000E+00 0.0000E+00 8.2917E-04 8.2917E-04 0.0000E+00
  4.9197E-03 2.6533E-03 1.9347E-04 0.0000E+00 0.0000E+00 0.0000E+00 0.0000E+00
  0.0000E+00 0.0000E+00 0.0000E+00 4.7263E-03 8.7339E-03 2.5151E-03 0.0000E+00
  0.0000E+00 0.0000E+00 0.0000E+00 0.0000E+00 1.9347E-04 1.9347E-04 0.0000E+00
  5.6383E-03 5.2790E-03 4.5604E-03 3.6483E-03 3.0956E-03 1.0308E-03 0.0000E+00
  0.0000E+00 0.0000E+00 0.0000E+00 3.3167E-03 9.4249E-03 1.2438E-03 0.0000E+00
  0.0000E+00 0.0000E+00 0.0000E+00 0.0000E+00 0.0000E+00 0.0000E+00 0.0000E+00
  9.9500E-04 4.9750E-04 4.9750E-04 1.0226E-03 5.2514E-04 6.6367E-04 2.4875E-04
  0.0000E+00 0.0000E+00 0.0000E+00 9.9500E-04 2.4875E-04 0.0000E+00 0.0000E+00
  3.0402E-04 0.0000E+00 0.0000E+00 0.0000E+00 0.0000E+00 0.0000E+00 0.0000E+00
  0.0000E+00 0.0000E+00 0.0000E+00 0.0000E+00 0.0000E+00 0.0000E+00 0.0000E+00
  0.0000E+00 0.0000E+00 0.0000E+00 0.0000E+00 0.0000E+00 0.0000E+00 6.6333E-03
  1.7413E-02 7.2815E-03 4.1458E-04 0.0000E+00 0.0000E+00 0.0000E+00 0.0000E+00
  0.0000E+00 0.0000E+00 0.0000E+00 0.0000E+00 0.0000E+00 0.0000E+00 0.0000E+00
  0.0000E+00 0.0000E+00 0.0000E+00 0.0000E+00 0.0000E+00 2.5428E-03 8.2916E-04
  4.0076E-03 5.1618E-04 0.0000E+00 0.0000E+00 0.0000E+00 0.0000E+00 0.0000E+00
  0.0000E+00 0.0000E+00 0.0000E+00 0.0000E+00 0.0000E+00 0.0000E+00 0.0000E+00
  0.0000E+00 0.0000E+00 0.0000E+00 0.0000E+00 0.0000E+00 0.0000E+00 0.0000E+00
  0.0000E+00 0.0000E+00 0.0000E+00 0.0000E+00 0.0000E+00 0.0000E+00 0.0000E+00
  0.0000E+00 0.0000E+00 0.0000E+00 0.0000E+00 0.0000E+00 0.0000E+00 0.0000E+00
  0.0000E+00 0.0000E+00 0.0000E+00 4.9474E-03 1.0779E-02 4.9197E-03 0.0000E+00
  0.0000E+00 0.0000E+00 0.0000E+00 0.0000E+00 0.0000E+00 0.0000E+00 0.0000E+00
  0.0000E+00 0.0000E+00 0.0000E+00 0.0000E+00 0.0000E+00 0.0000E+00 0.0000E+00
  0.0000E+00 4.0629E-03 1.5920E-02 6.4122E-03 9.0103E-03 7.5178E-03 0.0000E+00
  0.0000E+00 0.0000E+00 0.0000E+00 0.0000E+00 0.0000E+00 0.0000E+00 0.0000E+00
  0.0000E+00 0.0000E+00 0.0000E+00 0.0000E+00 0.0000E+00 0.0000E+00 0.0000E+00
  8.3831E-04 1.7985E-02 6.7522E-02 2.4692E-02 3.4295E-03 2.0577E-03 2.2863E-04
  7.6210E-05 1.5242E-04 1.5242E-04 1.5242E-04 1.5242E-04 3.8105E-04 6.0968E-04
  0.0000E+00 0.0000E+00 0.0000E+00 0.0000E+00 0.0000E+00 0.0000E+00 0.0000E+00
  0.0000E+00 3.4599E-03 1.3748E-02 4.4507E-03 6.7065E-04 0.0000E+00 0.0000E+00
  0.0000E+00 1.0151E-05 6.0968E-05 5.1823E-04 9.2976E-04 7.6210E-04 6.0968E-04
  0.0000E+00 0.0000E+00 1.5242E-04 3.0484E-04 3.0484E-04 3.0484E-04 1.9815E-04
  1.8290E-04 5.5176E-03 8.7946E-03 2.3473E-03 3.9629E-04 0.0000E+00 0.0000E+00
  0.0000E+00 3.0454E-05 9.1452E-05 9.1452E-05 4.5726E-05 3.0484E-04 6.0968E-04
  0.0000E+00 0.0000E+00 0.0000E+00 4.5726E-05 9.1452E-05 3.0454E-05 1.9815E-04
  2.1339E-03 1.4815E-02 1.7848E-02 8.6117E-03 2.2711E-03 1.0669E-04 0.0000E+00
  0.0000E+00 0.0000E+00 4.5726E-05 4.5726E-05 0.0000E+00 3.0484E-04 6.0968E-04
  0.0000E+00 0.0000E+00 0.0000E+00 0.0000E+00 0.0000E+00 0.0000E+00 0.0000E+00
  0.0000E+00 9.2366E-03 1.1889E-02 1.2986E-02 7.1637E-03 2.8655E-03 1.0060E-03
  1.5242E-05 0.0000E+00 0.0000E+00 0.0000E+00 0.0000E+00 3.0484E-04 6.0968E-04
  0.0000E+00 0.0000E+00 0.0000E+00 0.0000E+00 0.0000E+00 0.0000E+00 0.0000E+00
  0.0000E+00 1.5242E-04 8.0020E-03 1.7223E-02 1.6842E-02 9.8311E-03 3.2008E-03
  3.8105E-04 0.0000E+00 0.0000E+00 0.0000E+00 0.0000E+00 3.0484E-04 6.0968E-04
  0.0000E+00 0.0000E+00 0.0000E+00 0.0000E+00 0.0000E+00 0.0000E+00 0.0000E+00
  0.0000E+00 0.0000E+00 1.4175E-03 1.2285E-02 2.0287E-02 1.7666E-02 6.8284E-03
  1.0212E-03 0.0000E+00 0.0000E+00 0.0000E+00 0.0000E+00 3.0484E-04 6.0968E-04
  0.0000E+00 0.0000E+00 0.0000E+00 0.0000E+00 0.0000E+00 0.0000E+00 0.0000E+00
  0.0000E+00 0.0000E+00 4.8774E-03 1.8763E-02 3.0499E-02 2.4662E-02 1.0547E-02
  3.0179E-03 2.6433E-04 0.0000E+00 0.0000E+00 0.0000E+00 3.0484E-04 6.0968E-04
  0.0000E+00 0.0000E+00 0.0000E+00 0.0000E+00 0.0000E+00 0.0000E+00 0.0000E+00
  0.0000E+00 0.0000E+00 3.9934E-03 2.2147E-02 4.0010E-02 3.1292E-02 1.4556E-02
  4.9994E-03 9.9594E-04 7.3162E-04 1.2498E-03 1.9205E-03 1.3413E-03 6.0968E-04
  7.3162E-04 9.4501E-04 7.1638E-04 1.3718E-04 0.0000E+00 0.0000E+00 0.0000E+00
  0.0000E+00 0.0000E+00 5.7157E-03 2.3488E-02 3.6306E-02 2.7085E-02 1.2575E-02
  3.7191E-03 2.7448E-04 1.5242E-05 0.0000E+00 1.5242E-05 3.2008E-04 6.0968E-04
  2.0424E-02 2.1186E-02 1.5852E-02 5.0299E-03 1.5242E-04 0.0000E+00 0.0000E+00
  0.0000E+00 0.0000E+00 1.9815E-03 1.5699E-02 3.0484E-02 2.5302E-02 9.6024E-03
  4.5726E-03 2.6931E-03 1.6766E-03 1.5242E-03 2.2863E-03 1.7528E-03 6.0968E-04
  1.6217E-02 1.5623E-02 1.0487E-02 3.0789E-03 1.0669E-04 3.6599E-04 8.2307E-04
  1.5090E-03 0.0000E+00 1.0669E-03 1.4693E-02 2.3229E-02 2.0866E-02 5.5938E-03
  1.0212E-03 1.0163E-04 7.6210E-05 4.1153E-04 1.0365E-03 9.7549E-04 6.0968E-04
  4.8774E-03 4.8622E-03 3.5514E-03 1.2194E-03 1.3718E-04 9.1452E-05 4.5726E-05
  1.0669E-04 1.0669E-04 1.3108E-03 1.1233E-02 1.3550E-02 7.7734E-03 1.0517E-03
  1.4023E-03 6.5065E-04 0.0000E+00 0.0000E+00 3.5057E-04 6.5541E-04 6.0968E-04
  3.3227E-03 3.3685E-03 3.0636E-03 1.9967E-03 1.2803E-03 5.4835E-04 4.5726E-05
  0.0000E+00 0.0000E+00 1.1432E-03 7.1790E-03 9.8158E-03 3.9324E-03 0.0000E+00
  3.7495E-03 3.4559E-03 6.7065E-04 0.0000E+00 3.0484E-04 6.0968E-04 6.0968E-04
  5.4871E-04 2.7436E-04 2.7436E-04 5.4871E-04 2.7436E-04 3.6599E-04 1.3718E-04
  0.0000E+00 1.5242E-04 1.0517E-03 4.6945E-03 3.5209E-03 7.3162E-04 2.7435E-04
  2.7893E-03 1.4943E-03 1.3718E-04 0.0000E+00 0.0000E+00 3.0484E-04 6.0968E-04
  0.0000E+00 0.0000E+00 0.0000E+00 0.0000E+00 0.0000E+00 0.0000E+00 0.0000E+00
  0.0000E+00 2.2863E-04 9.1452E-04 1.2956E-03 1.1432E-03 4.5726E-04 1.0593E-02
  1.2194E-02 5.1332E-03 8.3831E-04 0.0000E+00 0.0000E+00 3.0484E-04 6.0968E-04
  0.0000E+00 0.0000E+00 0.0000E+00 0.0000E+00 0.0000E+00 0.0000E+00 0.0000E+00
  0.0000E+00 1.5242E-04 7.6210E-04 1.3565E-03 1.4785E-03 4.0544E-03 5.5786E-03
  6.5541E-03 4.7780E-04 1.5242E-05 0.0000E+00 0.0000E+00 3.0484E-04 6.0968E-04
  0.0000E+00 0.0000E+00 0.0000E+00 0.0000E+00 0.0000E+00 0.0000E+00 0.0000E+00
  0.0000E+00 0.0000E+00 8.6879E-04 6.0968E-03 7.9716E-03 1.0822E-03 0.0000E+00
  0.0000E+00 0.0000E+00 0.0000E+00 0.0000E+00 0.0000E+00 3.0484E-04 6.0968E-04
  0.0000E+00 0.0000E+00 0.0000E+00 0.0000E+00 0.0000E+00 0.0000E+00 0.0000E+00
  0.0000E+00 0.0000E+00 4.2830E-03 3.3441E-02 5.2036E-02 3.1810E-02 1.9205E-03
  0.0000E+00 0.0000E+00 0.0000E+00 1.0669E-04 1.0669E-04 3.0484E-04 6.0968E-04
  0.0000E+00 0.0000E+00 0.0000E+00 0.0000E+00 0.0000E+00 0.0000E+00 0.0000E+00
  7.6209E-05 1.1401E-02 3.5803E-02 1.7772E-02 3.7312E-02 5.9840E-02 1.1111E-02
  0.0000E+00 0.0000E+00 0.0000E+00 0.0000E+00 0.0000E+00 3.0484E-04 6.0968E-04
  0.0000E+00 0.0000E+00 0.0000E+00 0.0000E+00 0.0000E+00 5.7034E-05 2.1377E-04
  4.1044E-03 2.9586E-02 8.3413E-02 4.1001E-02 8.9783E-03 5.5580E-03 3.2921E-03
  1.0261E-03 9.6915E-04 7.2682E-04 5.1305E-04 4.2754E-04 6.4131E-04 8.5508E-04
  0.0000E+00 0.0000E+00 0.0000E+00 0.0000E+00 0.0000E+00 0.0000E+00 0.0000E+00
  2.1719E-03 1.2621E-02 2.7961E-02 1.6144E-02 4.8483E-03 3.8479E-04 6.8406E-05
  4.2754E-05 3.7611E-04 7.8667E-04 9.5769E-04 9.1493E-04 8.6363E-04 8.5508E-04
  1.7102E-04 1.7102E-04 1.7102E-04 8.5508E-05 5.9856E-05 1.5393E-04 2.9928E-04
  3.2921E-03 2.1813E-02 2.8850E-02 9.3204E-03 2.3087E-03 3.8479E-04 2.5652E-05
  0.0000E+00 1.7084E-05 5.1305E-05 1.1116E-04 8.5508E-05 4.2754E-04 8.5508E-04
  1.7102E-04 1.7102E-04 8.5508E-05 0.0000E+00 0.0000E+00 1.1407E-04 6.8406E-04
  6.1566E-03 2.9509E-02 4.5969E-02 2.4823E-02 7.5760E-03 1.8812E-03 7.6102E-04
  1.7957E-04 2.2796E-04 3.4203E-04 1.9667E-04 2.5652E-05 4.2754E-04 8.5508E-04
  1.5391E-04 1.5391E-04 7.6957E-05 0.0000E+00 0.0000E+00 0.0000E+00 0.0000E+00
  0.0000E+00 4.9082E-03 2.4062E-02 3.4605E-02 1.8307E-02 7.3024E-03 2.8303E-03
  9.6624E-04 3.2498E-04 1.1971E-04 8.5508E-06 0.0000E+00 4.2754E-04 8.5508E-04
  0.0000E+00 0.0000E+00 0.0000E+00 0.0000E+00 0.0000E+00 0.0000E+00 0.0000E+00
  0.0000E+00 2.1377E-03 1.6717E-02 3.3006E-02 3.4759E-02 2.1078E-02 7.1827E-03
  1.8812E-03 9.9762E-04 6.4131E-04 1.7102E-04 0.0000E+00 4.2754E-04 8.5508E-04
  0.0000E+00 0.0000E+00 0.0000E+00 0.0000E+00 0.0000E+00 0.0000E+00 0.0000E+00
  0.0000E+00 5.9856E-05 4.6431E-03 2.3215E-02 3.8555E-02 3.3613E-02 1.5417E-02
  3.6597E-03 6.7283E-04 2.4797E-04 7.6957E-05 0.0000E+00 4.2754E-04 8.5508E-04
  0.0000E+00 0.0000E+00 0.0000E+00 0.0000E+00 0.0000E+00 0.0000E+00 0.0000E+00
  0.0000E+00 6.4986E-04 6.6525E-03 2.3917E-02 4.3062E-02 3.9864E-02 2.3660E-02
  8.1831E-03 1.7904E-03 7.8667E-04 4.9595E-04 3.2493E-04 5.6435E-04 8.5508E-04
  0.0000E+00 0.0000E+00 0.0000E+00 0.0000E+00 0.0000E+00 0.0000E+00 0.0000E+00
  0.0000E+00 7.0972E-04 6.3447E-03 2.5892E-02 4.8799E-02 4.6046E-02 2.8773E-02
  1.1261E-02 2.9989E-03 2.1805E-03 2.6165E-03 3.0270E-03 1.9581E-03 8.5508E-04
  0.0000E+00 0.0000E+00 0.0000E+00 0.0000E+00 0.0000E+00 0.0000E+00 0.0000E+00
  0.0000E+00 1.0090E-03 7.5247E-03 2.5635E-02 4.1266E-02 3.7162E-02 2.3959E-02
  9.9446E-03 3.0504E-03 1.5477E-03 1.0945E-03 9.8334E-04 9.4914E-04 8.5508E-04
  0.0000E+00 0.0000E+00 0.0000E+00 0.0000E+00 0.0000E+00 0.0000E+00 0.0000E+00
  0.0000E+00 3.4203E-04 4.2326E-03 1.6375E-02 3.0868E-02 2.9543E-02 1.4622E-02
  1.2826E-02 1.1346E-02 5.6863E-03 3.4631E-03 2.5225E-03 1.4109E-03 8.5508E-04
  5.1305E-05 5.1305E-05 5.1305E-05 3.4203E-05 8.5508E-06 3.0798E-04 3.0783E-04
  5.3870E-04 8.5508E-05 2.4968E-03 1.4126E-02 2.3438E-02 2.4019E-02 7.9779E-03
  3.5999E-03 2.1040E-03 1.0175E-03 1.0945E-03 1.1373E-03 8.9783E-04 8.5508E-04
  1.5391E-04 7.6957E-05 1.9667E-04 3.8479E-04 4.2754E-04 2.9634E-04 0.0000E+00
  1.4536E-04 2.5652E-04 2.5652E-03 1.1253E-02 1.3844E-02 9.4230E-03 3.1381E-03
  4.8825E-03 3.4669E-03 1.0090E-03 5.2160E-04 4.9595E-04 6.7551E-04 8.5508E-04
  3.9334E-04 4.7884E-04 8.2088E-04 1.3425E-03 2.0351E-03 1.8010E-03 1.7102E-04
  0.0000E+00 3.7624E-04 2.7020E-03 6.8406E-03 7.9009E-03 5.1305E-03 3.6426E-03
  2.1180E-02 1.5806E-02 5.1134E-03 2.9158E-03 3.1980E-03 2.1463E-03 8.5508E-04
  1.5392E-04 7.6957E-05 1.5392E-04 3.9334E-04 3.2493E-04 3.7634E-04 7.6957E-05
  7.6957E-05 6.0711E-04 1.5648E-03 5.1561E-03 5.7119E-03 4.6089E-03 2.8474E-03
  5.3613E-03 3.4157E-03 9.7479E-04 1.1886E-03 2.3087E-03 1.8641E-03 8.5508E-04
  0.0000E+00 0.0000E+00 0.0000E+00 0.0000E+00 0.0000E+00 0.0000E+00 0.0000E+00
  0.0000E+00 7.6957E-04 1.8384E-03 3.7623E-03 6.5841E-03 4.9595E-03 8.8928E-03
  8.5080E-03 4.5037E-03 2.4797E-03 6.4131E-04 2.9928E-04 5.9856E-04 8.5508E-04
  0.0000E+00 0.0000E+00 0.0000E+00 0.0000E+00 0.0000E+00 0.0000E+00 0.0000E+00
  0.0000E+00 6.6696E-04 2.1633E-03 5.9257E-03 6.8235E-03 9.2776E-03 1.0962E-02
  5.4469E-03 2.1265E-03 1.2741E-03 5.9856E-04 1.7957E-04 4.3609E-04 8.5508E-04
  0.0000E+00 0.0000E+00 0.0000E+00 0.0000E+00 0.0000E+00 0.0000E+00 0.0000E+00
  0.0000E+00 4.6174E-04 4.2326E-03 1.3981E-02 1.0885E-02 3.4460E-03 2.1633E-03
  1.1544E-03 2.4510E-04 2.5652E-04 2.2232E-04 1.3681E-04 4.5319E-04 8.5508E-04
  0.0000E+00 0.0000E+00 0.0000E+00 0.0000E+00 0.0000E+00 0.0000E+00 0.0000E+00
  0.0000E+00 8.4653E-04 7.5418E-03 3.4725E-02 4.8423E-02 1.7871E-02 3.4802E-03
  6.1993E-03 2.3892E-03 8.4653E-04 8.9783E-04 8.9783E-04 8.0377E-04 8.5508E-04
  0.0000E+00 0.0000E+00 0.0000E+00 0.0000E+00 0.0000E+00 0.0000E+00 1.7101E-05
  8.7218E-04 1.7324E-02 5.0193E-02 3.4836E-02 2.9346E-02 4.0223E-02 1.1740E-02
  4.9766E-03 2.2925E-03 4.6174E-04 3.0783E-04 2.3087E-04 5.0450E-04 8.5508E-04
  0.0000E+00 0.0000E+00 0.0000E+00 0.0000E+00 2.3601E-05 4.7202E-05 2.8321E-04
  5.4519E-03 2.6598E-02 7.1464E-02 7.5051E-02 3.2782E-02 1.6497E-02 1.2839E-02
  2.2893E-03 3.1468E-03 2.4309E-03 1.1328E-03 5.9003E-04 1.0857E-03 1.6029E-03
  0.0000E+00 0.0000E+00 0.0000E+00 0.0000E+00 0.0000E+00 0.0000E+00 0.0000E+00
  2.7188E-03 1.8513E-02 4.3393E-02 4.5290E-02 1.1107E-02 1.2603E-03 6.4667E-04
  1.8881E-04 9.0606E-04 1.1140E-03 7.9300E-04 6.8443E-04 1.1376E-03 1.6029E-03
  0.0000E+00 0.0000E+00 0.0000E+00 4.7202E-05 9.4404E-05 1.5737E-04 2.3601E-04
  5.0081E-03 2.9973E-02 3.5345E-02 2.2487E-02 7.0190E-03 2.0958E-03 5.3810E-04
  3.5402E-04 9.4091E-04 6.8443E-04 2.8793E-04 6.1363E-05 8.0244E-04 1.6029E-03
  0.0000E+00 0.0000E+00 0.0000E+00 1.4161E-05 6.1363E-05 9.4404E-05 7.2219E-04
  8.1235E-03 3.7247E-02 5.8257E-02 3.9272E-02 1.5553E-02 9.8086E-03 3.7667E-03
  9.2988E-04 3.2281E-03 3.9319E-03 2.5064E-03 9.2988E-04 9.9597E-04 1.6029E-03
  0.0000E+00 0.0000E+00 0.0000E+00 0.0000E+00 0.0000E+00 0.0000E+00 0.0000E+00
  0.0000E+00 5.2158E-03 2.9242E-02 4.9312E-02 3.0979E-02 1.4014E-02 4.8618E-03
  1.5907E-03 1.9538E-03 2.0438E-03 9.2044E-04 2.3601E-04 8.5436E-04 1.6029E-03
  0.0000E+00 0.0000E+00 0.0000E+00 0.0000E+00 0.0000E+00 0.0000E+00 0.0000E+00
  0.0000E+00 2.1005E-03 1.5671E-02 4.0358E-02 4.9845E-02 3.1885E-02 1.1517E-02
  3.4221E-03 2.4859E-03 2.0769E-03 1.0148E-03 3.7762E-04 9.2044E-04 1.6029E-03
  0.0000E+00 0.0000E+00 0.0000E+00 0.0000E+00 0.0000E+00 0.0000E+00 0.0000E+00
  0.0000E+00 2.9265E-04 4.7721E-03 2.1925E-02 4.3138E-02 4.2954E-02 2.1892E-02
  7.3022E-03 3.8828E-03 4.2671E-03 2.8227E-03 1.0715E-03 1.0243E-03 1.6029E-03
  0.0000E+00 0.0000E+00 0.0000E+00 0.0000E+00 3.3042E-05 2.1721E-04 6.6083E-05
  0.0000E+00 6.2779E-04 5.7539E-03 2.0519E-02 3.9985E-02 4.5021E-02 3.1786E-02
  1.4236E-02 5.4852E-03 3.9650E-03 2.2704E-03 9.8652E-04 1.0904E-03 1.6029E-03
  0.0000E+00 0.0000E+00 0.0000E+00 0.0000E+00 0.0000E+00 0.0000E+00 0.0000E+00
  0.0000E+00 6.6083E-04 5.4802E-03 2.0037E-02 3.8172E-02 4.3388E-02 3.4391E-02
  1.5832E-02 5.0828E-03 3.7290E-03 4.0169E-03 4.0122E-03 2.6622E-03 1.6029E-03
  6.6083E-05 8.9684E-05 7.5524E-05 1.8881E-05 0.0000E+00 0.0000E+00 0.0000E+00
  4.7202E-06 1.4822E-03 6.8160E-03 1.9074E-02 3.2211E-02 3.4882E-02 2.7500E-02
  1.3160E-02 6.0295E-03 5.8767E-03 5.1828E-03 3.4033E-03 2.1335E-03 1.6029E-03
  2.0297E-03 2.1241E-03 1.5105E-03 4.0122E-04 0.0000E+00 0.0000E+00 4.7202E-05
  0.0000E+00 5.4283E-04 3.5638E-03 1.2060E-02 2.3153E-02 2.6174E-02 1.5836E-02
  1.2461E-02 1.0055E-02 7.7647E-03 5.9239E-03 3.6582E-03 2.1713E-03 1.6029E-03
  1.3972E-03 1.2084E-03 5.8059E-04 7.5523E-05 4.7202E-06 1.1334E-04 1.2745E-04
  8.4964E-05 9.4404E-05 2.0533E-03 1.0200E-02 1.9740E-02 2.3091E-02 1.0356E-02
  7.5004E-03 2.7603E-03 1.4491E-03 1.3736E-03 1.4916E-03 1.5813E-03 1.6029E-03
  6.8915E-04 5.5226E-04 2.5489E-04 6.1363E-05 1.4161E-05 1.8890E-05 1.4161E-05
  0.0000E+00 9.4404E-05 1.7512E-03 8.6380E-03 1.2070E-02 9.2894E-03 4.8193E-03
  6.4289E-03 5.1177E-03 2.7944E-03 2.6197E-03 2.3176E-03 1.7559E-03 1.6029E-03
  4.3426E-04 3.8706E-04 3.3986E-04 3.0209E-04 2.6433E-04 1.2580E-04 1.4161E-05
  0.0000E+00 2.5489E-04 2.0958E-03 5.4991E-03 6.2779E-03 8.6522E-03 7.0614E-03
  1.4024E-02 1.1104E-02 8.4681E-03 1.0946E-02 1.0687E-02 5.1875E-03 1.6029E-03
  8.4964E-05 4.2482E-05 4.2482E-05 8.4964E-05 4.2482E-05 5.6671E-05 0.0000E+00
  4.2482E-05 3.3514E-04 1.2509E-03 3.8847E-03 8.1235E-03 1.3995E-02 8.5530E-03
  4.8005E-03 3.0371E-03 2.1147E-03 2.5725E-03 3.3089E-03 2.5253E-03 1.6029E-03
  0.0000E+00 0.0000E+00 0.0000E+00 0.0000E+00 0.0000E+00 0.0000E+00 0.0000E+00
  0.0000E+00 4.7202E-04 1.5577E-03 5.7587E-03 1.5789E-02 1.5176E-02 1.1564E-02
  5.9003E-03 3.3513E-03 3.4221E-03 2.5961E-03 1.3217E-03 1.2273E-03 1.6029E-03
  0.0000E+00 0.0000E+00 0.0000E+00 0.0000E+00 0.0000E+00 0.0000E+00 0.0000E+00
  4.2482E-05 5.0506E-04 2.6811E-03 1.0729E-02 1.7021E-02 1.2627E-02 7.5759E-03
  3.7054E-03 2.9956E-03 2.9737E-03 1.8362E-03 7.5051E-04 1.0007E-03 1.6029E-03
  0.0000E+00 0.0000E+00 0.0000E+00 0.0000E+00 0.0000E+00 0.0000E+00 0.0000E+00
  9.4404E-05 6.1363E-04 5.1450E-03 1.6894E-02 1.4949E-02 7.1983E-03 6.3629E-03
  3.5732E-03 1.4759E-03 1.0762E-03 7.1747E-04 4.4842E-04 9.7236E-04 1.6029E-03
  0.0000E+00 0.0000E+00 0.0000E+00 0.0000E+00 0.0000E+00 0.0000E+00 0.0000E+00
  1.6049E-04 1.4349E-03 1.3693E-02 4.3874E-02 4.4087E-02 1.9707E-02 8.2037E-03
  6.2543E-03 2.4739E-03 1.4680E-03 1.6049E-03 1.5435E-03 1.5199E-03 1.6029E-03
  0.0000E+00 0.0000E+00 0.0000E+00 0.0000E+00 4.7202E-05 9.4404E-05 1.0384E-04
  1.0715E-03 1.1970E-02 4.7589E-02 5.9291E-02 3.6511E-02 2.8090E-02 1.2428E-02
  4.5456E-03 2.2695E-03 9.7236E-04 9.2516E-04 8.8268E-04 1.1989E-03 1.6029E-03
  3.8183E-04 1.9091E-04 0.0000E+00 1.2728E-05 3.8183E-05 5.0911E-05 3.4365E-04
  4.5438E-03 2.2464E-02 5.3532E-02 6.0991E-02 2.9299E-02 1.5515E-02 8.9730E-03
  3.1819E-03 4.5059E-03 2.8255E-03 1.2473E-03 9.0366E-04 2.1637E-03 3.2583E-03
  0.0000E+00 0.0000E+00 0.0000E+00 0.0000E+00 0.0000E+00 0.0000E+00 1.3491E-04
  2.5862E-03 1.5747E-02 4.0367E-02 5.2644E-02 3.0495E-02 3.9278E-03 9.9275E-04
  3.9201E-04 1.5255E-03 1.3211E-03 7.2547E-04 5.3202E-04 1.8939E-03 3.2583E-03
  0.0000E+00 0.0000E+00 0.0000E+00 0.0000E+00 2.5455E-05 8.4868E-05 1.2728E-04
  3.4492E-03 2.1044E-02 2.8286E-02 2.5669E-02 1.5006E-02 5.3991E-03 2.1484E-03
  1.8964E-03 5.7529E-03 4.0525E-03 1.4000E-03 3.5637E-04 1.7513E-03 3.2583E-03
  0.0000E+00 0.0000E+00 0.0000E+00 0.0000E+00 2.5455E-05 6.1098E-05 4.3274E-04
  5.1521E-03 2.4592E-02 4.3658E-02 4.1304E-02 2.0787E-02 1.0699E-02 4.3427E-03
  1.7615E-03 8.2916E-03 9.7799E-03 5.7503E-03 2.9961E-03 2.8332E-03 3.2583E-03
  0.0000E+00 0.0000E+00 0.0000E+00 0.0000E+00 0.0000E+00 0.0000E+00 0.0000E+00
  9.1639E-05 4.8238E-03 2.4493E-02 4.4974E-02 3.5457E-02 1.8198E-02 7.4940E-03
  3.5026E-03 1.8903E-03 1.7895E-03 1.0208E-03 8.4766E-04 2.1204E-03 3.2583E-03
  0.0000E+00 0.0000E+00 0.0000E+00 0.0000E+00 0.0000E+00 0.0000E+00 0.0000E+00
  1.2728E-05 1.7182E-03 1.1149E-02 3.0101E-02 4.4534E-02 3.4937E-02 1.5286E-02
  6.2747E-03 3.6740E-03 3.1692E-03 2.3801E-03 2.1764E-03 2.7492E-03 3.2583E-03
  0.0000E+00 0.0000E+00 0.0000E+00 0.0000E+00 0.0000E+00 0.0000E+00 0.0000E+00
  0.0000E+00 4.0219E-04 3.6274E-03 1.5609E-02 3.3975E-02 3.9680E-02 2.4025E-02
  1.0770E-02 7.2819E-03 7.0969E-03 5.0656E-03 2.2121E-03 2.1841E-03 3.2583E-03
  0.0000E+00 0.0000E+00 0.0000E+00 0.0000E+00 0.0000E+00 2.3770E-05 3.5637E-05
  0.0000E+00 4.4038E-04 3.6656E-03 1.3397E-02 2.8281E-02 3.7406E-02 3.0406E-02
  2.1148E-02 1.0866E-02 6.7736E-03 4.4827E-03 2.4437E-03 2.4692E-03 3.2583E-03
  0.0000E+00 0.0000E+00 0.0000E+00 0.0000E+00 0.0000E+00 0.0000E+00 0.0000E+00
  0.0000E+00 3.9710E-04 3.2023E-03 1.3489E-02 3.1725E-02 3.6149E-02 2.9375E-02
  1.6770E-02 6.9500E-03 5.4347E-03 5.0529E-03 4.0321E-03 3.3168E-03 3.2583E-03
  8.0948E-04 8.7057E-04 5.4729E-04 8.4003E-05 2.5455E-06 0.0000E+00 5.0911E-06
  0.0000E+00 4.4801E-04 3.0419E-03 1.0141E-02 1.9371E-02 2.4452E-02 2.2306E-02
  1.2898E-02 9.1253E-03 7.4482E-03 8.3697E-03 1.2687E-02 9.2326E-03 3.2583E-03
  4.4292E-03 4.5438E-03 3.4492E-03 1.3109E-03 1.9091E-04 0.0000E+00 1.2728E-04
  2.5455E-05 2.0364E-04 1.8073E-03 6.8093E-03 1.2753E-02 1.5324E-02 1.3275E-02
  1.1875E-02 1.3610E-02 1.3822E-02 1.2779E-02 1.2460E-02 8.0057E-03 3.2583E-03
  3.1615E-03 3.0623E-03 2.1026E-03 6.8729E-04 6.6184E-05 9.1685E-05 6.8729E-05
  9.1639E-05 1.2219E-04 1.1277E-03 5.9463E-03 1.0172E-02 1.1025E-02 1.1895E-02
  1.6401E-02 5.9084E-03 3.8870E-03 3.7266E-03 3.3194E-03 3.2175E-03 3.2583E-03
  7.0256E-04 7.6620E-04 5.3711E-04 1.2219E-04 7.6366E-06 4.9230E-05 7.6366E-06
  0.0000E+00 2.1637E-04 9.5712E-04 5.0554E-03 6.9696E-03 7.2293E-03 9.1843E-03
  2.0799E-02 1.2800E-02 4.9663E-03 4.2510E-03 4.0525E-03 3.3346E-03 3.2583E-03
  3.8692E-04 3.7674E-04 2.6728E-04 1.1964E-04 1.0691E-04 1.3576E-04 1.5273E-05
  0.0000E+00 1.5528E-04 1.1277E-03 3.3779E-03 5.0300E-03 1.2470E-02 1.2990E-02
  2.9622E-02 2.0070E-02 1.0251E-02 9.4210E-03 8.9119E-03 5.3940E-03 3.2583E-03
  9.1639E-05 4.5820E-05 0.0000E+00 2.2910E-05 2.2910E-05 6.1123E-05 2.2910E-05
  2.5455E-05 2.7746E-04 6.9747E-04 2.5506E-03 9.5610E-03 2.3930E-02 1.4072E-02
  8.3952E-03 4.8226E-03 4.6685E-03 3.8514E-03 3.8107E-03 3.5485E-03 3.2583E-03
  0.0000E+00 0.0000E+00 0.0000E+00 0.0000E+00 0.0000E+00 0.0000E+00 0.0000E+00
  1.2728E-05 2.4183E-04 9.9275E-04 6.8475E-03 2.5112E-02 2.6219E-02 1.1837E-02
  5.6893E-03 5.6420E-03 6.2874E-03 4.1619E-03 1.9091E-03 2.2146E-03 3.2583E-03
  0.0000E+00 0.0000E+00 0.0000E+00 0.0000E+00 0.0000E+00 0.0000E+00 0.0000E+00
  4.8365E-05 2.9783E-04 2.3062E-03 1.3099E-02 2.5529E-02 1.4713E-02 9.6094E-03
  9.7163E-03 5.6839E-03 3.6121E-03 2.0339E-03 9.8766E-04 1.9779E-03 3.2583E-03
  0.0000E+00 0.0000E+00 0.0000E+00 0.0000E+00 0.0000E+00 0.0000E+00 4.0728E-05
  5.6511E-04 7.9420E-04 6.3944E-03 1.7340E-02 1.8040E-02 1.1686E-02 1.1068E-02
  8.9043E-03 4.7763E-03 2.1433E-03 1.0411E-03 5.7783E-04 1.8379E-03 3.2583E-03
  0.0000E+00 0.0000E+00 0.0000E+00 0.0000E+00 0.0000E+00 0.0000E+00 2.5455E-05
  3.4110E-04 1.4255E-03 1.2893E-02 3.6890E-02 3.9774E-02 2.1721E-02 1.1267E-02
  6.4402E-03 2.4747E-03 1.6877E-03 1.7895E-03 1.7081E-03 2.4310E-03 3.2583E-03
  0.0000E+00 0.0000E+00 0.0000E+00 2.5455E-05 5.3456E-05 8.6563E-05 1.3746E-04
  9.5712E-04 1.0169E-02 3.6172E-02 5.1343E-02 3.6564E-02 3.4515E-02 1.5571E-02
  6.0329E-03 3.7598E-03 1.5782E-03 1.2880E-03 1.4408E-03 2.3750E-03 3.2583E-03
  8.6663E-04 4.4149E-04 8.1758E-06 0.0000E+00 8.1758E-06 2.7258E-05 2.6163E-04
  3.4747E-03 1.8363E-02 4.2800E-02 5.0943E-02 3.0929E-02 1.3662E-02 7.5381E-03
  2.5018E-03 3.1286E-03 2.5263E-03 1.7169E-03 1.8641E-03 4.1942E-03 6.1148E-03
  6.5406E-06 3.2703E-06 0.0000E+00 0.0000E+00 0.0000E+00 0.0000E+00 1.0302E-04
  1.7807E-03 1.3315E-02 3.0654E-02 3.7331E-02 2.9711E-02 7.2045E-03 2.7275E-03
  9.3695E-04 2.9593E-03 2.8010E-03 1.4815E-03 8.5355E-04 3.4535E-03 6.1148E-03
  0.0000E+00 0.0000E+00 0.0000E+00 0.0000E+00 1.6352E-05 5.4516E-05 1.7496E-04
  2.6490E-03 1.5480E-02 2.5147E-02 3.3964E-02 2.0793E-02 1.1646E-02 9.8780E-03
  2.4691E-03 4.6238E-03 4.3937E-03 2.3399E-03 1.0056E-03 3.4093E-03 6.1148E-03
  0.0000E+00 0.0000E+00 0.0000E+00 0.0000E+00 1.6352E-05 5.4516E-05 3.5973E-04
  3.7641E-03 1.6419E-02 3.0981E-02 3.7197E-02 2.3303E-02 1.4935E-02 8.2265E-03
  3.6186E-03 8.1419E-03 8.9394E-03 5.9127E-03 4.4002E-03 5.2325E-03 6.1148E-03
  0.0000E+00 0.0000E+00 0.0000E+00 0.0000E+00 0.0000E+00 0.0000E+00 0.0000E+00
  1.1937E-04 3.6268E-03 1.7889E-02 3.6013E-02 3.4788E-02 2.2380E-02 1.1667E-02
  5.8817E-03 5.0862E-03 4.7420E-03 3.4224E-03 3.2376E-03 4.8482E-03 6.1148E-03
  0.0000E+00 0.0000E+00 0.0000E+00 0.0000E+00 0.0000E+00 0.0000E+00 0.0000E+00
  1.6352E-05 1.2018E-03 7.5871E-03 2.1723E-02 3.6112E-02 3.1215E-02 1.6213E-02
  1.0457E-02 9.8058E-03 7.7670E-03 6.0256E-03 5.8539E-03 6.0664E-03 6.1148E-03
  0.0000E+00 0.0000E+00 0.0000E+00 0.0000E+00 0.0000E+00 0.0000E+00 0.0000E+00
  0.0000E+00 4.0388E-04 2.7029E-03 1.0699E-02 2.5126E-02 3.3330E-02 2.4227E-02
  1.4826E-02 1.2954E-02 1.0179E-02 6.1204E-03 3.2425E-03 4.2383E-03 6.1148E-03
  0.0000E+00 0.0000E+00 0.0000E+00 0.0000E+00 0.0000E+00 1.5269E-05 0.0000E+00
  0.0000E+00 3.7609E-04 2.4380E-03 7.9861E-03 1.8467E-02 2.8908E-02 2.8463E-02
  2.2549E-02 1.4263E-02 1.1032E-02 9.2043E-03 5.7934E-03 4.8630E-03 6.1148E-03
  0.0000E+00 0.0000E+00 0.0000E+00 0.0000E+00 0.0000E+00 0.0000E+00 0.0000E+00
  0.0000E+00 2.7144E-04 2.1159E-03 6.3575E-03 1.3027E-02 2.1661E-02 2.4223E-02
  1.8776E-02 1.3189E-02 1.3271E-02 1.3217E-02 9.6474E-03 6.3608E-03 6.1148E-03
  1.4062E-04 1.6352E-04 1.1119E-04 1.7987E-05 0.0000E+00 0.0000E+00 0.0000E+00
  0.0000E+00 4.0879E-04 2.1224E-03 5.2145E-03 9.6360E-03 1.5591E-02 1.8075E-02
  1.3562E-02 1.1617E-02 9.6687E-03 7.3566E-03 7.0116E-03 6.6469E-03 6.1148E-03
  2.2402E-03 2.2974E-03 1.6679E-03 5.2325E-04 3.2703E-05 0.0000E+00 0.0000E+00
  0.0000E+00 5.7231E-05 1.0710E-03 3.8671E-03 6.6306E-03 9.3695E-03 1.1986E-02
  1.5330E-02 1.5987E-02 1.5256E-02 1.3580E-02 1.0939E-02 7.7834E-03 6.1148E-03
  1.7006E-03 1.6025E-03 9.6638E-04 2.2075E-04 6.5407E-06 7.8527E-05 1.1773E-04
  1.7660E-04 0.0000E+00 4.2351E-04 3.0888E-03 5.5612E-03 6.5668E-03 1.2674E-02
  2.7220E-02 1.5966E-02 1.1449E-02 1.1240E-02 1.1031E-02 8.4014E-03 6.1148E-03
  4.7093E-04 4.7910E-04 3.4175E-04 9.8110E-05 0.0000E+00 3.4901E-05 6.5406E-05
  9.6475E-05 8.5028E-05 2.8288E-04 2.0358E-03 3.6088E-03 5.5448E-03 1.1310E-02
  3.4188E-02 2.1338E-02 1.3093E-02 1.3603E-02 1.3403E-02 9.4856E-03 6.1148E-03
  2.9106E-04 2.9596E-04 2.6326E-04 1.5861E-04 1.0302E-04 7.3016E-05 9.8109E-06
  0.0000E+00 2.2892E-05 3.9898E-04 1.5910E-03 3.7968E-03 1.3250E-02 1.6335E-02
  4.3924E-02 3.2461E-02 2.0052E-02 2.0606E-02 2.2843E-02 1.4556E-02 6.1148E-03
  5.8866E-05 2.9433E-05 1.4717E-05 2.9433E-05 1.4717E-05 4.1445E-05 2.9433E-05
  0.0000E+00 9.6474E-05 3.3194E-04 1.5223E-03 1.0156E-02 3.5092E-02 2.3685E-02
  2.1339E-02 1.2425E-02 1.0622E-02 1.0552E-02 1.3345E-02 1.0455E-02 6.1148E-03
  0.0000E+00 0.0000E+00 0.0000E+00 0.0000E+00 0.0000E+00 0.0000E+00 0.0000E+00
  0.0000E+00 7.3582E-05 6.2136E-04 5.2162E-03 2.4045E-02 3.3447E-02 1.3416E-02
  7.2683E-03 9.4882E-03 9.5820E-03 5.3797E-03 2.9923E-03 4.3577E-03 6.1148E-03
  0.0000E+00 0.0000E+00 0.0000E+00 0.0000E+00 0.0000E+00 0.0000E+00 0.0000E+00
  1.4717E-05 1.4062E-04 1.8673E-03 1.0732E-02 2.1820E-02 1.6785E-02 9.8191E-03
  5.8326E-03 7.0035E-03 6.5292E-03 4.2988E-03 2.9727E-03 4.3283E-03 6.1148E-03
  0.0000E+00 0.0000E+00 0.0000E+00 0.0000E+00 0.0000E+00 0.0000E+00 4.7420E-05
  6.4425E-04 5.9683E-04 4.7779E-03 1.6677E-02 2.0093E-02 1.4414E-02 1.2658E-02
  1.0470E-02 5.8428E-03 3.2752E-03 2.1682E-03 1.2836E-03 3.4911E-03 6.1148E-03
  0.0000E+00 0.0000E+00 0.0000E+00 0.0000E+00 0.0000E+00 0.0000E+00 4.9055E-06
  3.1559E-04 1.1021E-03 1.0037E-02 3.0659E-02 3.4896E-02 1.8440E-02 1.2483E-02
  6.9805E-03 3.3194E-03 3.8982E-03 4.2367E-03 3.7151E-03 4.7681E-03 6.1148E-03
  0.0000E+00 0.0000E+00 0.0000E+00 0.0000E+00 1.6352E-05 3.2703E-05 7.1947E-05
  6.3281E-04 7.6329E-03 2.7641E-02 4.4324E-02 3.5542E-02 2.5513E-02 1.4427E-02
  5.1573E-03 3.9651E-03 2.7781E-03 2.5901E-03 3.0839E-03 4.7452E-03 6.1148E-03
  4.8019E-04 2.5225E-04 1.2157E-05 0.0000E+00 3.0392E-06 6.0784E-06 1.0333E-04
  1.3707E-03 7.9992E-03 1.7421E-02 2.0575E-02 1.3616E-02 6.0450E-03 3.9145E-03
  1.7627E-03 1.5925E-03 1.5196E-03 1.4406E-03 1.5804E-03 2.5408E-03 3.3674E-03
  7.2941E-06 3.6470E-06 0.0000E+00 0.0000E+00 0.0000E+00 0.0000E+00 4.4372E-05
  6.7288E-04 5.8754E-03 1.4384E-02 1.8601E-02 1.6370E-02 3.9479E-03 1.7597E-03
  8.5827E-04 1.5297E-03 1.4570E-03 1.1020E-03 9.8653E-04 2.1834E-03 3.3674E-03
  0.0000E+00 0.0000E+00 0.0000E+00 6.0784E-06 1.2157E-05 2.0265E-05 5.1059E-05
  9.8166E-04 5.7125E-03 1.1734E-02 2.3102E-02 1.7785E-02 7.7336E-03 6.0906E-03
  2.2198E-03 2.3247E-03 2.1730E-03 1.6345E-03 1.2455E-03 2.2308E-03 3.3674E-03
  0.0000E+00 0.0000E+00 0.0000E+00 6.0784E-06 1.2157E-05 2.0265E-05 1.1549E-04
  1.2613E-03 5.1022E-03 1.1925E-02 1.8399E-02 1.3459E-02 8.8933E-03 7.0595E-03
  3.2270E-03 3.6046E-03 3.7668E-03 2.7839E-03 2.2381E-03 2.7638E-03 3.3674E-03
  0.0000E+00 0.0000E+00 0.0000E+00 0.0000E+00 0.0000E+00 0.0000E+00 0.0000E+00
  4.6196E-05 9.8835E-04 6.7653E-03 1.4911E-02 1.6486E-02 1.1886E-02 9.0197E-03
  6.0972E-03 4.3562E-03 3.7692E-03 2.6532E-03 2.0496E-03 2.6854E-03 3.3674E-03
  0.0000E+00 0.0000E+00 0.0000E+00 0.0000E+00 0.0000E+00 0.0000E+00 0.0000E+00
  1.8235E-05 4.9843E-04 2.7140E-03 7.4704E-03 1.3743E-02 1.3783E-02 8.9474E-03
  7.5707E-03 7.3854E-03 6.2486E-03 4.7624E-03 3.6683E-03 3.3219E-03 3.3674E-03
  0.0000E+00 0.0000E+00 0.0000E+00 0.0000E+00 0.0000E+00 0.0000E+00 0.0000E+00
  1.2157E-05 2.0484E-04 1.0102E-03 3.5923E-03 8.9821E-03 1.4034E-02 1.3273E-02
  1.2335E-02 1.0217E-02 7.5865E-03 5.1466E-03 3.1304E-03 2.7784E-03 3.3674E-03
  0.0000E+00 0.0000E+00 0.0000E+00 0.0000E+00 8.5098E-06 3.8913E-05 1.4588E-05
  1.0333E-05 2.0302E-04 8.8623E-04 2.5341E-03 6.1210E-03 1.1341E-02 1.4506E-02
  1.6132E-02 1.4495E-02 1.2995E-02 1.0493E-02 6.6036E-03 3.8446E-03 3.3674E-03
  8.5098E-06 8.5098E-06 4.2549E-06 0.0000E+00 0.0000E+00 0.0000E+00 0.0000E+00
  6.0784E-06 1.3859E-04 7.5737E-04 2.0527E-03 4.1734E-03 8.2642E-03 1.1010E-02
  1.2460E-02 1.4925E-02 1.5353E-02 1.2154E-02 6.8802E-03 3.7680E-03 3.3674E-03
  0.0000E+00 5.4706E-06 5.4706E-06 0.0000E+00 7.2941E-06 6.4796E-06 1.4588E-05
  2.4314E-06 9.4823E-05 5.6468E-04 1.6229E-03 3.0696E-03 5.5873E-03 7.5737E-03
  9.7552E-03 1.1910E-02 1.0284E-02 7.3853E-03 4.7843E-03 3.5255E-03 3.3674E-03
  0.0000E+00 0.0000E+00 0.0000E+00 0.0000E+00 3.0392E-06 1.4187E-05 8.2059E-05
  3.9510E-05 4.5588E-05 4.3461E-04 1.4041E-03 2.6319E-03 3.2367E-03 6.0267E-03
  9.1267E-03 9.4379E-03 8.6617E-03 7.6466E-03 6.2942E-03 4.4342E-03 3.3674E-03
  2.4314E-06 2.4314E-06 2.4314E-06 2.4314E-06 1.2157E-06 1.4596E-05 2.7961E-05
  1.6412E-05 6.6863E-06 1.5622E-04 9.3851E-04 1.8570E-03 2.2448E-03 5.3891E-03
  1.5752E-02 1.6676E-02 1.1451E-02 8.6496E-03 7.0236E-03 4.8591E-03 3.3674E-03
  1.0941E-05 5.4706E-06 1.3980E-05 2.0059E-05 6.0784E-06 0.0000E+00 0.0000E+00
  0.0000E+00 4.2549E-06 9.7255E-05 4.9661E-04 9.6039E-04 2.7529E-03 1.0823E-02
  2.4738E-02 1.6552E-02 9.5626E-03 7.8922E-03 6.5799E-03 4.5898E-03 3.3674E-03
  2.7961E-05 3.4039E-05 4.8019E-05 4.0725E-05 2.5529E-05 8.5013E-06 0.0000E+00
  0.0000E+00 1.4588E-05 1.2218E-04 4.2731E-04 1.5080E-03 7.2710E-03 1.1981E-02
  2.7567E-02 2.0515E-02 1.0821E-02 7.6673E-03 6.7714E-03 4.9314E-03 3.3674E-03
  1.0941E-05 5.4706E-06 5.4706E-06 1.0941E-05 5.4706E-06 7.2978E-06 5.4706E-06
  0.0000E+00 1.7627E-05 6.9902E-05 4.4129E-04 4.5126E-03 1.7358E-02 1.3216E-02
  1.4522E-02 1.1257E-02 9.1930E-03 8.5511E-03 8.6508E-03 5.8991E-03 3.3674E-03
  0.0000E+00 0.0000E+00 0.0000E+00 0.0000E+00 0.0000E+00 0.0000E+00 0.0000E+00
  0.0000E+00 1.2157E-05 1.9755E-04 2.0211E-03 9.9412E-03 1.4716E-02 8.3031E-03
  5.3095E-03 6.9880E-03 6.3367E-03 4.4889E-03 3.0939E-03 2.9754E-03 3.3674E-03
  0.0000E+00 0.0000E+00 0.0000E+00 0.0000E+00 0.0000E+00 0.0000E+00 0.0000E+00
  0.0000E+00 5.1667E-05 8.5341E-04 4.7630E-03 9.5790E-03 7.9621E-03 5.5678E-03
  3.6069E-03 5.3025E-03 5.1697E-03 3.6051E-03 2.2046E-03 2.5171E-03 3.3674E-03
  0.0000E+00 0.0000E+00 0.0000E+00 0.0000E+00 0.0000E+00 0.0000E+00 4.2549E-06
  1.8235E-06 1.0576E-04 1.8892E-03 8.9462E-03 1.2246E-02 8.8854E-03 7.4138E-03
  6.3112E-03 4.1549E-03 2.6338E-03 2.1621E-03 1.7202E-03 2.3499E-03 3.3674E-03
  0.0000E+00 0.0000E+00 0.0000E+00 0.0000E+00 0.0000E+00 0.0000E+00 0.0000E+00
  1.4588E-05 3.5923E-04 3.9789E-03 1.3715E-02 1.6990E-02 1.1293E-02 6.5726E-03
  3.9273E-03 2.3873E-03 2.4526E-03 2.5700E-03 2.0776E-03 2.5238E-03 3.3674E-03
  0.0000E+00 0.0000E+00 0.0000E+00 0.0000E+00 6.0783E-07 1.2157E-06 2.7353E-05
  2.4921E-04 2.6775E-03 1.0657E-02 1.9164E-02 1.7441E-02 1.3589E-02 7.0279E-03
  2.5013E-03 2.5549E-03 2.6265E-03 2.4855E-03 2.0284E-03 2.5542E-03 3.3674E-03
  2.3382E-04 1.1691E-04 0.0000E+00 0.0000E+00 0.0000E+00 0.0000E+00 9.3526E-06
  1.0101E-03 6.5001E-03 1.2537E-02 1.2827E-02 7.7113E-03 3.2968E-03 2.1090E-03
  9.3994E-04 9.5398E-04 8.6044E-04 7.8095E-04 8.6512E-04 1.5058E-03 2.0576E-03
  0.0000E+00 0.0000E+00 2.5252E-05 3.3670E-05 8.4174E-06 0.0000E+00 0.0000E+00
  2.8339E-04 3.7111E-03 8.4417E-03 1.1548E-02 1.0965E-02 2.2951E-03 8.6418E-04
  4.1526E-04 8.6416E-04 7.4915E-04 5.1440E-04 4.6108E-04 1.2701E-03 2.0576E-03
  1.1223E-04 1.2813E-04 1.7583E-04 1.9173E-04 1.5712E-04 1.1721E-04 5.7051E-05
  5.3404E-04 3.4624E-03 7.2698E-03 1.4793E-02 1.1832E-02 4.9204E-03 3.6036E-03
  1.2757E-03 1.7395E-03 1.5469E-03 1.0129E-03 6.7994E-04 1.3112E-03 2.0576E-03
  8.0433E-05 8.9785E-05 1.0194E-04 9.5397E-05 7.6692E-05 6.3596E-05 1.0849E-04
  8.3051E-04 3.0059E-03 7.1838E-03 1.0896E-02 8.1489E-03 5.3862E-03 4.4191E-03
  2.2147E-03 3.1416E-03 3.0143E-03 1.8958E-03 1.2729E-03 1.6068E-03 2.0576E-03
  3.3670E-05 3.3670E-05 3.3670E-05 2.5252E-05 1.6835E-05 5.6060E-06 0.0000E+00
  0.0000E+00 4.3770E-04 3.8084E-03 8.8635E-03 1.0315E-02 7.1052E-03 5.2908E-03
  3.7897E-03 3.2574E-03 2.3541E-03 1.4160E-03 1.0905E-03 1.5927E-03 2.0576E-03
  0.0000E+00 0.0000E+00 0.0000E+00 0.0000E+00 0.0000E+00 0.0000E+00 0.0000E+00
  0.0000E+00 1.4497E-04 1.4871E-03 4.4939E-03 8.1602E-03 7.9685E-03 5.5976E-03
  4.7465E-03 4.8916E-03 3.9281E-03 2.7684E-03 2.1090E-03 2.0015E-03 2.0576E-03
  0.0000E+00 0.0000E+00 0.0000E+00 0.0000E+00 0.0000E+00 0.0000E+00 0.0000E+00
  0.0000E+00 5.8922E-05 5.0598E-04 2.0791E-03 5.3497E-03 8.4454E-03 7.8768E-03
  6.6572E-03 6.2435E-03 4.9111E-03 3.2734E-03 1.8069E-03 1.6124E-03 2.0576E-03
  0.0000E+00 0.0000E+00 0.0000E+00 0.0000E+00 0.0000E+00 6.1135E-05 6.5469E-06
  0.0000E+00 0.0000E+00 2.9648E-04 1.4216E-03 3.7018E-03 7.0856E-03 9.0590E-03
  9.4817E-03 7.8694E-03 7.4260E-03 6.2868E-03 3.9449E-03 2.2811E-03 2.0576E-03
  0.0000E+00 0.0000E+00 0.0000E+00 0.0000E+00 0.0000E+00 0.0000E+00 0.0000E+00
  5.8922E-05 0.0000E+00 2.0950E-04 1.2476E-03 3.1677E-03 5.3937E-03 7.1669E-03
  8.0367E-03 9.8075E-03 9.6398E-03 7.3044E-03 4.0740E-03 2.2792E-03 2.0576E-03
  0.0000E+00 0.0000E+00 0.0000E+00 0.0000E+00 0.0000E+00 7.4859E-06 4.0216E-05
  2.8058E-06 0.0000E+00 1.6648E-04 9.7922E-04 1.8883E-03 3.2173E-03 4.3911E-03
  5.4142E-03 6.7202E-03 5.9352E-03 4.8447E-03 4.3518E-03 3.1210E-03 2.0576E-03
  0.0000E+00 0.0000E+00 0.0000E+00 0.0000E+00 0.0000E+00 1.1229E-04 7.1080E-04
  1.2626E-04 1.8705E-05 5.3778E-04 7.0612E-04 1.2673E-03 1.9921E-03 3.6101E-03
  6.8461E-03 6.7030E-03 5.6817E-03 4.8727E-03 4.1900E-03 2.9414E-03 2.0576E-03
  2.5439E-04 1.8051E-04 6.0792E-05 5.0504E-05 4.3022E-05 7.8601E-05 2.7777E-04
  2.8245E-04 8.4174E-06 2.7123E-05 4.3677E-04 1.1335E-03 1.5479E-03 2.9657E-03
  1.0969E-02 1.0546E-02 6.6114E-03 4.9747E-03 4.2891E-03 3.0546E-03 2.0576E-03
  5.8360E-04 4.2087E-04 2.5720E-04 3.6849E-04 3.8720E-04 1.5019E-04 2.8058E-06
  2.6187E-05 1.2439E-04 0.0000E+00 1.4684E-04 6.6871E-04 1.9117E-03 6.0109E-03
  1.5081E-02 1.0135E-02 5.4442E-03 4.5155E-03 3.9543E-03 2.8413E-03 2.0576E-03
  3.2547E-04 3.3576E-04 5.0037E-04 8.2771E-04 9.3526E-04 5.4167E-04 2.2446E-05
  0.0000E+00 0.0000E+00 0.0000E+00 1.3094E-04 8.1836E-04 4.2798E-03 6.8330E-03
  1.8491E-02 1.3829E-02 7.2090E-03 5.2150E-03 4.5164E-03 3.1490E-03 2.0576E-03
  5.0504E-05 2.5252E-05 4.2087E-05 9.5397E-05 5.6116E-05 3.8050E-05 8.4174E-06
  0.0000E+00 0.0000E+00 0.0000E+00 1.9734E-04 2.6795E-03 1.1033E-02 8.0863E-03
  9.4555E-03 7.0150E-03 5.1645E-03 4.2442E-03 4.1311E-03 3.0854E-03 2.0576E-03
  0.0000E+00 0.0000E+00 0.0000E+00 0.0000E+00 0.0000E+00 0.0000E+00 0.0000E+00
  0.0000E+00 0.0000E+00 5.1440E-05 1.1457E-03 5.9810E-03 8.8195E-03 4.7698E-03
  2.8713E-03 4.4298E-03 4.2087E-03 2.7216E-03 1.6881E-03 1.7396E-03 2.0576E-03
  0.0000E+00 0.0000E+00 0.0000E+00 0.0000E+00 0.0000E+00 0.0000E+00 0.0000E+00
  0.0000E+00 0.0000E+00 4.6108E-04 2.9087E-03 5.5592E-03 4.5491E-03 3.3576E-03
  2.1118E-03 3.0562E-03 3.0574E-03 2.1072E-03 1.2879E-03 1.5217E-03 2.0576E-03
  0.0000E+00 0.0000E+00 0.0000E+00 0.0000E+00 0.0000E+00 0.0000E+00 0.0000E+00
  2.8058E-06 1.7770E-05 1.1120E-03 5.5312E-03 7.2249E-03 5.2599E-03 4.4659E-03
  3.9599E-03 2.4339E-03 1.5675E-03 1.3038E-03 9.7455E-04 1.3758E-03 2.0576E-03
  0.0000E+00 0.0000E+00 0.0000E+00 0.0000E+00 0.0000E+00 0.0000E+00 0.0000E+00
  0.0000E+00 1.3187E-04 2.5542E-03 8.5053E-03 1.0192E-02 6.8302E-03 3.9898E-03
  2.3382E-03 1.4129E-03 1.3973E-03 1.3786E-03 1.0148E-03 1.4094E-03 2.0576E-03
  0.0000E+00 0.0000E+00 0.0000E+00 0.0000E+00 0.0000E+00 0.0000E+00 0.0000E+00
  7.9497E-05 2.1894E-03 8.4791E-03 1.1838E-02 1.0308E-02 8.0190E-03 4.3134E-03
  1.5432E-03 1.7004E-03 1.5179E-03 1.3075E-03 9.9044E-04 1.4356E-03 2.0576E-03
  6.6745E-04 3.9053E-04 5.6804E-05 0.0000E+00 0.0000E+00 0.0000E+00 2.1302E-05
  1.8674E-03 1.0374E-02 1.7851E-02 2.2992E-02 1.8568E-02 8.5490E-03 5.7088E-03
  3.5148E-03 2.8829E-03 2.5562E-03 2.3716E-03 2.4142E-03 3.7562E-03 4.9988E-03
  5.6236E-04 6.0355E-04 4.3171E-04 1.0935E-04 0.0000E+00 0.0000E+00 0.0000E+00
  3.1526E-04 5.8963E-03 1.6100E-02 2.1732E-02 2.2696E-02 8.4099E-03 3.9521E-03
  2.5448E-03 3.0910E-03 3.3869E-03 3.0972E-03 2.4525E-03 3.5787E-03 4.9988E-03
  7.4413E-04 6.7739E-04 4.5301E-04 2.4284E-04 2.0449E-04 2.3764E-04 1.5337E-04
  6.1775E-04 4.4847E-03 1.1800E-02 2.3321E-02 2.0242E-02 1.2734E-02 9.9194E-03
  5.5739E-03 4.7310E-03 4.1254E-03 3.6695E-03 3.0759E-03 3.8457E-03 4.9988E-03
  3.8343E-04 3.3657E-04 2.2438E-04 1.4059E-04 1.2213E-04 1.2781E-04 1.9313E-04
  1.1119E-03 3.8101E-03 9.3628E-03 1.9187E-02 2.0130E-02 1.7660E-02 1.6377E-02
  1.2189E-02 1.1441E-02 8.1770E-03 5.5682E-03 4.0601E-03 4.2120E-03 4.9988E-03
  1.0793E-04 9.2307E-05 6.3905E-05 3.8343E-05 2.5562E-05 8.5121E-06 0.0000E+00
  0.0000E+00 5.4390E-04 5.4134E-03 1.4255E-02 1.9934E-02 1.9514E-02 1.8338E-02
  1.6882E-02 1.2975E-02 8.8160E-03 5.7017E-03 3.7264E-03 3.9919E-03 4.9988E-03
  0.0000E+00 0.0000E+00 0.0000E+00 0.0000E+00 0.0000E+00 0.0000E+00 0.0000E+00
  0.0000E+00 1.8461E-04 2.0591E-03 6.4757E-03 1.3974E-02 1.8113E-02 1.9029E-02
  2.1252E-02 1.9281E-02 1.4059E-02 9.4721E-03 6.4118E-03 5.0982E-03 4.9988E-03
  0.0000E+00 0.0000E+00 0.0000E+00 0.0000E+00 0.0000E+00 0.0000E+00 0.0000E+00
  0.0000E+00 4.6864E-05 6.6745E-04 2.9169E-03 8.1642E-03 1.6026E-02 2.2874E-02
  3.0751E-02 2.6410E-02 1.8556E-02 1.1222E-02 5.8551E-03 4.3768E-03 4.9988E-03
  0.0000E+00 0.0000E+00 0.0000E+00 0.0000E+00 0.0000E+00 3.9783E-05 3.9763E-05
  0.0000E+00 0.0000E+00 2.7976E-04 1.9413E-03 5.6733E-03 1.2006E-02 2.3385E-02
  4.0445E-02 3.7217E-02 2.6851E-02 1.7585E-02 1.0485E-02 6.1661E-03 4.9988E-03
  0.0000E+00 0.0000E+00 0.0000E+00 0.0000E+00 0.0000E+00 0.0000E+00 0.0000E+00
  3.9763E-05 0.0000E+00 1.8177E-04 1.7141E-03 4.3342E-03 8.6939E-03 1.7422E-02
  3.4439E-02 4.0270E-02 3.2204E-02 2.1113E-02 1.1659E-02 6.4530E-03 4.9988E-03
  0.0000E+00 0.0000E+00 0.0000E+00 0.0000E+00 0.0000E+00 5.6833E-06 2.9822E-05
  1.4201E-06 0.0000E+00 1.2639E-04 1.2767E-03 2.8033E-03 5.4490E-03 1.2004E-02
  2.4402E-02 2.8184E-02 2.2928E-02 1.6166E-02 1.0567E-02 6.6646E-03 4.9988E-03
  0.0000E+00 0.0000E+00 0.0000E+00 0.0000E+00 0.0000E+00 7.5777E-05 5.3254E-04
  9.2307E-05 1.4201E-05 4.0473E-04 8.5206E-04 2.1444E-03 3.4722E-03 8.1514E-03
  2.3716E-02 2.4205E-02 1.7787E-02 1.2752E-02 9.3514E-03 6.3976E-03 4.9988E-03
  1.6473E-04 1.1219E-04 3.4083E-05 2.1302E-05 1.7041E-05 8.5249E-05 2.2864E-04
  1.6757E-04 0.0000E+00 1.9882E-05 5.8508E-04 1.8064E-03 2.5079E-03 9.9862E-03
  3.5589E-02 3.3765E-02 2.3814E-02 1.6693E-02 1.1750E-02 7.3959E-03 4.9988E-03
  4.0899E-04 3.0816E-04 1.9598E-04 2.7266E-04 2.8970E-04 1.0692E-04 0.0000E+00
  9.9407E-06 8.9467E-05 0.0000E+00 2.6556E-04 1.0963E-03 3.9365E-03 1.9586E-02
  4.4922E-02 3.1655E-02 2.1104E-02 1.5015E-02 9.0191E-03 5.7188E-03 4.9988E-03
  2.1586E-04 2.2580E-04 3.3940E-04 6.1917E-04 7.4272E-04 4.2116E-04 1.7041E-05
  0.0000E+00 0.0000E+00 0.0000E+00 2.4142E-04 1.7794E-03 1.1700E-02 2.5166E-02
  4.5746E-02 3.8723E-02 2.2162E-02 1.3903E-02 9.2421E-03 6.2456E-03 4.9988E-03
  5.1124E-05 2.5562E-05 5.1124E-05 1.2071E-04 7.5265E-05 7.7666E-05 3.8343E-05
  0.0000E+00 0.0000E+00 0.0000E+00 2.9396E-04 3.8996E-03 1.8973E-02 2.1535E-02
  3.0112E-02 2.7909E-02 1.8677E-02 1.2037E-02 8.6868E-03 6.2925E-03 4.9988E-03
  0.0000E+00 0.0000E+00 0.0000E+00 0.0000E+00 0.0000E+00 0.0000E+00 0.0000E+00
  0.0000E+00 3.5503E-05 5.6804E-05 1.6331E-03 8.9822E-03 1.6047E-02 1.5756E-02
  1.8305E-02 1.8254E-02 1.4159E-02 8.5916E-03 4.9420E-03 4.4165E-03 4.9988E-03
  0.0000E+00 0.0000E+00 0.0000E+00 0.0000E+00 0.0000E+00 0.0000E+00 0.0000E+00
  0.0000E+00 8.3786E-05 7.0579E-04 4.8056E-03 1.0972E-02 1.1659E-02 1.1759E-02
  1.0284E-02 1.1044E-02 1.0522E-02 7.4428E-03 4.3469E-03 4.0629E-03 4.9988E-03
  0.0000E+00 0.0000E+00 0.0000E+00 0.0000E+00 0.0000E+00 0.0000E+00 0.0000E+00
  0.0000E+00 2.6982E-05 2.0734E-03 9.8484E-03 1.5164E-02 1.2912E-02 1.1638E-02
  1.0049E-02 7.5214E-03 5.8025E-03 4.6452E-03 3.4949E-03 3.9280E-03 4.9988E-03
  0.0000E+00 0.0000E+00 0.0000E+00 0.0000E+00 0.0000E+00 0.0000E+00 0.0000E+00
  0.0000E+00 2.7408E-04 4.9533E-03 1.5678E-02 1.9501E-02 1.3911E-02 9.6553E-03
  7.1332E-03 5.5132E-03 4.6693E-03 4.1822E-03 3.2975E-03 3.8542E-03 4.9988E-03
  0.0000E+00 0.0000E+00 0.0000E+00 0.0000E+00 0.0000E+00 0.0000E+00 0.0000E+00
  1.5763E-04 2.9808E-03 1.3135E-02 2.1760E-02 2.0158E-02 1.5550E-02 1.0405E-02
  4.4762E-03 3.6989E-03 3.5872E-03 3.3216E-03 2.6343E-03 3.5858E-03 4.9988E-03
  6.7396E-04 4.1882E-04 8.1838E-05 0.0000E+00 0.0000E+00 0.0000E+00 1.9256E-05
  1.4924E-03 7.3799E-03 1.1289E-02 1.7956E-02 1.7225E-02 8.2031E-03 5.5650E-03
  3.7935E-03 2.9238E-03 2.5803E-03 2.4166E-03 2.3829E-03 3.5431E-03 4.6600E-03
  7.8180E-04 8.2897E-04 5.6131E-04 1.2324E-04 0.0000E+00 0.0000E+00 0.0000E+00
  1.5405E-04 4.1747E-03 1.3139E-02 1.7589E-02 1.9488E-02 9.0330E-03 4.4693E-03
  3.0232E-03 3.3087E-03 3.8291E-03 3.6702E-03 2.8518E-03 3.5450E-03 4.6600E-03
  1.0206E-03 9.5029E-04 6.5663E-04 3.0040E-04 1.5116E-04 1.6947E-04 1.2516E-04
  3.0521E-04 2.5139E-03 8.5064E-03 1.6397E-02 1.5267E-02 1.2211E-02 9.7445E-03
  6.2544E-03 4.6269E-03 4.0014E-03 3.9225E-03 3.4671E-03 3.8676E-03 4.6600E-03
  5.5843E-04 5.0451E-04 3.3987E-04 1.7523E-04 1.1168E-04 1.1490E-04 1.7908E-04
  7.8276E-04 2.0951E-03 5.2964E-03 1.4794E-02 1.8907E-02 1.8402E-02 1.7660E-02
  1.4248E-02 1.2273E-02 7.9884E-03 5.6016E-03 4.2046E-03 4.0640E-03 4.6600E-03
  2.0219E-04 1.7908E-04 1.2131E-04 6.9322E-05 4.3326E-05 1.1542E-05 0.0000E+00
  0.0000E+00 3.0617E-04 3.4285E-03 1.0188E-02 1.6420E-02 1.9155E-02 1.9418E-02
  1.9007E-02 1.4228E-02 9.5318E-03 6.2746E-03 3.9302E-03 3.7732E-03 4.6600E-03
  0.0000E+00 0.0000E+00 0.0000E+00 0.0000E+00 0.0000E+00 0.0000E+00 0.0000E+00
  0.0000E+00 9.6280E-05 1.2709E-03 4.1641E-03 1.0543E-02 1.6353E-02 2.0041E-02
  2.3926E-02 2.1106E-02 1.5025E-02 9.9987E-03 6.5278E-03 4.8525E-03 4.6600E-03
  0.0000E+00 0.0000E+00 0.0000E+00 0.0000E+00 0.0000E+00 0.0000E+00 0.0000E+00
  0.0000E+00 2.8884E-06 3.7646E-04 1.8072E-03 5.5631E-03 1.3044E-02 2.2908E-02
  3.4844E-02 2.9384E-02 2.0098E-02 1.1845E-02 6.0772E-03 4.2652E-03 4.6600E-03
  0.0000E+00 0.0000E+00 0.0000E+00 0.0000E+00 0.0000E+00 0.0000E+00 4.7177E-05
  0.0000E+00 0.0000E+00 7.4136E-05 1.1717E-03 3.8888E-03 8.9810E-03 2.2393E-02
  4.5083E-02 4.2369E-02 2.8765E-02 1.7370E-02 1.0149E-02 6.0089E-03 4.6600E-03
  0.0000E+00 0.0000E+00 0.0000E+00 0.0000E+00 0.0000E+00 0.0000E+00 0.0000E+00
  0.0000E+00 0.0000E+00 2.1182E-05 1.0437E-03 2.6063E-03 6.2332E-03 1.6259E-02
  3.8431E-02 4.4523E-02 3.3746E-02 2.1108E-02 1.1618E-02 6.4065E-03 4.6600E-03
  0.0000E+00 0.0000E+00 0.0000E+00 0.0000E+00 0.0000E+00 0.0000E+00 0.0000E+00
  0.0000E+00 0.0000E+00 0.0000E+00 7.2403E-04 1.8563E-03 4.0775E-03 1.1756E-02
  2.7531E-02 3.1294E-02 2.4979E-02 1.6917E-02 9.8398E-03 5.8240E-03 4.6600E-03
  0.0000E+00 0.0000E+00 0.0000E+00 0.0000E+00 0.0000E+00 0.0000E+00 0.0000E+00
  0.0000E+00 0.0000E+00 0.0000E+00 4.3808E-04 1.6031E-03 2.6525E-03 7.3462E-03
  2.5110E-02 2.5911E-02 1.8279E-02 1.2285E-02 8.3716E-03 5.6468E-03 4.6600E-03
  9.6281E-06 1.0591E-05 1.2517E-05 1.4442E-05 7.7025E-06 9.2475E-05 1.3864E-04
  1.0398E-04 0.0000E+00 0.0000E+00 3.5239E-04 1.2988E-03 1.8139E-03 1.0488E-02
  3.6976E-02 3.4928E-02 2.5485E-02 1.7515E-02 1.1517E-02 6.8831E-03 4.6600E-03
  2.3107E-04 1.3287E-04 1.7330E-05 0.0000E+00 0.0000E+00 0.0000E+00 0.0000E+00
  0.0000E+00 0.0000E+00 0.0000E+00 2.0893E-04 8.0490E-04 3.3640E-03 2.0371E-02
  4.5394E-02 3.2480E-02 2.3020E-02 1.5715E-02 8.1521E-03 4.8227E-03 4.6600E-03
  6.0464E-04 6.1716E-04 6.5567E-04 6.2486E-04 4.5541E-04 1.1414E-04 0.0000E+00
  0.0000E+00 0.0000E+00 0.0000E+00 1.9545E-04 1.5607E-03 1.1453E-02 2.7086E-02
  4.2987E-02 3.8273E-02 2.2623E-02 1.3472E-02 7.8719E-03 5.2232E-03 4.6600E-03
  1.7331E-04 8.6653E-05 8.6653E-05 1.8967E-04 1.1072E-04 1.1815E-04 6.9322E-05
  0.0000E+00 0.0000E+00 0.0000E+00 1.8871E-04 2.5302E-03 1.4368E-02 2.0875E-02
  3.1114E-02 3.0604E-02 2.0001E-02 1.1962E-02 7.5272E-03 5.3484E-03 4.6600E-03
  0.0000E+00 0.0000E+00 0.0000E+00 0.0000E+00 0.0000E+00 0.0000E+00 0.0000E+00
  0.0000E+00 5.2954E-05 3.3698E-05 1.0350E-03 6.0320E-03 1.2670E-02 1.6450E-02
  2.1875E-02 2.0185E-02 1.4856E-02 8.8434E-03 4.9536E-03 4.1930E-03 4.6600E-03
  0.0000E+00 0.0000E+00 0.0000E+00 0.0000E+00 0.0000E+00 1.1559E-05 0.0000E+00
  0.0000E+00 1.3190E-04 4.7177E-04 3.5383E-03 9.1640E-03 1.1143E-02 1.2486E-02
  1.1788E-02 1.1836E-02 1.1119E-02 7.9152E-03 4.5685E-03 3.9427E-03 4.6600E-03
  0.0000E+00 0.0000E+00 0.0000E+00 0.0000E+00 0.0000E+00 0.0000E+00 0.0000E+00
  0.0000E+00 1.8293E-05 1.6705E-03 7.6476E-03 1.3117E-02 1.2083E-02 1.1176E-02
  9.5452E-03 7.7015E-03 6.2573E-03 4.9594E-03 3.7386E-03 3.9061E-03 4.6600E-03
  0.0000E+00 0.0000E+00 0.0000E+00 0.0000E+00 0.0000E+00 0.0000E+00 0.0000E+00
  0.0000E+00 2.2915E-04 4.0833E-03 1.2503E-02 1.5957E-02 1.1842E-02 8.9810E-03
  7.2749E-03 6.0141E-03 4.8872E-03 4.2517E-03 3.4228E-03 3.7684E-03 4.6600E-03
  0.0000E+00 0.0000E+00 0.0000E+00 0.0000E+00 0.0000E+00 0.0000E+00 0.0000E+00
  1.3094E-04 1.7783E-03 9.0802E-03 1.7327E-02 1.6723E-02 1.2820E-02 9.6608E-03
  4.4809E-03 3.2652E-03 3.2918E-03 3.1484E-03 2.5514E-03 3.3833E-03 4.6600E-03
  4.4771E-04 2.2385E-04 0.0000E+00 0.0000E+00 0.0000E+00 0.0000E+00 0.0000E+00
  6.0938E-04 3.9734E-03 8.1893E-03 1.2806E-02 1.2281E-02 6.8990E-03 4.6730E-03
  2.9225E-03 2.4604E-03 2.3474E-03 2.1764E-03 2.0458E-03 2.8355E-03 3.6436E-03
  0.0000E+00 0.0000E+00 0.0000E+00 0.0000E+00 0.0000E+00 0.0000E+00 0.0000E+00
  1.8841E-04 2.5457E-03 8.9318E-03 1.2170E-02 1.3326E-02 7.0128E-03 4.3378E-03
  3.0929E-03 2.6800E-03 2.9126E-03 2.8286E-03 2.2870E-03 2.7944E-03 3.6436E-03
  2.8604E-05 2.8604E-05 2.8604E-05 2.8604E-05 2.8604E-05 3.4410E-05 3.1713E-05
  2.4500E-04 1.6310E-03 7.0676E-03 1.1985E-02 1.1557E-02 1.1458E-02 8.8708E-03
  6.2381E-03 4.2959E-03 3.1949E-03 2.7969E-03 2.3424E-03 2.8199E-03 3.6436E-03
  4.6014E-05 4.6014E-05 4.7880E-05 5.4098E-05 5.8451E-05 5.8451E-05 9.5760E-05
  4.4087E-04 1.2418E-03 4.1817E-03 1.1123E-02 1.5599E-02 1.7135E-02 1.4806E-02
  1.2436E-02 8.7870E-03 5.3992E-03 3.8093E-03 2.8939E-03 3.0388E-03 3.6436E-03
  7.4618E-05 7.0887E-05 6.7156E-05 6.7156E-05 6.7156E-05 2.2363E-05 0.0000E+00
  5.3476E-05 4.3154E-04 2.2491E-03 6.6932E-03 1.2041E-02 1.7293E-02 1.9726E-02
  2.1208E-02 1.4667E-02 9.5511E-03 6.3960E-03 4.0493E-03 3.3304E-03 3.6436E-03
  0.0000E+00 0.0000E+00 0.0000E+00 0.0000E+00 0.0000E+00 0.0000E+00 0.0000E+00
  2.4873E-05 2.4251E-04 9.0474E-04 2.5277E-03 7.1944E-03 1.4221E-02 2.1695E-02
  2.6918E-02 2.3428E-02 1.6428E-02 1.0944E-02 6.7312E-03 4.2688E-03 3.6436E-03
  0.0000E+00 0.0000E+00 1.1193E-05 2.2385E-05 1.6789E-05 1.1193E-05 1.1193E-05
  4.1662E-05 1.7535E-04 4.0667E-04 1.1441E-03 3.3758E-03 1.0205E-02 2.4069E-02
  3.7112E-02 3.2216E-02 2.1038E-02 1.2101E-02 5.9247E-03 3.6146E-03 3.6436E-03
  2.8604E-05 3.2956E-05 4.7880E-05 5.4098E-05 5.5963E-05 1.0117E-04 1.6478E-04
  6.2182E-05 1.4924E-04 3.7371E-04 9.1718E-04 2.1347E-03 6.1908E-03 2.2805E-02
  4.6992E-02 4.7480E-02 3.0264E-02 1.5952E-02 7.6583E-03 4.2072E-03 3.6436E-03
  1.7411E-04 1.3991E-04 8.2080E-05 5.8451E-05 7.3374E-05 1.2148E-04 1.7535E-04
  6.6534E-05 1.2188E-04 3.1029E-04 7.7789E-04 1.7498E-03 5.1661E-03 1.5688E-02
  3.9532E-02 4.5923E-02 3.2107E-02 1.8114E-02 9.0773E-03 4.8185E-03 3.6436E-03
  2.0023E-04 1.6603E-04 1.2872E-04 2.1080E-04 3.9983E-04 3.9003E-04 1.6105E-04
  1.1877E-04 2.4686E-04 3.5070E-04 8.0898E-04 1.2498E-03 3.9548E-03 1.0825E-02
  3.0199E-02 3.8151E-02 2.8137E-02 1.6612E-02 8.5792E-03 4.7407E-03 3.6436E-03
  1.8654E-05 2.1764E-05 3.4200E-05 8.7054E-05 2.0520E-04 3.3373E-04 3.8553E-04
  1.3058E-04 2.7049E-04 4.2283E-04 4.9123E-04 1.0322E-03 2.5868E-03 7.4400E-03
  2.9151E-02 3.1301E-02 2.0305E-02 1.2088E-02 6.7312E-03 4.1289E-03 3.6436E-03
  8.7055E-06 9.3273E-06 1.0571E-05 1.1193E-05 5.5964E-06 8.3780E-05 1.6043E-04
  1.6851E-04 6.9644E-05 1.7722E-04 4.2097E-04 8.4132E-04 1.2865E-03 9.3826E-03
  3.6565E-02 3.7717E-02 2.4661E-02 1.5088E-02 8.0923E-03 4.4789E-03 3.6436E-03
  1.9276E-04 1.7784E-04 1.4799E-04 1.1815E-04 8.7054E-05 6.3421E-05 2.3007E-05
  2.7982E-05 6.7778E-05 6.7156E-05 2.2821E-04 6.2555E-04 3.4623E-03 1.9347E-02
  4.1010E-02 3.2606E-02 2.1688E-02 1.3443E-02 6.9096E-03 3.9678E-03 3.6436E-03
  2.7609E-04 2.8417E-04 3.0656E-04 3.1650E-04 2.8914E-04 1.6411E-04 1.8033E-05
  0.0000E+00 6.2182E-06 5.4098E-05 2.5930E-04 1.3624E-03 9.3105E-03 2.4896E-02
  3.3790E-02 2.8813E-02 1.9297E-02 1.1250E-02 6.1000E-03 3.9591E-03 3.6436E-03
  1.1193E-04 5.5964E-05 6.1560E-05 1.3493E-04 8.5189E-05 8.9989E-05 5.0367E-05
  0.0000E+00 6.2182E-06 3.6687E-05 1.9401E-04 1.6005E-03 9.7028E-03 1.9682E-02
  3.1555E-02 2.8326E-02 1.8354E-02 1.0695E-02 5.9495E-03 3.9610E-03 3.6436E-03
  0.0000E+00 0.0000E+00 0.0000E+00 0.0000E+00 0.0000E+00 0.0000E+00 0.0000E+00
  0.0000E+00 1.3680E-04 8.0836E-05 7.8971E-04 5.2512E-03 1.2760E-02 1.6711E-02
  2.1621E-02 1.8771E-02 1.4283E-02 8.9479E-03 4.8781E-03 3.5288E-03 3.6436E-03
  0.0000E+00 0.0000E+00 0.0000E+00 0.0000E+00 1.6789E-05 1.0077E-04 1.6789E-05
  1.8654E-06 2.6489E-04 4.3900E-04 2.9773E-03 8.2024E-03 1.1564E-02 1.2794E-02
  1.4010E-02 1.2615E-02 1.0575E-02 7.3971E-03 4.4516E-03 3.4604E-03 3.6436E-03
  0.0000E+00 0.0000E+00 0.0000E+00 0.0000E+00 8.7054E-06 6.9670E-05 1.3058E-05
  0.0000E+00 3.0469E-05 1.0478E-03 5.9023E-03 1.1033E-02 1.0967E-02 1.0168E-02
  9.4168E-03 7.9170E-03 6.2623E-03 4.7426E-03 3.4287E-03 3.2341E-03 3.6436E-03
  0.0000E+00 0.0000E+00 0.0000E+00 0.0000E+00 0.0000E+00 0.0000E+00 0.0000E+00
  0.0000E+00 1.4053E-04 2.2976E-03 8.4014E-03 1.1811E-02 9.9024E-03 7.5843E-03
  6.1728E-03 5.5485E-03 4.6624E-03 3.8926E-03 2.9692E-03 3.0202E-03 3.6436E-03
  0.0000E+00 0.0000E+00 0.0000E+00 0.0000E+00 0.0000E+00 0.0000E+00 0.0000E+00
  6.0316E-05 1.4494E-03 6.4395E-03 1.1361E-02 1.2028E-02 1.0561E-02 7.7590E-03
  3.5338E-03 2.5403E-03 2.4873E-03 2.4301E-03 2.0992E-03 2.7298E-03 3.6436E-03
  2.7038E-04 1.3519E-04 0.0000E+00 0.0000E+00 0.0000E+00 0.0000E+00 0.0000E+00
  3.3400E-04 2.2366E-03 4.8012E-03 7.6104E-03 7.1094E-03 4.9762E-03 3.4016E-03
  1.8728E-03 1.7217E-03 1.6461E-03 1.4612E-03 1.3479E-03 1.8211E-03 2.3141E-03
  0.0000E+00 0.0000E+00 0.0000E+00 0.0000E+00 0.0000E+00 0.0000E+00 7.1571E-06
  1.7455E-04 1.6270E-03 5.1098E-03 7.5102E-03 8.0569E-03 5.1054E-03 3.0954E-03
  2.3113E-03 2.2555E-03 2.1607E-03 1.8772E-03 1.4398E-03 1.7563E-03 2.3141E-03
  4.4533E-05 4.7316E-05 5.1293E-05 5.9245E-05 7.1173E-05 7.4751E-05 4.8907E-05
  1.8410E-04 1.0728E-03 4.3428E-03 8.3360E-03 9.3026E-03 9.4466E-03 7.1412E-03
  5.0279E-03 3.4569E-03 2.6191E-03 2.1547E-03 1.6911E-03 1.8541E-03 2.3141E-03
  7.7138E-05 7.9921E-05 8.3897E-05 8.9066E-05 9.9802E-05 1.0285E-04 1.0656E-04
  3.0338E-04 7.4195E-04 2.4410E-03 7.7154E-03 1.1544E-02 1.3295E-02 1.2304E-02
  9.9014E-03 7.2478E-03 5.0438E-03 3.4346E-03 2.3952E-03 2.1261E-03 2.3141E-03
  1.0497E-04 1.0457E-04 1.0418E-04 1.0775E-04 1.1491E-04 6.5978E-05 3.2207E-05
  7.9126E-05 2.9781E-04 1.2795E-03 4.0871E-03 8.7500E-03 1.3949E-02 1.6891E-02
  1.7257E-02 1.2791E-02 8.4203E-03 5.3157E-03 3.0911E-03 2.2434E-03 2.3141E-03
  3.9762E-05 3.9762E-05 3.9762E-05 3.9762E-05 3.5785E-05 3.1809E-05 3.5785E-05
  7.3559E-05 2.0278E-04 5.2287E-04 1.4414E-03 4.7495E-03 1.1740E-02 2.0515E-02
  2.4422E-02 2.0343E-02 1.3412E-02 8.0319E-03 4.3678E-03 2.6203E-03 2.3141E-03
  4.6919E-05 5.0497E-05 5.8052E-05 6.5607E-05 6.5607E-05 5.6724E-05 5.0497E-05
  7.8728E-05 1.5229E-04 2.7714E-04 6.3460E-04 1.9658E-03 7.6847E-03 2.0705E-02
  3.3095E-02 2.7992E-02 1.7409E-02 9.3324E-03 4.2648E-03 2.4072E-03 2.3141E-03
  8.4295E-05 8.3102E-05 8.5885E-05 9.2645E-05 9.6621E-05 1.1214E-04 1.3559E-04
  1.0974E-04 1.5746E-04 2.6799E-04 5.3400E-04 1.1598E-03 4.3638E-03 1.8465E-02
  3.7158E-02 3.4817E-02 2.1961E-02 1.1393E-02 5.2593E-03 2.7451E-03 2.3141E-03
  1.4473E-04 1.3121E-04 1.0934E-04 1.0378E-04 1.1610E-04 1.2724E-04 1.2207E-04
  1.2207E-04 1.5467E-04 2.2982E-04 4.4533E-04 9.7893E-04 2.8907E-03 1.1338E-02
  2.9690E-02 3.3567E-02 2.2480E-02 1.2043E-02 5.7459E-03 2.9841E-03 2.3141E-03
  1.7098E-04 1.7296E-04 1.5666E-04 1.6183E-04 2.3499E-04 2.8204E-04 1.6143E-04
  1.5865E-04 2.7436E-04 1.9602E-04 3.4950E-04 7.4473E-04 2.3420E-03 8.6012E-03
  2.5334E-02 3.3664E-02 2.4606E-02 1.3410E-02 5.6028E-03 2.6569E-03 2.3141E-03
  2.3459E-04 2.6640E-04 2.4453E-04 1.4712E-04 1.0537E-04 1.4449E-04 1.9284E-04
  1.4911E-04 2.3062E-04 2.2664E-04 3.0617E-04 7.0577E-04 2.0636E-03 6.4155E-03
  2.3885E-02 2.7560E-02 1.8273E-02 1.0056E-02 4.6183E-03 2.4930E-03 2.3141E-03
  1.2485E-04 1.1889E-04 1.0457E-04 9.9404E-05 9.8211E-05 1.4157E-04 1.9245E-04
  1.9523E-04 1.0099E-04 1.3598E-04 3.1491E-04 5.5627E-04 9.5627E-04 6.9929E-03
  2.7440E-02 2.9945E-02 1.9050E-02 1.0894E-02 5.3845E-03 2.8517E-03 2.3141E-03
  2.2744E-04 2.0994E-04 1.8012E-04 1.6104E-04 1.4672E-04 1.4500E-04 1.1968E-04
  8.4295E-05 8.9464E-05 9.3042E-05 1.8966E-04 4.8788E-04 2.8334E-03 1.4122E-02
  3.0119E-02 2.7124E-02 1.6999E-02 9.2080E-03 4.1654E-03 2.3901E-03 2.3141E-03
  2.3698E-04 2.4493E-04 2.6084E-04 2.6084E-04 2.3181E-04 1.5239E-04 8.0318E-05
  5.2883E-05 5.9642E-05 9.3042E-05 2.6004E-04 1.3706E-03 6.3201E-03 1.8992E-02
  2.5331E-02 2.0621E-02 1.4101E-02 8.1714E-03 3.9730E-03 2.3972E-03 2.3141E-03
  1.1690E-04 8.1114E-05 8.5488E-05 1.3360E-04 1.0219E-04 1.1003E-04 7.7933E-05
  4.2147E-05 6.6004E-05 8.5885E-05 1.6938E-04 1.1193E-03 7.1388E-03 1.6969E-02
  2.4713E-02 2.1148E-02 1.3872E-02 8.2020E-03 4.2955E-03 2.5722E-03 2.3141E-03
  0.0000E+00 1.9881E-06 7.9523E-06 1.5905E-05 1.9881E-05 1.7229E-05 5.9642E-06
  5.9642E-06 2.9821E-05 6.3619E-05 5.4076E-04 3.1650E-03 9.1491E-03 1.5050E-02
  1.7815E-02 1.4080E-02 1.0439E-02 6.5527E-03 3.4195E-03 2.2704E-03 2.3141E-03
  0.0000E+00 0.0000E+00 0.0000E+00 3.9761E-07 7.9522E-07 7.9522E-07 0.0000E+00
  3.9762E-06 3.4593E-05 2.8430E-04 2.1360E-03 6.5953E-03 1.0281E-02 1.1506E-02
  1.1884E-02 1.0402E-02 8.2342E-03 5.5984E-03 3.2493E-03 2.3006E-03 2.3141E-03
  0.0000E+00 0.0000E+00 0.0000E+00 0.0000E+00 0.0000E+00 0.0000E+00 9.5428E-06
  2.6640E-05 6.5607E-05 7.3082E-04 4.0147E-03 8.0637E-03 8.9388E-03 8.4812E-03
  7.7825E-03 6.5862E-03 5.2485E-03 3.9062E-03 2.6903E-03 2.2016E-03 2.3141E-03
  0.0000E+00 0.0000E+00 0.0000E+00 0.0000E+00 0.0000E+00 0.0000E+00 0.0000E+00
  7.9523E-06 1.6660E-04 1.4875E-03 5.1833E-03 7.4613E-03 6.8020E-03 5.8641E-03
  4.9479E-03 4.3561E-03 3.8382E-03 3.2493E-03 2.3316E-03 2.0199E-03 2.3141E-03
  0.0000E+00 0.0000E+00 0.0000E+00 0.0000E+00 0.0000E+00 0.0000E+00 0.0000E+00
  5.5666E-05 8.0199E-04 3.6974E-03 7.4497E-03 8.4589E-03 7.8672E-03 5.4597E-03
  2.6326E-03 1.8837E-03 1.7539E-03 1.6481E-03 1.3515E-03 1.7102E-03 2.3141E-03
  1.5263E-04 7.6316E-05 0.0000E+00 0.0000E+00 0.0000E+00 0.0000E+00 5.0043E-06
  2.2644E-04 1.3411E-03 2.7674E-03 4.1573E-03 4.0885E-03 3.2328E-03 2.4621E-03
  1.2824E-03 1.1301E-03 1.0947E-03 9.7834E-04 8.6699E-04 1.0822E-03 1.3411E-03
  0.0000E+00 0.0000E+00 0.0000E+00 0.0000E+00 0.0000E+00 0.0000E+00 9.5082E-06
  1.2711E-04 1.0144E-03 2.9365E-03 3.8013E-03 4.0980E-03 3.1715E-03 2.0120E-03
  1.4545E-03 1.4155E-03 1.4302E-03 1.2403E-03 8.9202E-04 1.0219E-03 1.3411E-03
  5.1044E-05 5.3546E-05 6.0302E-05 6.9560E-05 7.4564E-05 7.1226E-05 4.3537E-05
  1.3387E-04 6.3279E-04 2.4631E-03 5.0756E-03 6.2546E-03 6.2947E-03 4.6250E-03
  3.2373E-03 2.3623E-03 1.9324E-03 1.5160E-03 1.0799E-03 1.0957E-03 1.3411E-03
  9.9085E-05 9.9836E-05 1.0309E-04 1.1059E-04 1.1735E-04 1.1576E-04 1.1410E-04
  2.3745E-04 4.6365E-04 1.6066E-03 5.1817E-03 7.6643E-03 9.0921E-03 8.1400E-03
  7.0213E-03 5.0816E-03 3.4547E-03 2.2672E-03 1.5428E-03 1.2964E-03 1.3411E-03
  1.4162E-04 1.3912E-04 1.3887E-04 1.4337E-04 1.4788E-04 1.2009E-04 9.5582E-05
  1.2511E-04 2.2845E-04 6.9935E-04 2.2177E-03 5.2750E-03 8.9379E-03 1.1049E-02
  1.2265E-02 8.6664E-03 5.5458E-03 3.4780E-03 2.0913E-03 1.4432E-03 1.3411E-03
  1.2010E-04 1.1885E-04 1.1510E-04 1.1010E-04 1.0384E-04 9.6748E-05 9.7584E-05
  1.2135E-04 1.9016E-04 3.4780E-04 8.2821E-04 2.8475E-03 7.9106E-03 1.4589E-02
  1.7553E-02 1.3750E-02 8.8263E-03 5.2007E-03 2.8424E-03 1.6564E-03 1.3411E-03
  1.2411E-04 1.2411E-04 1.2611E-04 1.2811E-04 1.2786E-04 1.2127E-04 1.1360E-04
  1.4763E-04 2.1494E-04 2.6798E-04 3.9709E-04 1.1820E-03 5.0301E-03 1.4715E-02
  2.4297E-02 1.9710E-02 1.1934E-02 6.1746E-03 2.6901E-03 1.4425E-03 1.3411E-03
  1.6464E-04 1.6639E-04 1.6990E-04 1.7415E-04 1.7915E-04 1.9067E-04 1.7991E-04
  1.7065E-04 1.8516E-04 2.3570E-04 3.5230E-04 6.9360E-04 2.7659E-03 1.2804E-02
  2.6351E-02 2.2318E-02 1.3321E-02 6.6953E-03 3.0444E-03 1.6064E-03 1.3411E-03
  1.9066E-04 1.8641E-04 1.7790E-04 1.7365E-04 1.7790E-04 1.8082E-04 1.8016E-04
  1.8016E-04 1.8591E-04 2.1268E-04 3.2053E-04 6.0202E-04 1.6787E-03 7.6453E-03
  2.0667E-02 2.1891E-02 1.4041E-02 7.0761E-03 3.1460E-03 1.6427E-03 1.3411E-03
  1.8816E-04 1.8566E-04 1.8566E-04 2.0968E-04 2.5547E-04 2.4736E-04 1.9992E-04
  2.8775E-04 3.0852E-04 2.1794E-04 3.0776E-04 5.7950E-04 1.5088E-03 5.7882E-03
  1.7015E-02 2.2851E-02 1.6867E-02 8.8566E-03 3.5030E-03 1.5904E-03 1.3411E-03
  1.6514E-04 1.6264E-04 1.6264E-04 1.6514E-04 1.6514E-04 1.6180E-04 3.1402E-04
  5.0669E-04 2.6273E-04 1.8391E-04 2.4521E-04 4.6165E-04 1.4337E-03 4.8204E-03
  1.6617E-02 1.9441E-02 1.3180E-02 6.9472E-03 2.8374E-03 1.4075E-03 1.3411E-03
  1.7915E-04 1.7915E-04 1.9116E-04 1.9842E-04 1.6439E-04 1.5781E-04 2.3971E-04
  2.6498E-04 1.4562E-04 1.5814E-04 2.6022E-04 3.7983E-04 7.5865E-04 5.2745E-03
  1.9257E-02 1.9735E-02 1.1903E-02 6.1948E-03 2.7536E-03 1.4900E-03 1.3411E-03
  2.4171E-04 2.3495E-04 2.3220E-04 2.3520E-04 2.3145E-04 2.2202E-04 2.2544E-04
  2.1168E-04 1.4738E-04 1.3712E-04 1.8291E-04 4.5914E-04 2.2845E-03 9.0120E-03
  1.9441E-02 1.7992E-02 1.0676E-02 5.3446E-03 2.2677E-03 1.3289E-03 1.3411E-03
  2.3570E-04 2.3821E-04 2.4471E-04 2.4696E-04 2.4846E-04 2.2501E-04 1.6689E-04
  1.2861E-04 1.2010E-04 1.3362E-04 2.2995E-04 8.6775E-04 3.7695E-03 1.1680E-02
  1.6374E-02 1.3375E-02 8.9312E-03 4.9603E-03 2.2685E-03 1.3604E-03 1.3411E-03
  1.4813E-04 1.2561E-04 1.2811E-04 1.5814E-04 1.3837E-04 1.4030E-04 1.2110E-04
  1.0559E-04 1.1610E-04 1.2836E-04 1.9091E-04 7.8017E-04 4.1025E-03 1.0566E-02
  1.5155E-02 1.2671E-02 7.9033E-03 4.3898E-03 2.2304E-03 1.4165E-03 1.3411E-03
  5.5047E-05 5.7550E-05 6.2554E-05 6.7558E-05 7.5064E-05 8.8414E-05 6.3805E-05
  5.7550E-05 8.7575E-05 1.0384E-04 4.1536E-04 2.0943E-03 6.3517E-03 1.0668E-02
  1.2605E-02 9.2372E-03 5.9676E-03 3.4655E-03 1.8065E-03 1.2661E-03 1.3411E-03
  3.6531E-05 3.6531E-05 3.9033E-05 4.4538E-05 6.2804E-05 1.0177E-04 7.1812E-05
  6.0302E-05 1.0759E-04 2.6648E-04 1.4225E-03 4.5549E-03 7.4071E-03 8.3512E-03
  8.2261E-03 6.7330E-03 5.0671E-03 3.3964E-03 1.9257E-03 1.3256E-03 1.3411E-03
  1.3011E-05 1.5513E-05 2.1268E-05 3.0526E-05 4.3287E-05 6.0390E-05 7.4564E-05
  8.6825E-05 1.1960E-04 5.3771E-04 2.5762E-03 5.3323E-03 6.1866E-03 5.9959E-03
  5.2172E-03 4.3041E-03 3.2848E-03 2.3438E-03 1.6039E-03 1.3131E-03 1.3411E-03
  7.5064E-06 8.2571E-06 1.4012E-05 2.0017E-05 2.1018E-05 2.3355E-05 3.3779E-05
  6.5056E-05 2.1694E-04 9.9611E-04 3.1760E-03 4.4383E-03 4.3925E-03 3.9209E-03
  3.1915E-03 2.7282E-03 2.3780E-03 1.8836E-03 1.2618E-03 1.1285E-03 1.3411E-03
  0.0000E+00 0.0000E+00 0.0000E+00 0.0000E+00 0.0000E+00 3.0041E-06 1.1510E-05
  7.4064E-05 5.7199E-04 2.2099E-03 4.5026E-03 5.1754E-03 5.1707E-03 3.7848E-03
  1.7710E-03 1.2014E-03 1.1215E-03 1.0069E-03 7.6841E-04 9.6858E-04 1.3411E-03
  9.4329E-05 4.7164E-05 0.0000E+00 0.0000E+00 8.5753E-07 8.5788E-06 3.5159E-05
  1.7837E-04 7.8893E-04 1.6456E-03 2.5572E-03 2.6729E-03 2.1181E-03 1.5324E-03
  8.3524E-04 7.6492E-04 7.1947E-04 6.0285E-04 5.0080E-04 6.4144E-04 8.1637E-04
  6.8603E-07 3.4301E-07 0.0000E+00 0.0000E+00 3.2586E-06 1.3381E-05 4.7336E-05
  1.4475E-04 7.3336E-04 1.7197E-03 2.1414E-03 2.6716E-03 2.2414E-03 1.4573E-03
  9.6558E-04 8.3476E-04 8.7794E-04 7.5446E-04 5.0646E-04 5.9753E-04 8.1637E-04
  5.4196E-05 5.5397E-05 5.6597E-05 5.7798E-05 5.8998E-05 6.0600E-05 5.0423E-05
  1.2537E-04 5.5345E-04 1.3930E-03 2.8522E-03 4.3578E-03 4.3813E-03 3.2039E-03
  2.1733E-03 1.5177E-03 1.2782E-03 9.7793E-04 6.5910E-04 6.6150E-04 8.1637E-04
  9.7759E-05 9.7759E-05 9.6558E-05 9.3643E-05 9.0213E-05 9.0785E-05 1.0290E-04
  1.8677E-04 3.3684E-04 8.1431E-04 2.8160E-03 5.0320E-03 6.1664E-03 5.1824E-03
  4.3559E-03 3.1029E-03 2.0812E-03 1.3688E-03 9.6781E-04 8.1003E-04 8.1637E-04
  1.3926E-04 1.3944E-04 1.3429E-04 1.2520E-04 1.1645E-04 9.7294E-05 9.5358E-05
  1.1337E-04 1.7545E-04 4.3031E-04 1.3698E-03 3.4144E-03 5.8818E-03 7.0258E-03
  7.3937E-03 5.2977E-03 3.4649E-03 2.1944E-03 1.3530E-03 9.1859E-04 8.1637E-04
  1.8008E-04 1.9037E-04 1.7922E-04 1.3806E-04 1.1148E-04 1.0233E-04 1.0462E-04
  1.1662E-04 1.5093E-04 2.4097E-04 5.4882E-04 1.8780E-03 5.2747E-03 9.5821E-03
  1.1400E-02 8.7077E-03 5.7095E-03 3.5399E-03 2.0907E-03 1.1782E-03 8.1637E-04
  1.3961E-04 1.4355E-04 1.4269E-04 1.3515E-04 1.3052E-04 1.2634E-04 1.1885E-04
  1.3858E-04 1.7219E-04 1.8197E-04 3.2072E-04 8.2443E-04 3.4504E-03 1.0257E-02
  1.6248E-02 1.3252E-02 7.9708E-03 4.1525E-03 1.8626E-03 9.5649E-04 8.1637E-04
  1.7322E-04 1.7442E-04 1.7562E-04 1.7854E-04 1.8780E-04 2.0032E-04 1.8145E-04
  1.7648E-04 1.8506E-04 1.9809E-04 2.8779E-04 5.0097E-04 1.9147E-03 8.6455E-03
  1.6914E-02 1.3644E-02 8.0607E-03 4.0544E-03 1.8394E-03 9.7244E-04 8.1637E-04
  2.1816E-04 2.0992E-04 1.9466E-04 1.8643E-04 1.8694E-04 1.8934E-04 1.8866E-04
  1.8934E-04 1.8660E-04 2.0392E-04 2.7270E-04 4.5998E-04 1.2134E-03 5.1267E-03
  1.2602E-02 1.2935E-02 8.3352E-03 4.1515E-03 1.7439E-03 9.2065E-04 8.1637E-04
  2.3805E-04 2.2999E-04 2.1696E-04 2.1370E-04 2.2039E-04 2.1873E-04 2.0306E-04
  2.0718E-04 1.9089E-04 2.0649E-04 2.5795E-04 4.8416E-04 1.3022E-03 4.0863E-03
  1.0976E-02 1.4096E-02 1.0386E-02 5.4464E-03 2.1215E-03 9.5341E-04 8.1637E-04
  1.9723E-04 1.9723E-04 1.9980E-04 2.0238E-04 1.9980E-04 1.9838E-04 2.7098E-04
  3.0957E-04 2.0066E-04 1.8180E-04 2.2039E-04 3.7131E-04 1.0342E-03 3.3693E-03
  1.1333E-02 1.3496E-02 9.1730E-03 4.6556E-03 1.7880E-03 8.5753E-04 8.1637E-04
  1.9140E-04 1.8986E-04 1.9843E-04 2.1336E-04 2.1061E-04 2.2549E-04 2.1953E-04
  1.7940E-04 1.5607E-04 1.7339E-04 3.1300E-04 3.8949E-04 7.7298E-04 3.6085E-03
  1.2287E-02 1.2630E-02 7.7046E-03 3.8821E-03 1.6574E-03 8.9286E-04 8.1637E-04
  2.2879E-04 2.2004E-04 2.1284E-04 2.1661E-04 2.1884E-04 2.1907E-04 1.9998E-04
  1.6791E-04 1.5419E-04 1.4081E-04 1.6293E-04 4.5621E-04 1.9363E-03 6.1171E-03
  1.1829E-02 1.0167E-02 5.9713E-03 2.9993E-03 1.2916E-03 7.8619E-04 8.1637E-04
  2.1301E-04 2.1524E-04 2.2313E-04 2.2759E-04 2.2519E-04 2.0019E-04 1.6002E-04
  1.3309E-04 1.2623E-04 1.3378E-04 2.1473E-04 7.6029E-04 2.6933E-03 7.8006E-03
  9.9273E-03 8.1814E-03 5.5426E-03 3.0271E-03 1.3252E-03 7.9699E-04 8.1637E-04
  1.4201E-04 1.2657E-04 1.3000E-04 1.5058E-04 1.3515E-04 1.3401E-04 1.1662E-04
  1.0651E-04 1.1731E-04 1.2863E-04 2.5606E-04 1.0175E-03 3.0286E-03 7.1345E-03
  9.5030E-03 7.9528E-03 4.7974E-03 2.5460E-03 1.2470E-03 8.1929E-04 8.1637E-04
  6.5173E-05 6.6030E-05 6.9460E-05 7.2033E-05 7.1175E-05 6.8030E-05 6.4315E-05
  6.6888E-05 1.0119E-04 1.1234E-04 3.7303E-04 1.4672E-03 4.3949E-03 7.6578E-03
  8.7451E-03 6.3820E-03 3.7774E-03 2.0718E-03 1.0522E-03 7.4949E-04 8.1637E-04
  4.5964E-05 4.7507E-05 4.9222E-05 5.0937E-05 5.7283E-05 6.8263E-05 6.6716E-05
  7.5292E-05 1.2743E-04 2.5932E-04 1.0590E-03 2.9899E-03 5.0401E-03 5.7244E-03
  5.5364E-03 4.3066E-03 3.0276E-03 1.9903E-03 1.1443E-03 8.0025E-04 8.1637E-04
  2.8127E-05 3.0357E-05 3.7046E-05 4.9566E-05 6.2428E-05 7.6840E-05 9.0727E-05
  1.0599E-04 1.3583E-04 3.9892E-04 1.5986E-03 3.3281E-03 4.1004E-03 4.0157E-03
  3.4413E-03 2.6070E-03 1.9454E-03 1.3731E-03 9.3986E-04 7.8927E-04 8.1637E-04
  2.2982E-05 2.8127E-05 4.2362E-05 5.7798E-05 5.9684E-05 5.1564E-05 5.5054E-05
  7.5292E-05 1.6499E-04 6.5447E-04 1.9984E-03 2.9287E-03 2.8916E-03 2.5141E-03
  2.0138E-03 1.6693E-03 1.3873E-03 1.0404E-03 6.6647E-04 6.4898E-04 8.1637E-04
  0.0000E+00 0.0000E+00 0.0000E+00 0.0000E+00 4.6307E-06 1.4066E-05 3.3615E-05
  7.7864E-05 3.7406E-04 1.3846E-03 2.8877E-03 3.3289E-03 3.4737E-03 2.6304E-03
  1.1894E-03 7.6265E-04 7.1518E-04 6.3646E-04 4.6787E-04 5.8535E-04 8.1637E-04
  1.0521E-04 5.5278E-05 6.2411E-06 1.7832E-05 4.3688E-05 8.3822E-05 1.4979E-04
  3.2989E-04 9.0140E-04 1.7217E-03 2.5446E-03 2.4884E-03 2.1657E-03 1.5433E-03
  7.8371E-04 7.6022E-04 7.2843E-04 5.9202E-04 4.8592E-04 7.0168E-04 9.4508E-04
  8.4166E-05 7.2932E-05 6.8474E-05 9.3973E-05 1.1680E-04 1.1353E-04 1.2518E-04
  2.3823E-04 7.4965E-04 1.4922E-03 1.7937E-03 2.1897E-03 2.0077E-03 1.4381E-03
  9.3974E-04 8.3629E-04 8.6359E-04 7.3092E-04 4.9037E-04 6.5746E-04 9.4508E-04
  4.9786E-04 5.0428E-04 5.1801E-04 5.4102E-04 5.4940E-04 4.9189E-04 3.1937E-04
  2.7390E-04 5.3281E-04 1.2486E-03 2.2951E-03 3.8069E-03 3.8847E-03 2.8980E-03
  2.1822E-03 1.6997E-03 1.3839E-03 1.0344E-03 7.3574E-04 7.7764E-04 9.4508E-04
  9.5257E-04 9.6452E-04 9.6791E-04 9.6042E-04 9.7130E-04 9.4970E-04 8.1937E-04
  7.8085E-04 6.3624E-04 9.1959E-04 2.5337E-03 4.3770E-03 5.5758E-03 4.6987E-03
  4.0034E-03 2.8837E-03 2.0350E-03 1.3775E-03 1.0401E-03 9.4009E-04 9.4508E-04
  1.3927E-03 1.4069E-03 1.3969E-03 1.3559E-03 1.3502E-03 1.3261E-03 1.2338E-03
  1.1694E-03 9.5953E-04 8.0742E-04 1.5162E-03 3.2887E-03 5.4364E-03 6.3017E-03
  6.4314E-03 4.7103E-03 3.1605E-03 2.0851E-03 1.4444E-03 1.0902E-03 9.4508E-04
  1.2732E-03 1.2687E-03 1.2233E-03 1.1341E-03 1.0405E-03 9.4268E-04 8.5147E-04
  7.7390E-04 6.1965E-04 5.4387E-04 7.7657E-04 1.9339E-03 4.6140E-03 8.0823E-03
  9.7959E-03 7.9068E-03 5.1222E-03 3.1928E-03 2.1193E-03 1.3695E-03 9.4508E-04
  6.1413E-04 6.0931E-04 6.0075E-04 5.9487E-04 5.8595E-04 5.6823E-04 5.3585E-04
  5.0945E-04 4.9661E-04 4.8788E-04 5.7169E-04 1.1362E-03 3.3775E-03 8.7800E-03
  1.4124E-02 1.2259E-02 7.4931E-03 4.0533E-03 2.0688E-03 1.1805E-03 9.4508E-04
  4.4722E-04 4.4365E-04 4.3402E-04 4.2422E-04 4.2333E-04 4.3308E-04 4.3206E-04
  4.2743E-04 4.3260E-04 4.6434E-04 6.3749E-04 9.7718E-04 2.1985E-03 7.2841E-03
  1.3585E-02 1.1653E-02 7.0719E-03 3.7304E-03 1.8356E-03 1.0763E-03 9.4508E-04
  3.9123E-04 3.9069E-04 3.8231E-04 3.7251E-04 3.8071E-04 4.1728E-04 4.6113E-04
  4.4009E-04 4.4526E-04 4.4027E-04 4.8217E-04 6.5995E-04 1.2996E-03 4.6186E-03
  1.0447E-02 1.0651E-02 7.0170E-03 3.5763E-03 1.5177E-03 9.2101E-04 9.4508E-04
  5.2925E-04 5.2443E-04 5.0517E-04 4.8699E-04 4.8502E-04 4.6944E-04 4.6612E-04
  4.4526E-04 4.2154E-04 4.9911E-04 6.6495E-04 8.4273E-04 1.7013E-03 4.2564E-03
  9.5193E-03 1.1966E-02 8.8171E-03 4.6521E-03 1.8773E-03 9.9038E-04 9.4508E-04
  1.2001E-03 1.1493E-03 1.0235E-03 8.9248E-04 8.0956E-04 7.2691E-04 7.2665E-04
  6.1430E-04 4.3331E-04 4.0032E-04 4.4847E-04 6.9098E-04 1.4417E-03 3.4415E-03
  1.0280E-02 1.2140E-02 8.2508E-03 4.2787E-03 1.7716E-03 9.8610E-04 9.4508E-04
  1.9979E-03 1.9872E-03 1.9562E-03 1.9283E-03 1.9043E-03 1.7671E-03 1.3871E-03
  1.1987E-03 4.6684E-04 3.1437E-04 3.5396E-04 5.9059E-04 1.2634E-03 3.6753E-03
  1.0559E-02 1.1250E-02 7.0314E-03 3.7122E-03 1.9274E-03 1.2113E-03 9.4508E-04
  2.0061E-03 2.0257E-03 2.0804E-03 2.1518E-03 2.2104E-03 2.2131E-03 2.1466E-03
  1.8975E-03 9.2173E-04 3.5521E-04 3.0385E-04 6.4355E-04 2.2117E-03 6.0025E-03
  9.7816E-03 8.3920E-03 5.1152E-03 2.7579E-03 1.5876E-03 1.1444E-03 9.4508E-04
  1.3538E-03 1.3652E-03 1.4092E-03 1.4672E-03 1.5005E-03 1.4401E-03 1.1849E-03
  6.9330E-04 3.8249E-04 3.4843E-04 4.5756E-04 1.1113E-03 2.9581E-03 6.8909E-03
  8.3900E-03 6.7364E-03 4.5419E-03 2.5080E-03 1.3105E-03 9.8948E-04 9.4508E-04
  4.1691E-04 3.7393E-04 3.2917E-04 3.0475E-04 2.5785E-04 2.5239E-04 2.3556E-04
  2.7782E-04 3.6448E-04 3.6591E-04 5.0821E-04 1.3729E-03 3.0129E-03 6.6634E-03
  8.2493E-03 6.6114E-03 4.1409E-03 2.2937E-03 1.1887E-03 8.9944E-04 9.4508E-04
  2.4786E-04 2.4608E-04 2.4786E-04 2.5589E-04 2.5767E-04 2.5380E-04 2.5321E-04
  2.7996E-04 4.2707E-04 4.3331E-04 7.2130E-04 1.6905E-03 4.1227E-03 7.0097E-03
  7.5419E-03 5.6355E-03 3.4522E-03 1.9223E-03 9.6470E-04 7.8460E-04 9.4508E-04
  5.3745E-04 5.4191E-04 5.5047E-04 5.6188E-04 5.7597E-04 5.9630E-04 6.2679E-04
  6.7404E-04 8.1866E-04 1.0084E-03 1.6002E-03 2.8991E-03 4.5792E-03 5.2686E-03
  5.2383E-03 4.0831E-03 2.8114E-03 1.9025E-03 1.2404E-03 9.5489E-04 9.4508E-04
  4.9287E-04 5.0856E-04 5.4797E-04 6.0057E-04 6.6441E-04 7.5312E-04 9.2083E-04
  9.8449E-04 9.9929E-04 1.1459E-03 1.9239E-03 3.1313E-03 3.7976E-03 3.6709E-03
  3.0501E-03 2.2706E-03 1.7028E-03 1.1897E-03 8.4701E-04 8.4095E-04 9.4508E-04
  3.9800E-04 4.1387E-04 4.4847E-04 4.8128E-04 5.1177E-04 5.5458E-04 6.2126E-04
  6.8938E-04 8.5058E-04 1.2812E-03 2.1956E-03 2.7866E-03 2.7604E-03 2.3643E-03
  1.8536E-03 1.4555E-03 1.1958E-03 9.0692E-04 6.6851E-04 7.6284E-04 9.4508E-04
  2.8887E-05 3.9052E-05 7.1327E-05 1.2090E-04 1.7475E-04 2.3159E-04 2.9422E-04
  3.5022E-04 6.4533E-04 1.5663E-03 2.7793E-03 3.2395E-03 3.4804E-03 2.4112E-03
  1.1505E-03 7.4122E-04 6.7957E-04 5.8756E-04 4.4776E-04 6.5407E-04 9.4508E-04
  0.0000E+00 0.0000E+00 0.0000E+00 0.0000E+00 0.0000E+00 0.0000E+00 0.0000E+00
  2.5576E-03 1.3021E-02 2.5344E-02 2.3251E-03 0.0000E+00 0.0000E+00 0.0000E+00
  0.0000E+00 0.0000E+00 0.0000E+00 0.0000E+00 0.0000E+00 0.0000E+00 0.0000E+00
  0.0000E+00 0.0000E+00 0.0000E+00 0.0000E+00 0.0000E+00 0.0000E+00 0.0000E+00
  0.0000E+00 0.0000E+00 0.0000E+00 8.3704E-04 4.1852E-04 0.0000E+00 0.0000E+00
  0.0000E+00 0.0000E+00 0.0000E+00 0.0000E+00 0.0000E+00 0.0000E+00 0.0000E+00
  1.8601E-03 1.5346E-03 1.0230E-03 1.1161E-03 1.6741E-03 2.5114E-03 4.0457E-03
  0.0000E+00 2.7901E-04 0.0000E+00 6.5103E-04 6.5103E-04 0.0000E+00 0.0000E+00
  0.0000E+00 0.0000E+00 0.0000E+00 0.0000E+00 0.0000E+00 0.0000E+00 0.0000E+00
  1.8601E-03 1.8601E-03 1.8601E-03 2.4646E-03 3.9992E-03 5.7357E-03 9.6725E-03
  2.1112E-02 1.8461E-02 0.0000E+00 0.0000E+00 0.0000E+00 0.0000E+00 0.0000E+00
  0.0000E+00 0.0000E+00 0.0000E+00 0.0000E+00 0.0000E+00 0.0000E+00 0.0000E+00
  2.8831E-03 1.8601E-03 8.3704E-04 8.3704E-04 8.3704E-04 1.3953E-03 0.0000E+00
  0.0000E+00 4.1852E-04 1.3486E-03 6.9754E-04 9.3005E-05 0.0000E+00 0.0000E+00
  0.0000E+00 0.0000E+00 0.0000E+00 0.0000E+00 0.0000E+00 0.0000E+00 0.0000E+00
  0.0000E+00 0.0000E+00 0.0000E+00 0.0000E+00 0.0000E+00 0.0000E+00 0.0000E+00
  4.6502E-04 1.1161E-02 2.5576E-02 1.6043E-02 1.3951E-03 0.0000E+00 0.0000E+00
  0.0000E+00 0.0000E+00 0.0000E+00 0.0000E+00 0.0000E+00 0.0000E+00 0.0000E+00
  0.0000E+00 0.0000E+00 0.0000E+00 0.0000E+00 0.0000E+00 0.0000E+00 0.0000E+00
  0.0000E+00 0.0000E+00 9.3005E-05 9.8120E-03 1.0881E-02 1.2556E-03 0.0000E+00
  0.0000E+00 0.0000E+00 0.0000E+00 0.0000E+00 0.0000E+00 0.0000E+00 0.0000E+00
  0.0000E+00 0.0000E+00 0.0000E+00 0.0000E+00 0.0000E+00 0.0000E+00 0.0000E+00
  0.0000E+00 0.0000E+00 3.4412E-03 1.9624E-02 1.6601E-02 2.7901E-03 0.0000E+00
  1.9531E-03 1.8610E-04 0.0000E+00 0.0000E+00 0.0000E+00 0.0000E+00 0.0000E+00
  0.0000E+00 0.0000E+00 0.0000E+00 0.0000E+00 0.0000E+00 0.0000E+00 0.0000E+00
  0.0000E+00 0.0000E+00 2.5111E-03 1.6462E-02 2.0135E-02 5.5338E-03 0.0000E+00
  9.6259E-03 2.2332E-03 0.0000E+00 0.0000E+00 0.0000E+00 0.0000E+00 0.0000E+00
  0.0000E+00 0.0000E+00 0.0000E+00 0.0000E+00 0.0000E+00 0.0000E+00 0.0000E+00
  0.0000E+00 0.0000E+00 8.3704E-04 1.2277E-02 1.9205E-02 6.4173E-03 0.0000E+00
  0.0000E+00 0.0000E+00 0.0000E+00 0.0000E+00 0.0000E+00 0.0000E+00 0.0000E+00
  0.0000E+00 0.0000E+00 0.0000E+00 0.0000E+00 0.0000E+00 0.0000E+00 0.0000E+00
  0.0000E+00 0.0000E+00 0.0000E+00 6.9753E-03 1.3486E-02 4.8827E-03 0.0000E+00
  0.0000E+00 0.0000E+00 0.0000E+00 0.0000E+00 0.0000E+00 0.0000E+00 0.0000E+00
  0.0000E+00 0.0000E+00 0.0000E+00 0.0000E+00 0.0000E+00 0.0000E+00 0.0000E+00
  0.0000E+00 0.0000E+00 0.0000E+00 4.4642E-03 6.0453E-03 1.3951E-04 0.0000E+00
  0.0000E+00 0.0000E+00 0.0000E+00 0.0000E+00 0.0000E+00 0.0000E+00 0.0000E+00
  0.0000E+00 0.0000E+00 0.0000E+00 0.0000E+00 0.0000E+00 0.0000E+00 0.0000E+00
  0.0000E+00 0.0000E+00 0.0000E+00 0.0000E+00 0.0000E+00 0.0000E+00 0.0000E+00
  0.0000E+00 0.0000E+00 0.0000E+00 0.0000E+00 0.0000E+00 0.0000E+00 0.0000E+00
  1.8601E-03 1.8601E-03 2.4646E-03 3.4877E-03 3.5807E-03 1.0840E-03 0.0000E+00
  0.0000E+00 0.0000E+00 0.0000E+00 0.0000E+00 0.0000E+00 0.0000E+00 0.0000E+00
  0.0000E+00 0.0000E+00 0.0000E+00 0.0000E+00 0.0000E+00 0.0000E+00 0.0000E+00
  8.3704E-04 4.1852E-04 0.0000E+00 8.8354E-04 1.7671E-03 1.1468E-03 0.0000E+00
  0.0000E+00 0.0000E+00 0.0000E+00 0.0000E+00 0.0000E+00 0.0000E+00 0.0000E+00
  0.0000E+00 0.0000E+00 0.0000E+00 0.0000E+00 0.0000E+00 0.0000E+00 0.0000E+00
  0.0000E+00 0.0000E+00 0.0000E+00 0.0000E+00 0.0000E+00 0.0000E+00 0.0000E+00
  0.0000E+00 0.0000E+00 0.0000E+00 0.0000E+00 0.0000E+00 0.0000E+00 0.0000E+00
  0.0000E+00 0.0000E+00 0.0000E+00 0.0000E+00 0.0000E+00 0.0000E+00 0.0000E+00
  0.0000E+00 0.0000E+00 0.0000E+00 0.0000E+00 0.0000E+00 0.0000E+00 0.0000E+00
  0.0000E+00 1.0881E-02 0.0000E+00 0.0000E+00 0.0000E+00 0.0000E+00 0.0000E+00
  0.0000E+00 0.0000E+00 0.0000E+00 0.0000E+00 0.0000E+00 0.0000E+00 0.0000E+00
  0.0000E+00 0.0000E+00 0.0000E+00 0.0000E+00 0.0000E+00 0.0000E+00 0.0000E+00
  0.0000E+00 8.7889E-03 3.2552E-04 1.0277E-02 1.3765E-02 9.7655E-04 0.0000E+00
  0.0000E+00 0.0000E+00 0.0000E+00 0.0000E+00 0.0000E+00 0.0000E+00 0.0000E+00
  0.0000E+00 0.0000E+00 0.0000E+00 0.0000E+00 0.0000E+00 0.0000E+00 0.0000E+00
  0.0000E+00 0.0000E+00 0.0000E+00 1.1300E-02 9.2539E-03 0.0000E+00 0.0000E+00
  0.0000E+00 0.0000E+00 0.0000E+00 0.0000E+00 0.0000E+00 0.0000E+00 0.0000E+00
  0.0000E+00 0.0000E+00 0.0000E+00 0.0000E+00 0.0000E+00 0.0000E+00 0.0000E+00
  4.6501E-05 2.4181E-03 9.9049E-03 1.5346E-03 4.1852E-04 0.0000E+00 0.0000E+00
  0.0000E+00 0.0000E+00 0.0000E+00 0.0000E+00 0.0000E+00 0.0000E+00 0.0000E+00
  0.0000E+00 0.0000E+00 0.0000E+00 0.0000E+00 0.0000E+00 0.0000E+00 3.4549E-03
  3.0403E-02 5.9838E-02 5.4587E-02 2.4460E-02 1.8242E-02 6.2188E-03 0.0000E+00
  0.0000E+00 0.0000E+00 0.0000E+00 0.0000E+00 0.0000E+00 0.0000E+00 0.0000E+00
  0.0000E+00 0.0000E+00 0.0000E+00 0.0000E+00 0.0000E+00 0.0000E+00 0.0000E+00
  2.0978E-02 6.0557E-02 3.8943E-02 1.4206E-02 4.4499E-03 2.7639E-05 0.0000E+00
  0.0000E+00 0.0000E+00 0.0000E+00 0.0000E+00 0.0000E+00 0.0000E+00 0.0000E+00
  1.2714E-03 1.1885E-03 8.0153E-04 7.4625E-04 1.2438E-03 1.6031E-03 2.4046E-03
  2.5234E-02 6.6057E-02 3.7202E-02 4.3946E-03 5.8042E-04 0.0000E+00 0.0000E+00
  0.0000E+00 0.0000E+00 0.0000E+00 0.0000E+00 0.0000E+00 0.0000E+00 0.0000E+00
  1.6583E-03 1.3819E-03 1.3819E-03 2.0176E-03 3.0126E-03 4.0170E-03 7.6283E-03
  3.4632E-02 7.3575E-02 4.7263E-02 8.4575E-03 5.8042E-04 0.0000E+00 0.0000E+00
  0.0000E+00 0.0000E+00 0.0000E+00 0.0000E+00 0.0000E+00 0.0000E+00 0.0000E+00
  2.2664E-03 1.6307E-03 7.4625E-04 7.4625E-04 9.9500E-04 9.9500E-04 0.0000E+00
  3.8694E-03 4.1486E-02 5.6301E-02 2.5262E-02 9.7842E-03 1.3543E-03 0.0000E+00
  0.0000E+00 0.0000E+00 0.0000E+00 0.0000E+00 0.0000E+00 0.0000E+00 0.0000E+00
  0.0000E+00 0.0000E+00 0.0000E+00 0.0000E+00 0.0000E+00 0.0000E+00 0.0000E+00
  8.4299E-03 3.6622E-02 4.9197E-02 3.8142E-02 1.8795E-02 6.9097E-03 6.9097E-04
  0.0000E+00 0.0000E+00 0.0000E+00 0.0000E+00 0.0000E+00 0.0000E+00 0.0000E+00
  0.0000E+00 0.0000E+00 0.0000E+00 0.0000E+00 0.0000E+00 0.0000E+00 0.0000E+00
  0.0000E+00 5.0579E-03 3.4880E-02 5.3951E-02 4.3476E-02 2.0757E-02 6.5228E-03
  0.0000E+00 0.0000E+00 0.0000E+00 0.0000E+00 0.0000E+00 0.0000E+00 0.0000E+00
  0.0000E+00 0.0000E+00 0.0000E+00 0.0000E+00 0.0000E+00 0.0000E+00 0.0000E+00
  0.0000E+00 9.3972E-04 2.3631E-02 5.2763E-02 5.3509E-02 2.9712E-02 1.0835E-02
  4.8644E-03 9.9550E-04 0.0000E+00 0.0000E+00 0.0000E+00 0.0000E+00 0.0000E+00
  0.0000E+00 0.0000E+00 0.0000E+00 0.0000E+00 0.0000E+00 0.0000E+00 0.0000E+00
  0.0000E+00 0.0000E+00 1.7855E-02 4.3725E-02 5.2431E-02 3.2946E-02 1.3543E-02
  1.4151E-02 4.9773E-03 1.6583E-04 0.0000E+00 0.0000E+00 0.0000E+00 0.0000E+00
  5.5278E-05 2.7639E-05 0.0000E+00 0.0000E+00 0.0000E+00 0.0000E+00 0.0000E+00
  0.0000E+00 0.0000E+00 8.9826E-03 3.1204E-02 4.2177E-02 2.8662E-02 1.2161E-02
  1.1332E-03 0.0000E+00 0.0000E+00 0.0000E+00 0.0000E+00 0.0000E+00 0.0000E+00
  0.0000E+00 0.0000E+00 0.0000E+00 0.0000E+00 0.0000E+00 0.0000E+00 0.0000E+00
  0.0000E+00 0.0000E+00 9.6736E-04 1.7136E-02 2.9850E-02 2.0453E-02 8.1535E-03
  5.5278E-04 0.0000E+00 0.0000E+00 0.0000E+00 0.0000E+00 0.0000E+00 0.0000E+00
  0.0000E+00 0.0000E+00 0.0000E+00 0.0000E+00 0.0000E+00 0.0000E+00 0.0000E+00
  0.0000E+00 0.0000E+00 0.0000E+00 8.7615E-03 1.8905E-02 1.1443E-02 2.2111E-03
  0.0000E+00 0.0000E+00 0.0000E+00 0.0000E+00 0.0000E+00 0.0000E+00 0.0000E+00
  0.0000E+00 0.0000E+00 0.0000E+00 0.0000E+00 0.0000E+00 0.0000E+00 0.0000E+00
  0.0000E+00 0.0000E+00 0.0000E+00 5.2238E-03 8.7063E-03 2.4599E-03 0.0000E+00
  0.0000E+00 0.0000E+00 0.0000E+00 0.0000E+00 0.0000E+00 0.0000E+00 0.0000E+00
  7.1861E-04 9.1208E-04 1.3819E-03 1.7965E-03 2.1282E-03 7.7312E-04 0.0000E+00
  0.0000E+00 0.0000E+00 0.0000E+00 2.1006E-03 4.1458E-03 1.2161E-03 0.0000E+00
  0.0000E+00 0.0000E+00 0.0000E+00 0.0000E+00 0.0000E+00 0.0000E+00 0.0000E+00
  4.9750E-04 2.4875E-04 0.0000E+00 5.2514E-04 1.2990E-03 1.1791E-03 0.0000E+00
  0.0000E+00 0.0000E+00 5.2514E-04 9.9500E-04 7.4625E-04 1.2714E-03 0.0000E+00
  0.0000E+00 0.0000E+00 0.0000E+00 0.0000E+00 0.0000E+00 0.0000E+00 0.0000E+00
  0.0000E+00 0.0000E+00 0.0000E+00 0.0000E+00 0.0000E+00 0.0000E+00 0.0000E+00
  0.0000E+00 0.0000E+00 0.0000E+00 4.1458E-04 4.5604E-03 4.8368E-03 0.0000E+00
  0.0000E+00 0.0000E+00 0.0000E+00 0.0000E+00 0.0000E+00 0.0000E+00 0.0000E+00
  0.0000E+00 0.0000E+00 0.0000E+00 0.0000E+00 0.0000E+00 0.0000E+00 0.0000E+00
  4.9750E-04 1.0503E-02 3.2338E-03 2.5981E-03 1.2852E-02 7.5454E-03 0.0000E+00
  0.0000E+00 0.0000E+00 0.0000E+00 0.0000E+00 0.0000E+00 0.0000E+00 0.0000E+00
  0.0000E+00 0.0000E+00 0.0000E+00 0.0000E+00 0.0000E+00 0.0000E+00 0.0000E+00
  3.8694E-04 1.1332E-02 1.1498E-02 3.0154E-02 5.1878E-02 2.0729E-02 7.4625E-04
  0.0000E+00 0.0000E+00 0.0000E+00 0.0000E+00 0.0000E+00 0.0000E+00 0.0000E+00
  0.0000E+00 0.0000E+00 0.0000E+00 0.0000E+00 0.0000E+00 0.0000E+00 0.0000E+00
  0.0000E+00 2.0453E-03 1.7744E-02 4.3891E-02 3.3194E-02 8.7063E-03 0.0000E+00
  0.0000E+00 0.0000E+00 0.0000E+00 0.0000E+00 0.0000E+00 0.0000E+00 0.0000E+00
  0.0000E+00 0.0000E+00 0.0000E+00 0.0000E+00 1.0226E-03 1.0129E-03 1.9347E-04
  8.2917E-03 2.0066E-02 4.5494E-02 3.1868E-02 2.2001E-02 9.6736E-03 0.0000E+00
  0.0000E+00 0.0000E+00 0.0000E+00 0.0000E+00 0.0000E+00 0.0000E+00 0.0000E+00
  0.0000E+00 0.0000E+00 0.0000E+00 0.0000E+00 7.6210E-05 8.6407E-04 1.5090E-02
  7.6972E-02 1.3398E-01 1.0730E-01 5.7920E-02 4.4583E-02 1.6690E-02 2.8960E-03
  1.2194E-03 9.6543E-04 5.3347E-04 1.5242E-04 0.0000E+00 0.0000E+00 0.0000E+00
  0.0000E+00 0.0000E+00 0.0000E+00 0.0000E+00 0.0000E+00 0.0000E+00 5.5024E-03
  5.6655E-02 1.2870E-01 8.9150E-02 3.4188E-02 1.6096E-02 2.3930E-03 0.0000E+00
  0.0000E+00 1.4215E-04 4.8774E-04 3.0484E-04 0.0000E+00 0.0000E+00 0.0000E+00
  3.0484E-04 3.0484E-04 1.9815E-04 1.3718E-04 2.7436E-04 4.2681E-04 4.1458E-03
  5.2341E-02 1.1976E-01 9.7793E-02 2.9371E-02 5.5024E-03 4.1153E-04 0.0000E+00
  0.0000E+00 0.0000E+00 0.0000E+00 0.0000E+00 0.0000E+00 0.0000E+00 0.0000E+00
  3.0484E-04 3.0484E-04 3.0484E-04 4.5726E-04 7.6210E-04 1.5245E-03 8.9318E-03
  5.1365E-02 1.1351E-01 1.0235E-01 3.8318E-02 8.9318E-03 1.6614E-03 2.1339E-04
  0.0000E+00 5.6889E-04 6.4016E-04 2.1339E-04 0.0000E+00 0.0000E+00 0.0000E+00
  3.0484E-04 2.8960E-04 2.7436E-04 2.7436E-04 2.7436E-04 4.5735E-04 2.7436E-04
  1.0761E-02 5.7935E-02 1.0105E-01 6.1532E-02 2.7268E-02 8.6422E-03 1.9205E-03
  1.5242E-05 1.1987E-03 1.3870E-03 4.1153E-04 0.0000E+00 0.0000E+00 0.0000E+00
  0.0000E+00 0.0000E+00 0.0000E+00 0.0000E+00 0.0000E+00 0.0000E+00 0.0000E+00
  6.1730E-03 3.8334E-02 7.3924E-02 7.3924E-02 5.0070E-02 2.1415E-02 6.0968E-03
  1.0669E-03 1.0166E-04 0.0000E+00 0.0000E+00 0.0000E+00 0.0000E+00 0.0000E+00
  0.0000E+00 0.0000E+00 0.0000E+00 0.0000E+00 0.0000E+00 0.0000E+00 0.0000E+00
  9.1452E-05 1.0898E-02 4.8881E-02 8.6254E-02 8.4624E-02 4.9308E-02 1.8260E-02
  3.8257E-03 4.0666E-04 0.0000E+00 0.0000E+00 0.0000E+00 0.0000E+00 0.0000E+00
  0.0000E+00 0.0000E+00 0.0000E+00 0.0000E+00 0.0000E+00 0.0000E+00 0.0000E+00
  0.0000E+00 6.1120E-03 3.3106E-02 7.5600E-02 8.9394E-02 6.0328E-02 2.6414E-02
  8.8251E-03 1.9620E-03 1.3718E-04 0.0000E+00 0.0000E+00 0.0000E+00 0.0000E+00
  0.0000E+00 0.0000E+00 0.0000E+00 0.0000E+00 0.0000E+00 0.0000E+00 0.0000E+00
  0.0000E+00 5.4261E-03 2.4814E-02 5.4765E-02 7.4640E-02 5.9276E-02 3.0133E-02
  1.6050E-02 5.0826E-03 5.7920E-04 0.0000E+00 0.0000E+00 0.0000E+00 0.0000E+00
  4.5726E-04 2.2863E-04 0.0000E+00 0.0000E+00 0.0000E+00 0.0000E+00 0.0000E+00
  0.0000E+00 3.5057E-03 1.8397E-02 4.0605E-02 5.3195E-02 4.5269E-02 2.5408E-02
  6.8741E-03 1.2199E-03 6.0968E-05 0.0000E+00 0.0000E+00 0.0000E+00 0.0000E+00
  3.0484E-04 1.5242E-04 0.0000E+00 0.0000E+00 0.0000E+00 0.0000E+00 0.0000E+00
  0.0000E+00 4.5726E-04 6.9351E-03 2.2558E-02 3.4676E-02 2.8960E-02 1.5776E-02
  6.1730E-03 4.7261E-03 1.3718E-03 7.6210E-05 7.6210E-05 7.6210E-05 0.0000E+00
  0.0000E+00 0.0000E+00 0.0000E+00 0.0000E+00 0.0000E+00 0.0000E+00 0.0000E+00
  0.0000E+00 5.7920E-04 4.1153E-03 1.3855E-02 2.1720E-02 1.7909E-02 8.1545E-03
  1.8443E-03 6.3014E-04 1.8290E-04 0.0000E+00 0.0000E+00 0.0000E+00 0.0000E+00
  0.0000E+00 0.0000E+00 0.0000E+00 0.0000E+00 0.0000E+00 0.0000E+00 0.0000E+00
  0.0000E+00 2.1339E-04 3.3837E-03 9.3586E-03 1.1843E-02 7.2247E-03 2.2863E-03
  4.5726E-05 2.5700E-03 3.2770E-03 1.2346E-03 4.5726E-05 0.0000E+00 0.0000E+00
  3.0484E-04 3.0484E-04 4.5726E-04 7.3162E-04 9.6025E-04 3.5529E-04 0.0000E+00
  0.0000E+00 0.0000E+00 1.8138E-03 6.1273E-03 7.5448E-03 6.7827E-03 3.0332E-03
  4.5726E-05 1.3204E-03 1.7986E-03 5.7920E-04 0.0000E+00 0.0000E+00 0.0000E+00
  2.7436E-04 1.3718E-04 0.0000E+00 1.3718E-04 4.2678E-04 3.7587E-04 0.0000E+00
  0.0000E+00 1.4937E-03 3.0636E-03 6.3102E-03 9.7396E-03 1.3306E-02 3.0027E-03
  0.0000E+00 1.0151E-05 9.1451E-05 9.1451E-05 1.5242E-05 0.0000E+00 0.0000E+00
  0.0000E+00 0.0000E+00 0.0000E+00 0.0000E+00 0.0000E+00 0.0000E+00 0.0000E+00
  0.0000E+00 8.3831E-04 3.5057E-03 1.5242E-02 2.3778E-02 2.0881E-02 5.7157E-03
  3.8105E-04 1.7772E-03 4.5726E-03 3.8105E-03 1.1432E-03 0.0000E+00 0.0000E+00
  0.0000E+00 0.0000E+00 0.0000E+00 0.0000E+00 0.0000E+00 0.0000E+00 0.0000E+00
  1.0974E-03 8.0325E-03 9.1147E-03 2.6704E-02 4.1123E-02 3.6063E-02 1.0639E-02
  8.0783E-04 1.3613E-03 1.6461E-03 6.5540E-04 4.5725E-05 0.0000E+00 0.0000E+00
  0.0000E+00 0.0000E+00 0.0000E+00 0.0000E+00 0.0000E+00 0.0000E+00 0.0000E+00
  1.0974E-03 1.2712E-02 2.7695E-02 5.6136E-02 7.4960E-02 3.8791E-02 9.5567E-03
  6.7065E-04 0.0000E+00 0.0000E+00 0.0000E+00 0.0000E+00 0.0000E+00 0.0000E+00
  0.0000E+00 0.0000E+00 0.0000E+00 0.0000E+00 0.0000E+00 0.0000E+00 0.0000E+00
  7.7734E-04 1.2895E-02 5.3347E-02 9.6467E-02 6.6806E-02 1.9632E-02 2.4844E-03
  4.4202E-04 0.0000E+00 0.0000E+00 0.0000E+00 0.0000E+00 0.0000E+00 0.0000E+00
  0.0000E+00 0.0000E+00 0.0000E+00 0.0000E+00 0.0000E+00 4.0665E-05 3.2313E-03
  2.2848E-02 5.5435E-02 8.2032E-02 7.3116E-02 4.2876E-02 1.8626E-02 3.7343E-03
  1.0669E-04 0.0000E+00 0.0000E+00 0.0000E+00 0.0000E+00 0.0000E+00 0.0000E+00
  0.0000E+00 0.0000E+00 0.0000E+00 0.0000E+00 2.1377E-04 1.6823E-03 2.0522E-02
  8.9655E-02 1.5191E-01 1.3822E-01 1.0381E-01 7.9052E-02 2.8987E-02 6.8406E-03
  2.3087E-03 1.1117E-03 1.0689E-03 1.4964E-03 1.5819E-03 8.5508E-04 3.4203E-04
  0.0000E+00 0.0000E+00 0.0000E+00 0.0000E+00 0.0000E+00 3.6502E-04 9.5598E-03
  6.4721E-02 1.4820E-01 1.1453E-01 5.6786E-02 3.5178E-02 9.3802E-03 1.5734E-03
  2.8218E-04 3.2481E-04 7.1827E-04 7.0117E-04 2.8218E-04 1.8812E-04 3.4203E-04
  1.0261E-03 1.0004E-03 6.4131E-04 3.5913E-04 7.2682E-04 1.2257E-03 7.2169E-03
  5.4469E-02 1.2477E-01 1.1998E-01 6.2506E-02 1.9162E-02 4.3780E-03 1.3425E-03
  2.4797E-04 0.0000E+00 1.1971E-04 2.6508E-04 2.3087E-04 2.5652E-04 3.4203E-04
  8.5508E-04 7.9522E-04 7.3537E-04 9.0638E-04 1.2741E-03 2.0069E-03 9.1579E-03
  4.8363E-02 1.1845E-01 1.3488E-01 7.8513E-02 2.8312E-02 9.9788E-03 3.9334E-03
  3.0868E-03 3.2101E-03 1.2997E-03 4.7029E-04 1.7102E-04 2.5652E-04 3.4203E-04
  7.0117E-04 5.0450E-04 3.0783E-04 3.0783E-04 3.0783E-04 6.1581E-04 1.3852E-03
  1.1013E-02 5.5751E-02 1.1606E-01 8.8432E-02 4.6833E-02 1.6614E-02 4.6602E-03
  4.4550E-03 5.0057E-03 2.6336E-03 8.8073E-04 2.3942E-04 2.4797E-04 3.4203E-04
  0.0000E+00 0.0000E+00 0.0000E+00 0.0000E+00 0.0000E+00 0.0000E+00 0.0000E+00
  4.0616E-03 3.0441E-02 7.6273E-02 9.5427E-02 7.3964E-02 3.4887E-02 1.1415E-02
  3.1210E-03 1.2258E-03 8.1232E-04 5.1305E-04 2.9928E-04 2.9928E-04 3.4203E-04
  0.0000E+00 0.0000E+00 0.0000E+00 0.0000E+00 0.0000E+00 0.0000E+00 0.0000E+00
  8.4653E-04 1.0577E-02 4.5105E-02 9.1186E-02 1.0013E-01 6.8594E-02 2.9381E-02
  8.3969E-03 3.3978E-03 2.8389E-03 2.1719E-03 9.2349E-04 3.4203E-04 3.4203E-04
  0.0000E+00 0.0000E+00 0.0000E+00 0.0000E+00 5.9856E-05 1.1971E-04 0.0000E+00
  5.1305E-04 6.4387E-03 2.8645E-02 7.1792E-02 9.9916E-02 8.0403E-02 3.9701E-02
  1.1680E-02 2.7085E-03 1.0004E-03 4.6174E-04 8.5508E-05 1.7102E-04 3.4203E-04
  0.0000E+00 0.0000E+00 0.0000E+00 0.0000E+00 0.0000E+00 0.0000E+00 0.0000E+00
  6.8406E-04 5.6606E-03 2.1326E-02 4.9210E-02 7.5008E-02 7.1587E-02 4.1779E-02
  1.4665E-02 3.5981E-03 9.2349E-04 2.2232E-04 2.5652E-05 1.7102E-04 3.4203E-04
  0.0000E+00 0.0000E+00 0.0000E+00 0.0000E+00 0.0000E+00 0.0000E+00 0.0000E+00
  3.2493E-04 3.8906E-03 1.5049E-02 3.3314E-02 4.8184E-02 5.1253E-02 3.4793E-02
  1.1107E-02 1.8818E-03 4.4464E-04 8.5508E-05 0.0000E+00 1.7102E-04 3.4203E-04
  0.0000E+00 0.0000E+00 0.0000E+00 0.0000E+00 0.0000E+00 0.0000E+00 0.0000E+00
  0.0000E+00 1.3254E-03 6.9261E-03 1.9453E-02 3.1510E-02 3.0826E-02 1.9539E-02
  8.2943E-03 3.6491E-03 1.6246E-03 1.0261E-03 6.4131E-04 2.9928E-04 3.4203E-04
  0.0000E+00 0.0000E+00 0.0000E+00 0.0000E+00 0.0000E+00 0.0000E+00 0.0000E+00
  5.4725E-04 1.8128E-03 5.0193E-03 1.1826E-02 1.9128E-02 1.8256E-02 1.0064E-02
  4.0360E-03 2.8330E-03 2.9928E-03 2.5738E-03 1.4878E-03 5.3015E-04 3.4203E-04
  0.0000E+00 0.0000E+00 0.0000E+00 0.0000E+00 0.0000E+00 0.0000E+00 2.5652E-05
  1.7957E-04 1.2484E-03 4.5832E-03 8.1660E-03 1.0252E-02 8.9441E-03 5.3271E-03
  2.0094E-03 4.7531E-03 6.2421E-03 3.7623E-03 1.0774E-03 2.5652E-04 3.4203E-04
  0.0000E+00 8.5508E-05 3.4203E-04 5.8145E-04 6.7551E-04 3.8178E-04 2.5652E-05
  0.0000E+00 6.3276E-04 3.1809E-03 6.9945E-03 8.9612E-03 1.3134E-02 1.0860E-02
  2.9073E-03 2.2056E-03 3.0184E-03 2.1890E-03 9.1493E-04 3.1638E-04 3.4203E-04
  0.0000E+00 0.0000E+00 0.0000E+00 1.6246E-04 3.2493E-04 3.1352E-04 0.0000E+00
  7.6957E-05 1.3510E-03 3.5571E-03 1.0124E-02 2.1180E-02 2.8235E-02 1.3536E-02
  2.2745E-03 8.7757E-04 2.3515E-03 3.6255E-03 3.0954E-03 1.2399E-03 3.4203E-04
  0.0000E+00 0.0000E+00 0.0000E+00 0.0000E+00 0.0000E+00 0.0000E+00 0.0000E+00
  0.0000E+00 1.3254E-03 6.3276E-03 3.0569E-02 4.3310E-02 4.2284E-02 2.4797E-02
  5.6435E-03 3.8183E-03 6.5841E-03 5.3870E-03 2.1377E-03 5.1305E-04 3.4203E-04
  0.0000E+00 0.0000E+00 0.0000E+00 0.0000E+00 0.0000E+00 0.0000E+00 0.0000E+00
  2.3942E-04 3.1638E-03 1.5802E-02 5.4811E-02 6.7089E-02 4.7542E-02 1.6169E-02
  3.5828E-03 2.7132E-03 2.6507E-03 1.3083E-03 2.3087E-04 1.7102E-04 3.4203E-04
  0.0000E+00 0.0000E+00 0.0000E+00 0.0000E+00 0.0000E+00 0.0000E+00 0.0000E+00
  6.9261E-04 1.2604E-02 5.0176E-02 8.7423E-02 8.5884E-02 4.4541E-02 1.0928E-02
  2.6678E-03 1.7618E-03 6.7551E-04 1.1971E-04 0.0000E+00 1.7102E-04 3.4203E-04
  0.0000E+00 0.0000E+00 0.0000E+00 0.0000E+00 0.0000E+00 0.0000E+00 5.9856E-05
  2.3771E-03 1.9898E-02 7.4785E-02 1.2031E-01 8.9373E-02 4.6037E-02 1.2382E-02
  2.8731E-03 3.7642E-04 0.0000E+00 0.0000E+00 0.0000E+00 1.7102E-04 3.4203E-04
  0.0000E+00 0.0000E+00 0.0000E+00 0.0000E+00 1.7102E-04 5.0173E-04 4.6260E-03
  2.7978E-02 6.2985E-02 1.0154E-01 1.1258E-01 7.3776E-02 3.3459E-02 9.5341E-03
  1.1458E-03 2.3383E-04 4.2753E-05 1.7956E-04 1.7102E-04 1.9667E-04 3.4203E-04
  0.0000E+00 0.0000E+00 0.0000E+00 4.7202E-05 2.3601E-04 1.3221E-03 1.4703E-02
  6.5635E-02 1.2509E-01 1.3804E-01 1.1159E-01 6.9883E-02 2.4710E-02 8.2132E-03
  3.8706E-03 1.5263E-03 1.7465E-03 2.6905E-03 2.9029E-03 1.9353E-03 1.3217E-03
  0.0000E+00 0.0000E+00 0.0000E+00 0.0000E+00 8.4964E-05 5.7292E-04 7.8261E-03
  4.8373E-02 1.1570E-01 1.0673E-01 7.4768E-02 6.3426E-02 1.6851E-02 3.3938E-03
  8.4020E-04 5.0025E-04 8.3548E-04 1.0432E-03 8.2604E-04 9.3460E-04 1.3217E-03
  5.6643E-04 5.1922E-04 3.2097E-04 1.9825E-04 3.8234E-04 7.6479E-04 5.9758E-03
  3.9404E-02 9.4277E-02 1.0945E-01 8.2472E-02 3.3287E-02 8.3642E-03 3.9839E-03
  1.9683E-03 6.9541E-04 8.7796E-04 1.0998E-03 1.0007E-03 1.0573E-03 1.3217E-03
  4.7202E-04 4.2482E-04 3.9178E-04 5.0034E-04 7.5051E-04 1.3911E-03 6.6272E-03
  3.2164E-02 8.7470E-02 1.1493E-01 9.8247E-02 4.6022E-02 1.1234E-02 4.8524E-03
  3.4694E-03 2.0489E-03 9.6764E-04 5.5698E-04 3.9178E-04 8.1660E-04 1.3217E-03
  3.8706E-04 2.7849E-04 1.6993E-04 1.6993E-04 2.1241E-04 4.2490E-04 9.3460E-04
  5.6595E-03 3.7639E-02 9.2049E-02 8.8636E-02 5.6307E-02 2.1732E-02 8.3689E-03
  6.1410E-03 5.0511E-03 3.0398E-03 1.3877E-03 5.5698E-04 8.4492E-04 1.3217E-03
  0.0000E+00 0.0000E+00 0.0000E+00 0.0000E+00 0.0000E+00 0.0000E+00 0.0000E+00
  1.8645E-03 1.8668E-02 5.6029E-02 8.2297E-02 7.5405E-02 4.1491E-02 1.6167E-02
  5.5226E-03 3.0684E-03 2.0533E-03 1.1801E-03 5.6643E-04 8.4964E-04 1.3217E-03
  0.0000E+00 0.0000E+00 0.0000E+00 0.0000E+00 0.0000E+00 0.0000E+00 0.0000E+00
  4.6730E-04 6.7405E-03 2.9364E-02 6.5932E-02 8.3085E-02 6.6833E-02 3.3481E-02
  1.2848E-02 8.9161E-03 5.1214E-03 2.7330E-03 1.1848E-03 9.9125E-04 1.3217E-03
  0.0000E+00 0.0000E+00 0.0000E+00 0.0000E+00 3.3042E-05 2.2006E-05 0.0000E+00
  3.1625E-04 3.9178E-03 1.8045E-02 4.7032E-02 7.5684E-02 7.6500E-02 4.3818E-02
  1.6252E-02 6.1973E-03 2.9407E-03 2.0816E-03 1.6049E-03 1.2697E-03 1.3217E-03
  0.0000E+00 0.0000E+00 0.0000E+00 0.0000E+00 0.0000E+00 0.0000E+00 0.0000E+00
  4.1538E-04 3.8234E-03 1.4203E-02 3.2985E-02 5.6350E-02 6.7230E-02 4.4238E-02
  1.8149E-02 8.5797E-03 3.9980E-03 1.7418E-03 7.7883E-04 8.7324E-04 1.3217E-03
  1.8881E-05 9.4405E-06 0.0000E+00 0.0000E+00 4.7202E-06 8.5002E-05 4.7202E-06
  3.1153E-04 2.9360E-03 1.0163E-02 2.2614E-02 3.5732E-02 4.4715E-02 3.6539E-02
  1.3018E-02 4.6795E-03 3.3561E-03 1.8834E-03 8.9212E-04 9.1572E-04 1.3217E-03
  4.7202E-05 2.3601E-05 0.0000E+00 0.0000E+00 0.0000E+00 3.1484E-05 0.0000E+00
  2.3601E-05 8.2604E-04 4.4134E-03 1.2579E-02 2.1595E-02 2.4262E-02 1.8055E-02
  9.2988E-03 4.9727E-03 3.2805E-03 3.5638E-03 3.1625E-03 1.7937E-03 1.3217E-03
  0.0000E+00 0.0000E+00 0.0000E+00 0.0000E+00 0.0000E+00 0.0000E+00 8.4964E-05
  1.0904E-03 1.4161E-03 3.8706E-03 9.5867E-03 1.3995E-02 1.4533E-02 9.9455E-03
  8.3123E-03 8.0875E-03 7.8356E-03 7.3871E-03 4.8713E-03 2.1288E-03 1.3217E-03
  0.0000E+00 0.0000E+00 0.0000E+00 0.0000E+00 0.0000E+00 0.0000E+00 2.2657E-04
  1.4916E-03 1.1281E-03 2.5489E-03 5.3858E-03 8.0716E-03 1.1017E-02 1.1083E-02
  7.0284E-03 5.5757E-03 6.2543E-03 4.4889E-03 1.8834E-03 1.0526E-03 1.3217E-03
  9.4404E-05 9.4404E-05 1.4161E-04 1.9353E-04 1.9825E-04 6.6017E-05 0.0000E+00
  0.0000E+00 3.4930E-04 2.3082E-03 5.6737E-03 9.7756E-03 2.2931E-02 2.9473E-02
  1.4028E-02 6.7370E-03 6.6508E-03 4.9562E-03 2.9360E-03 1.5860E-03 1.3217E-03
  8.4964E-05 4.2482E-05 0.0000E+00 4.2482E-05 8.4964E-05 2.8293E-05 0.0000E+00
  8.9684E-05 9.3932E-04 3.1767E-03 1.0564E-02 3.0417E-02 4.5942E-02 3.1134E-02
  9.1478E-03 6.4592E-03 8.6097E-03 7.6326E-03 5.9947E-03 3.1814E-03 1.3217E-03
  0.0000E+00 0.0000E+00 0.0000E+00 0.0000E+00 0.0000E+00 3.1484E-05 0.0000E+00
  7.0803E-05 1.4397E-03 8.2368E-03 3.4292E-02 5.5675E-02 5.3244E-02 3.6228E-02
  1.2815E-02 1.8515E-02 2.5607E-02 1.8975E-02 8.5200E-03 2.9029E-03 1.3217E-03
  0.0000E+00 0.0000E+00 0.0000E+00 0.0000E+00 4.7201E-06 7.8705E-05 4.7201E-06
  2.6905E-04 2.5112E-03 1.7748E-02 6.0702E-02 7.8894E-02 4.7481E-02 1.9948E-02
  9.2847E-03 9.6607E-03 8.4633E-03 5.0648E-03 1.7087E-03 9.8180E-04 1.3217E-03
  0.0000E+00 0.0000E+00 0.0000E+00 0.0000E+00 0.0000E+00 0.0000E+00 2.8321E-05
  7.0331E-04 9.9313E-03 4.6631E-02 8.6937E-02 8.5526E-02 4.7060E-02 1.5808E-02
  6.1882E-03 4.7083E-03 2.7472E-03 1.4963E-03 6.6083E-04 8.5436E-04 1.3217E-03
  0.0000E+00 0.0000E+00 0.0000E+00 0.0000E+00 0.0000E+00 4.4077E-05 2.6905E-04
  3.2003E-03 2.3445E-02 7.4575E-02 1.1527E-01 8.7961E-02 4.8765E-02 1.6143E-02
  5.8059E-03 2.0868E-03 8.9212E-04 4.2954E-04 1.2745E-04 6.6083E-04 1.3217E-03
  0.0000E+00 0.0000E+00 0.0000E+00 4.7202E-05 1.9353E-04 4.4378E-04 3.5449E-03
  2.1279E-02 5.8403E-02 1.0442E-01 1.0806E-01 7.0704E-02 3.0120E-02 8.6238E-03
  2.1713E-03 1.0511E-03 1.0101E-03 1.3169E-03 1.0857E-03 9.7708E-04 1.3217E-03
  1.2728E-04 6.3638E-05 0.0000E+00 3.8183E-05 1.6546E-04 9.5068E-04 8.6675E-03
  3.7305E-02 8.1648E-02 1.0252E-01 8.6879E-02 5.3672E-02 2.1281E-02 8.3621E-03
  4.9638E-03 2.3081E-03 2.2401E-03 2.3037E-03 1.8328E-03 1.6673E-03 1.8699E-03
  0.0000E+00 0.0000E+00 0.0000E+00 0.0000E+00 4.8365E-05 4.8724E-04 5.4805E-03
  3.1689E-02 7.9077E-02 8.7917E-02 6.9831E-02 5.6452E-02 1.8333E-02 4.0092E-03
  1.4051E-03 1.2064E-03 1.7539E-03 1.9906E-03 1.5630E-03 1.4611E-03 1.8699E-03
  1.6800E-04 1.8582E-04 1.6291E-04 2.7746E-04 4.4038E-04 5.9403E-04 4.2790E-03
  2.3887E-02 6.0342E-02 8.0940E-02 6.5988E-02 3.2272E-02 1.1827E-02 5.6333E-03
  2.1459E-03 1.7901E-03 2.3062E-03 2.6474E-03 2.5124E-03 1.9881E-03 1.8699E-03
  2.0364E-04 2.0364E-04 2.6219E-04 3.7928E-04 4.8874E-04 8.3508E-04 4.2892E-03
  1.9354E-02 5.3502E-02 7.7646E-02 6.7360E-02 3.6452E-02 1.6477E-02 8.1533E-03
  4.2739E-03 2.6323E-03 1.9244E-03 1.6088E-03 1.3160E-03 1.4840E-03 1.8699E-03
  2.0873E-04 1.5019E-04 9.1639E-05 1.1455E-04 1.3746E-04 2.5971E-04 7.6875E-04
  3.4314E-03 2.1530E-02 5.7376E-02 6.3106E-02 4.3081E-02 2.4200E-02 1.3570E-02
  9.0493E-03 6.2876E-03 5.1623E-03 3.3143E-03 1.6953E-03 1.4382E-03 1.8699E-03
  0.0000E+00 0.0000E+00 0.0000E+00 0.0000E+00 0.0000E+00 0.0000E+00 0.0000E+00
  1.3619E-03 1.0806E-02 3.3906E-02 5.5416E-02 5.7503E-02 3.8972E-02 2.0326E-02
  9.9530E-03 6.0165E-03 3.7801E-03 1.9473E-03 8.6548E-04 1.2091E-03 1.8699E-03
  0.0000E+00 0.0000E+00 0.0000E+00 0.0000E+00 0.0000E+00 0.0000E+00 0.0000E+00
  4.9129E-04 4.1136E-03 1.6495E-02 3.8781E-02 5.5523E-02 5.3189E-02 3.2379E-02
  1.6808E-02 1.0433E-02 5.8598E-03 3.2557E-03 1.6241E-03 1.4560E-03 1.8699E-03
  0.0000E+00 0.0000E+00 0.0000E+00 0.0000E+00 0.0000E+00 0.0000E+00 0.0000E+00
  2.0619E-04 2.0161E-03 9.4923E-03 2.6356E-02 4.6731E-02 5.6600E-02 3.8315E-02
  1.8692E-02 9.9286E-03 6.3282E-03 4.1467E-03 2.8153E-03 2.0644E-03 1.8699E-03
  0.0000E+00 0.0000E+00 0.0000E+00 0.0000E+00 0.0000E+00 0.0000E+00 0.0000E+00
  1.7055E-04 1.4484E-03 6.3893E-03 1.7223E-02 3.2906E-02 4.6828E-02 3.7228E-02
  1.6673E-02 1.1671E-02 8.2704E-03 4.5540E-03 2.1306E-03 1.5960E-03 1.8699E-03
  1.6800E-04 8.6548E-05 2.5455E-06 0.0000E+00 5.8547E-05 2.2576E-04 5.8547E-05
  1.1964E-04 1.0539E-03 4.2027E-03 1.0714E-02 1.9445E-02 2.8174E-02 2.7395E-02
  1.2771E-02 5.4971E-03 3.8336E-03 2.6754E-03 1.7004E-03 1.5120E-03 1.8699E-03
  1.0182E-04 5.0911E-05 0.0000E+00 0.0000E+00 0.0000E+00 6.7915E-05 1.2728E-05
  1.2728E-05 3.6910E-04 1.7437E-03 5.6893E-03 1.1137E-02 1.4624E-02 1.3351E-02
  1.0144E-02 6.9843E-03 4.5565E-03 4.7983E-03 4.2638E-03 2.5073E-03 1.8699E-03
  0.0000E+00 0.0000E+00 0.0000E+00 0.0000E+00 0.0000E+00 0.0000E+00 1.1455E-04
  1.7055E-04 5.5238E-04 1.4713E-03 4.1110E-03 6.8729E-03 8.3799E-03 9.8868E-03
  1.6274E-02 1.4075E-02 8.6904E-03 6.4886E-03 4.2867E-03 2.3062E-03 1.8699E-03
  0.0000E+00 0.0000E+00 0.0000E+00 0.0000E+00 0.0000E+00 0.0000E+00 1.5782E-04
  1.2473E-04 4.4292E-04 1.0080E-03 2.7110E-03 5.6943E-03 1.4100E-02 2.3457E-02
  2.0827E-02 1.0662E-02 6.9747E-03 5.0834E-03 2.8255E-03 1.7539E-03 1.8699E-03
  5.0911E-05 5.0911E-05 1.0946E-04 1.8837E-04 1.8328E-04 5.2555E-05 0.0000E+00
  0.0000E+00 1.1200E-04 1.1659E-03 3.9787E-03 9.5432E-03 2.7930E-02 4.6043E-02
  3.0653E-02 1.3242E-02 7.6926E-03 5.6536E-03 4.2816E-03 2.6244E-03 1.8699E-03
  4.5820E-05 2.2910E-05 0.0000E+00 4.8365E-05 9.4185E-05 6.1077E-05 0.0000E+00
  4.8365E-05 5.5747E-04 2.2299E-03 8.5071E-03 2.8477E-02 4.9411E-02 4.0308E-02
  2.0553E-02 1.0094E-02 8.7312E-03 7.1147E-03 5.2896E-03 3.1641E-03 1.8699E-03
  0.0000E+00 0.0000E+00 0.0000E+00 0.0000E+00 0.0000E+00 3.3957E-05 0.0000E+00
  6.3638E-05 1.0564E-03 7.0384E-03 2.7046E-02 5.1776E-02 5.3405E-02 3.1615E-02
  1.2206E-02 1.0699E-02 1.3568E-02 1.1684E-02 7.5348E-03 3.8819E-03 1.8699E-03
  0.0000E+00 0.0000E+00 0.0000E+00 0.0000E+00 2.5455E-06 7.3006E-05 2.8001E-05
  1.9346E-04 2.2477E-03 1.4871E-02 4.7433E-02 6.2813E-02 4.1217E-02 1.9736E-02
  9.5075E-03 9.0959E-03 8.7210E-03 6.0482E-03 2.6779E-03 1.6801E-03 1.8699E-03
  0.0000E+00 0.0000E+00 0.0000E+00 0.0000E+00 0.0000E+00 1.0187E-05 8.1457E-05
  4.8620E-04 6.7813E-03 3.3420E-02 6.6456E-02 6.4325E-02 3.3940E-02 1.5072E-02
  6.8984E-03 4.4481E-03 3.5586E-03 2.2426E-03 9.9276E-04 1.2269E-03 1.8699E-03
  0.0000E+00 0.0000E+00 0.0000E+00 0.0000E+00 2.5455E-05 1.1882E-04 2.9783E-04
  2.0746E-03 1.6235E-02 5.5979E-02 8.6456E-02 6.9816E-02 3.7014E-02 1.4688E-02
  5.0503E-03 2.5239E-03 1.3466E-03 7.2293E-04 3.4619E-04 1.0437E-03 1.8699E-03
  0.0000E+00 0.0000E+00 0.0000E+00 5.0911E-05 1.7819E-04 3.1228E-04 2.1662E-03
  1.2351E-02 4.0311E-02 8.1378E-02 8.7711E-02 5.7916E-02 2.7227E-02 8.9882E-03
  3.3856E-03 2.5526E-03 1.6393E-03 1.1429E-03 7.9929E-04 1.2244E-03 1.8699E-03
  2.7798E-04 1.3899E-04 0.0000E+00 1.6352E-05 1.0628E-04 6.5975E-04 5.4205E-03
  2.3407E-02 5.6258E-02 8.0221E-02 7.3378E-02 4.4002E-02 1.7930E-02 7.6280E-03
  4.8074E-03 3.3250E-03 2.9433E-03 2.5754E-03 1.9867E-03 2.1911E-03 2.7144E-03
  0.0000E+00 0.0000E+00 0.0000E+00 0.0000E+00 3.1068E-05 3.3698E-04 3.7968E-03
  1.8966E-02 4.9470E-02 6.8559E-02 6.1394E-02 4.5322E-02 1.6330E-02 5.3274E-03
  2.0766E-03 2.1538E-03 2.6669E-03 2.5983E-03 2.1044E-03 2.1829E-03 2.7144E-03
  1.4062E-04 1.6842E-04 1.7006E-04 1.9949E-04 2.9760E-04 7.3057E-04 5.0183E-03
  1.5475E-02 3.9015E-02 5.9822E-02 5.3794E-02 3.1272E-02 1.5938E-02 7.5904E-03
  3.4404E-03 2.7209E-03 2.6277E-03 2.6244E-03 2.5607E-03 2.5247E-03 2.7144E-03
  1.6352E-04 1.6842E-04 2.1094E-04 2.8125E-04 4.0715E-04 9.3444E-04 3.9391E-03
  1.2277E-02 3.2178E-02 5.0800E-02 5.1571E-02 3.5310E-02 2.7023E-02 1.5781E-02
  1.0230E-02 6.9231E-03 4.1647E-03 2.8452E-03 1.9458E-03 2.1306E-03 2.7144E-03
  1.3408E-04 1.1119E-04 8.8299E-05 1.0302E-04 1.4716E-04 2.7476E-04 5.9847E-04
  2.1502E-03 1.2478E-02 3.5933E-02 4.6308E-02 3.6623E-02 2.9982E-02 2.3530E-02
  1.5042E-02 1.0075E-02 8.0793E-03 6.0256E-03 4.0274E-03 2.9351E-03 2.7144E-03
  0.0000E+00 0.0000E+00 0.0000E+00 0.0000E+00 0.0000E+00 0.0000E+00 1.6352E-05
  9.6474E-04 6.3608E-03 1.9875E-02 3.5957E-02 4.1737E-02 3.4976E-02 2.4421E-02
  1.7709E-02 1.4320E-02 1.0073E-02 6.6306E-03 3.6791E-03 2.5345E-03 2.7144E-03
  0.0000E+00 0.0000E+00 0.0000E+00 0.0000E+00 0.0000E+00 0.0000E+00 0.0000E+00
  4.4967E-04 2.5999E-03 9.4856E-03 2.3178E-02 3.8031E-02 4.3938E-02 3.4709E-02
  2.6830E-02 1.9269E-02 1.1760E-02 7.0067E-03 3.4714E-03 2.3677E-03 2.7144E-03
  0.0000E+00 0.0000E+00 0.0000E+00 0.0000E+00 0.0000E+00 0.0000E+00 0.0000E+00
  1.1610E-04 1.2950E-03 5.5105E-03 1.5060E-02 2.9551E-02 4.2907E-02 3.9275E-02
  2.7281E-02 1.8263E-02 1.1521E-02 6.7663E-03 3.5941E-03 2.5541E-03 2.7144E-03
  0.0000E+00 0.0000E+00 0.0000E+00 0.0000E+00 0.0000E+00 0.0000E+00 0.0000E+00
  8.1758E-05 1.0269E-03 4.1337E-03 1.0804E-02 2.0636E-02 3.3117E-02 3.3135E-02
  2.0747E-02 1.6326E-02 1.1150E-02 6.6110E-03 3.7739E-03 2.7618E-03 2.7144E-03
  1.1446E-04 5.8866E-05 1.6352E-06 0.0000E+00 0.0000E+00 0.0000E+00 0.0000E+00
  4.4149E-05 7.0966E-04 2.4397E-03 6.3264E-03 1.1840E-02 1.8690E-02 2.1578E-02
  1.5333E-02 1.2802E-02 9.2288E-03 6.0419E-03 4.1124E-03 3.0300E-03 2.7144E-03
  8.1758E-05 4.0879E-05 0.0000E+00 8.1758E-06 8.1758E-06 0.0000E+00 0.0000E+00
  0.0000E+00 8.1758E-05 7.8488E-04 2.8288E-03 5.9193E-03 9.4758E-03 1.0817E-02
  1.1528E-02 1.0515E-02 7.4809E-03 6.3444E-03 5.3715E-03 3.6382E-03 2.7144E-03
  0.0000E+00 0.0000E+00 0.0000E+00 0.0000E+00 0.0000E+00 0.0000E+00 2.0603E-04
  5.8866E-05 9.3204E-05 5.2325E-04 1.9050E-03 3.3455E-03 5.4582E-03 1.1847E-02
  2.6463E-02 2.1677E-02 1.1392E-02 6.7630E-03 4.0536E-03 2.7471E-03 2.7144E-03
  0.0000E+00 0.0000E+00 0.0000E+00 0.0000E+00 0.0000E+00 1.5269E-05 2.4200E-04
  9.1569E-05 1.0302E-04 2.4200E-04 1.2934E-03 5.4483E-03 1.4761E-02 3.4275E-02
  4.9719E-02 3.0135E-02 1.8260E-02 1.3188E-02 8.7056E-03 4.3070E-03 2.7144E-03
  6.5406E-05 6.5406E-05 5.3960E-05 3.2703E-05 3.4338E-05 1.5246E-05 0.0000E+00
  0.0000E+00 0.0000E+00 4.7747E-04 2.7716E-03 1.1418E-02 3.8814E-02 6.0262E-02
  4.1513E-02 1.6645E-02 1.1505E-02 9.8878E-03 7.6640E-03 4.2302E-03 2.7144E-03
  2.9433E-05 1.4717E-05 0.0000E+00 0.0000E+00 1.4717E-05 2.9433E-05 0.0000E+00
  1.4717E-05 2.1748E-04 1.1413E-03 7.5021E-03 3.1294E-02 5.8748E-02 5.3295E-02
  2.5334E-02 1.1928E-02 1.0599E-02 8.2854E-03 5.0248E-03 3.0577E-03 2.7144E-03
  0.0000E+00 0.0000E+00 0.0000E+00 0.0000E+00 0.0000E+00 1.0906E-05 0.0000E+00
  3.2703E-05 7.5217E-04 4.6357E-03 1.8952E-02 4.6275E-02 5.5767E-02 3.1370E-02
  1.5689E-02 1.2972E-02 1.2672E-02 9.2959E-03 4.9382E-03 2.9351E-03 2.7144E-03
  0.0000E+00 0.0000E+00 0.0000E+00 0.0000E+00 1.6351E-06 2.7265E-05 1.6351E-06
  1.2264E-04 1.9001E-03 1.1351E-02 3.6204E-02 4.7994E-02 3.5758E-02 1.9756E-02
  1.3588E-02 1.2434E-02 1.0977E-02 7.1015E-03 3.1281E-03 2.2058E-03 2.7144E-03
  0.0000E+00 0.0000E+00 0.0000E+00 0.0000E+00 0.0000E+00 1.3088E-05 5.5595E-05
  3.2376E-04 4.7550E-03 2.5481E-02 5.2475E-02 4.9759E-02 2.8529E-02 1.6641E-02
  1.0293E-02 7.7436E-03 5.8948E-03 3.9751E-03 2.1077E-03 2.0570E-03 2.7144E-03
  0.0000E+00 0.0000E+00 0.0000E+00 0.0000E+00 2.7798E-05 1.1231E-04 2.7634E-04
  1.6025E-03 1.2043E-02 4.2820E-02 6.5375E-02 5.3267E-02 2.6710E-02 1.3446E-02
  6.1106E-03 3.7218E-03 3.0218E-03 2.0914E-03 1.2231E-03 1.7905E-03 2.7144E-03
  0.0000E+00 0.0000E+00 0.0000E+00 3.1068E-05 1.1283E-04 2.0060E-04 1.3948E-03
  8.5208E-03 3.0223E-02 6.0424E-02 6.4948E-02 4.7407E-02 2.2461E-02 8.6124E-03
  6.1073E-03 4.4109E-03 3.2442E-03 2.4331E-03 1.7251E-03 1.9933E-03 2.7144E-03
  2.4922E-04 1.2461E-04 0.0000E+00 6.0784E-06 4.8627E-05 2.6754E-04 1.9086E-03
  7.8989E-03 1.9837E-02 3.1377E-02 2.8377E-02 1.7324E-02 7.6801E-03 3.1729E-03
  2.5165E-03 1.8621E-03 1.7870E-03 1.8722E-03 1.6412E-03 1.7475E-03 2.0788E-03
  1.2157E-06 6.0784E-07 0.0000E+00 0.0000E+00 1.2765E-05 1.3499E-04 1.3293E-03
  6.5945E-03 1.7852E-02 2.8766E-02 2.8347E-02 2.0114E-02 8.1335E-03 3.5929E-03
  1.7652E-03 1.4955E-03 1.9439E-03 2.2909E-03 2.0259E-03 1.8278E-03 2.0788E-03
  8.5098E-05 8.3274E-05 6.2000E-05 4.2549E-05 6.0784E-05 1.5686E-04 1.1567E-03
  4.9138E-03 1.3290E-02 2.3342E-02 2.3671E-02 1.5422E-02 9.7777E-03 5.2177E-03
  3.0799E-03 2.4448E-03 2.2350E-03 2.3220E-03 2.2174E-03 2.0010E-03 2.0788E-03
  6.4431E-05 6.4431E-05 6.4431E-05 6.4431E-05 8.8745E-05 2.1036E-04 1.0449E-03
  4.0525E-03 1.0649E-02 1.7840E-02 2.0671E-02 1.7063E-02 1.4773E-02 1.0012E-02
  7.3002E-03 5.3001E-03 3.6525E-03 2.5268E-03 1.6740E-03 1.6728E-03 2.0788E-03
  4.9843E-05 4.1333E-05 2.7353E-05 2.7353E-05 3.2823E-05 6.9312E-05 1.9025E-04
  7.5980E-04 4.0391E-03 1.1672E-02 1.7088E-02 1.6380E-02 1.5812E-02 1.3905E-02
  9.7060E-03 7.4098E-03 6.2249E-03 4.5533E-03 2.9948E-03 2.2016E-03 2.0788E-03
  0.0000E+00 0.0000E+00 0.0000E+00 0.0000E+00 0.0000E+00 0.0000E+00 1.5196E-05
  3.5863E-04 2.1092E-03 6.3276E-03 1.2281E-02 1.6819E-02 1.7351E-02 1.4619E-02
  1.3242E-02 1.1244E-02 8.4642E-03 5.7319E-03 3.3188E-03 2.1700E-03 2.0788E-03
  0.0000E+00 0.0000E+00 0.0000E+00 0.0000E+00 0.0000E+00 0.0000E+00 6.0784E-06
  1.7688E-04 9.1845E-04 3.0593E-03 7.7317E-03 1.4575E-02 2.0018E-02 2.0631E-02
  2.0303E-02 1.5451E-02 1.0092E-02 5.9368E-03 3.0653E-03 2.0290E-03 2.0788E-03
  0.0000E+00 0.0000E+00 0.0000E+00 0.0000E+00 4.2549E-06 8.5098E-06 4.2549E-06
  8.6313E-05 4.9964E-04 1.8217E-03 4.9162E-03 1.0863E-02 1.8188E-02 2.0802E-02
  2.0138E-02 1.4897E-02 9.6671E-03 5.2809E-03 2.5019E-03 1.8181E-03 2.0788E-03
  0.0000E+00 0.0000E+00 0.0000E+00 0.0000E+00 0.0000E+00 0.0000E+00 0.0000E+00
  6.0784E-05 3.4951E-04 1.2904E-03 3.6270E-03 7.4661E-03 1.3052E-02 1.7182E-02
  1.6666E-02 1.4130E-02 1.0369E-02 6.1629E-03 3.1827E-03 2.0977E-03 2.0788E-03
  0.0000E+00 0.0000E+00 0.0000E+00 0.0000E+00 0.0000E+00 0.0000E+00 0.0000E+00
  3.4039E-05 2.2125E-04 7.9384E-04 2.2679E-03 4.5448E-03 6.9379E-03 9.9248E-03
  9.7236E-03 9.5551E-03 7.8807E-03 5.6031E-03 3.7096E-03 2.4709E-03 2.0788E-03
  0.0000E+00 0.0000E+00 0.0000E+00 0.0000E+00 0.0000E+00 0.0000E+00 0.0000E+00
  0.0000E+00 4.8627E-05 2.7353E-04 9.6343E-04 2.0484E-03 3.3249E-03 5.3855E-03
  7.6649E-03 9.1238E-03 7.9992E-03 6.1513E-03 3.9905E-03 2.4618E-03 2.0788E-03
  0.0000E+00 0.0000E+00 0.0000E+00 0.0000E+00 0.0000E+00 0.0000E+00 8.3274E-05
  4.9843E-05 1.8235E-05 1.2461E-04 4.3339E-04 1.0218E-03 2.9024E-03 1.0434E-02
  1.8994E-02 1.4261E-02 8.1287E-03 5.3217E-03 3.4294E-03 2.2745E-03 2.0788E-03
  0.0000E+00 0.0000E+00 0.0000E+00 0.0000E+00 0.0000E+00 8.1086E-06 8.0843E-05
  4.8627E-05 3.3431E-05 7.7804E-05 4.4859E-04 2.4526E-03 9.0356E-03 2.5482E-02
  3.4359E-02 1.9170E-02 1.0715E-02 8.1408E-03 5.9459E-03 3.1972E-03 2.0788E-03
  1.2157E-05 7.9019E-06 3.6470E-06 6.0784E-06 8.5098E-06 2.8338E-06 0.0000E+00
  0.0000E+00 0.0000E+00 1.3555E-04 1.2114E-03 5.6377E-03 2.0538E-02 3.5200E-02
  2.8717E-02 1.3750E-02 8.3426E-03 6.3775E-03 4.5357E-03 2.7152E-03 2.0788E-03
  0.0000E+00 0.0000E+00 0.0000E+00 0.0000E+00 0.0000E+00 0.0000E+00 0.0000E+00
  0.0000E+00 5.1059E-05 2.9115E-04 2.1250E-03 1.1749E-02 2.7742E-02 2.7558E-02
  1.7539E-02 9.0395E-03 6.7792E-03 5.6547E-03 4.1175E-03 2.6277E-03 2.0788E-03
  0.0000E+00 0.0000E+00 0.0000E+00 0.0000E+00 0.0000E+00 0.0000E+00 0.0000E+00
  6.0784E-06 2.3098E-04 1.3646E-03 6.9902E-03 2.0290E-02 2.7955E-02 1.6393E-02
  1.0649E-02 8.1457E-03 6.0936E-03 4.2944E-03 2.4344E-03 1.8266E-03 2.0788E-03
  0.0000E+00 0.0000E+00 0.0000E+00 0.0000E+00 0.0000E+00 0.0000E+00 0.0000E+00
  2.3098E-05 4.6196E-04 3.4398E-03 1.2939E-02 2.0550E-02 1.8131E-02 1.1545E-02
  7.3482E-03 5.7920E-03 5.3125E-03 4.0263E-03 2.1773E-03 1.7232E-03 2.0788E-03
  0.0000E+00 0.0000E+00 0.0000E+00 0.0000E+00 0.0000E+00 0.0000E+00 3.6470E-06
  1.1610E-04 1.7044E-03 8.9565E-03 1.9352E-02 2.0409E-02 1.3404E-02 9.1644E-03
  5.4779E-03 3.6886E-03 3.1267E-03 2.5074E-03 1.5664E-03 1.5986E-03 2.0788E-03
  0.0000E+00 0.0000E+00 0.0000E+00 0.0000E+00 8.5098E-06 1.9452E-05 4.3157E-05
  5.0572E-04 4.3588E-03 1.5927E-02 2.5153E-02 2.1738E-02 1.2337E-02 7.0534E-03
  4.1856E-03 1.9254E-03 1.5877E-03 1.5628E-03 1.2862E-03 1.5512E-03 2.0788E-03
  0.0000E+00 0.0000E+00 0.0000E+00 1.1549E-05 4.7412E-05 8.6321E-05 5.2882E-04
  3.1985E-03 1.1440E-02 2.2520E-02 2.4618E-02 1.9712E-02 1.0383E-02 4.5892E-03
  3.4847E-03 2.3404E-03 1.8940E-03 1.8174E-03 1.4570E-03 1.5913E-03 2.0788E-03
  6.5469E-05 3.2734E-05 0.0000E+00 0.0000E+00 4.6763E-06 9.0449E-05 1.1223E-03
  5.1206E-03 1.2818E-02 2.0272E-02 1.7293E-02 1.0003E-02 4.5641E-03 1.9828E-03
  1.7069E-03 1.1006E-03 9.3994E-04 9.8203E-04 8.6979E-04 9.3526E-04 1.1223E-03
  0.0000E+00 0.0000E+00 0.0000E+00 0.0000E+00 0.0000E+00 0.0000E+00 6.8648E-04
  3.8664E-03 1.0897E-02 1.7759E-02 1.7347E-02 1.1759E-02 4.6146E-03 2.1099E-03
  9.9044E-04 8.0674E-04 1.0503E-03 1.2177E-03 1.0615E-03 9.7080E-04 1.1223E-03
  1.4964E-04 1.4684E-04 9.7267E-05 7.2015E-05 1.2439E-04 2.7503E-04 1.4983E-03
  3.2154E-03 8.0236E-03 1.4093E-02 1.4013E-02 9.4097E-03 5.7556E-03 2.8853E-03
  1.6302E-03 1.3855E-03 1.2420E-03 1.2037E-03 1.0774E-03 1.0035E-03 1.1223E-03
  1.1784E-04 1.0849E-04 1.0849E-04 1.4871E-04 2.1043E-04 3.5733E-04 1.1420E-03
  2.7422E-03 6.6104E-03 1.0808E-02 1.2225E-02 1.0560E-02 8.3772E-03 5.5218E-03
  3.8365E-03 2.8297E-03 1.9678E-03 1.3720E-03 9.1282E-04 8.9692E-04 1.1223E-03
  7.6692E-05 5.5181E-05 3.3670E-05 4.2087E-05 5.0504E-05 7.2962E-05 3.3670E-05
  3.4231E-04 2.3101E-03 7.0407E-03 1.0081E-02 9.5135E-03 9.1179E-03 8.1948E-03
  5.5162E-03 4.1870E-03 3.5026E-03 2.5701E-03 1.6797E-03 1.1990E-03 1.1223E-03
  0.0000E+00 0.0000E+00 0.0000E+00 0.0000E+00 0.0000E+00 0.0000E+00 0.0000E+00
  9.3526E-05 1.2299E-03 3.8813E-03 7.3792E-03 1.0087E-02 1.0470E-02 8.4922E-03
  7.3325E-03 6.5847E-03 4.9148E-03 3.2500E-03 1.8191E-03 1.1550E-03 1.1223E-03
  0.0000E+00 0.0000E+00 0.0000E+00 0.0000E+00 0.0000E+00 0.0000E+00 0.0000E+00
  2.2446E-05 4.5360E-04 1.7826E-03 4.5594E-03 8.5839E-03 1.1697E-02 1.2387E-02
  1.2743E-02 9.3574E-03 5.8024E-03 3.1546E-03 1.4674E-03 9.9699E-04 1.1223E-03
  0.0000E+00 0.0000E+00 0.0000E+00 0.0000E+00 0.0000E+00 0.0000E+00 0.0000E+00
  0.0000E+00 9.4462E-05 9.6706E-04 2.8619E-03 6.3851E-03 1.0812E-02 1.3207E-02
  1.2850E-02 8.7816E-03 5.9006E-03 3.1593E-03 1.3515E-03 9.4368E-04 1.1223E-03
  0.0000E+00 0.0000E+00 0.0000E+00 0.0000E+00 0.0000E+00 0.0000E+00 0.0000E+00
  0.0000E+00 9.5397E-05 5.6583E-04 2.1567E-03 4.6408E-03 8.0526E-03 1.0798E-02
  9.7735E-03 8.8729E-03 6.5833E-03 3.8018E-03 1.8836E-03 1.1728E-03 1.1223E-03
  0.0000E+00 0.0000E+00 0.0000E+00 0.0000E+00 0.0000E+00 0.0000E+00 0.0000E+00
  0.0000E+00 1.6835E-05 2.1792E-04 1.2028E-03 2.6056E-03 4.0665E-03 6.1335E-03
  6.0998E-03 5.9628E-03 4.5968E-03 3.1322E-03 2.1576E-03 1.4253E-03 1.1223E-03
  0.0000E+00 0.0000E+00 0.0000E+00 0.0000E+00 0.0000E+00 0.0000E+00 0.0000E+00
  0.0000E+00 0.0000E+00 6.0792E-05 4.6296E-04 1.1457E-03 1.9313E-03 3.4371E-03
  4.6389E-03 5.1658E-03 4.5688E-03 3.5634E-03 2.3803E-03 1.4263E-03 1.1223E-03
  1.9828E-04 2.0669E-04 1.8705E-04 1.1410E-04 3.4605E-05 0.0000E+00 1.6835E-05
  0.0000E+00 0.0000E+00 0.0000E+00 1.4590E-04 5.1907E-04 1.8425E-03 7.5335E-03
  1.2940E-02 8.7112E-03 4.7324E-03 2.9919E-03 1.9650E-03 1.3010E-03 1.1223E-03
  0.0000E+00 0.0000E+00 0.0000E+00 0.0000E+00 0.0000E+00 4.3668E-05 2.3288E-04
  6.9210E-04 1.9921E-04 0.0000E+00 1.7115E-04 1.5843E-03 6.0904E-03 1.6754E-02
  2.2831E-02 1.2636E-02 6.7479E-03 4.8699E-03 3.4614E-03 1.7901E-03 1.1223E-03
  6.1727E-05 6.1727E-05 7.4821E-05 8.9785E-05 9.1656E-05 3.0521E-05 0.0000E+00
  0.0000E+00 0.0000E+00 0.0000E+00 6.3130E-04 3.4904E-03 1.2763E-02 2.2328E-02
  1.8047E-02 8.4915E-03 5.2580E-03 3.9973E-03 2.7805E-03 1.5638E-03 1.1223E-03
  1.6835E-05 8.4174E-06 0.0000E+00 3.5540E-05 6.2663E-05 4.0521E-05 0.0000E+00
  0.0000E+00 2.8057E-06 1.4216E-04 1.1167E-03 6.8686E-03 1.6850E-02 1.7121E-02
  1.0439E-02 5.5627E-03 4.2798E-03 3.2697E-03 2.2194E-03 1.4010E-03 1.1223E-03
  0.0000E+00 0.0000E+00 0.0000E+00 0.0000E+00 0.0000E+00 0.0000E+00 0.0000E+00
  0.0000E+00 2.1043E-04 1.1364E-03 4.2461E-03 1.2317E-02 1.7354E-02 1.0480E-02
  6.7947E-03 5.2223E-03 3.7972E-03 2.5112E-03 1.3140E-03 9.5865E-04 1.1223E-03
  0.0000E+00 0.0000E+00 0.0000E+00 0.0000E+00 0.0000E+00 1.2476E-06 0.0000E+00
  0.0000E+00 2.3849E-04 2.2895E-03 8.0480E-03 1.2341E-02 1.1023E-02 6.8948E-03
  4.1376E-03 3.4031E-03 3.2715E-03 2.5355E-03 1.2748E-03 9.0534E-04 1.1223E-03
  0.0000E+00 0.0000E+00 0.0000E+00 0.0000E+00 0.0000E+00 0.0000E+00 0.0000E+00
  1.4029E-05 1.0353E-03 5.8248E-03 1.1659E-02 1.1818E-02 7.6383E-03 5.0514E-03
  2.9162E-03 2.1200E-03 1.8967E-03 1.4945E-03 8.5670E-04 8.3425E-04 1.1223E-03
  0.0000E+00 0.0000E+00 0.0000E+00 0.0000E+00 0.0000E+00 0.0000E+00 1.3094E-05
  2.4597E-04 2.7964E-03 1.0446E-02 1.5207E-02 1.2546E-02 7.3343E-03 3.9917E-03
  2.2577E-03 1.0363E-03 8.6886E-04 8.3051E-04 6.5094E-04 8.0526E-04 1.1223E-03
  0.0000E+00 0.0000E+00 0.0000E+00 0.0000E+00 0.0000E+00 6.2381E-06 2.5626E-04
  1.9089E-03 7.1669E-03 1.4730E-02 1.4995E-02 1.1089E-02 6.1204E-03 2.8619E-03
  2.2025E-03 1.4173E-03 1.1850E-03 1.0840E-03 7.9310E-04 8.3706E-04 1.1223E-03
  2.5562E-04 1.2781E-04 0.0000E+00 0.0000E+00 0.0000E+00 1.0419E-04 1.5408E-03
  7.4058E-03 1.9072E-02 3.2009E-02 3.1029E-02 2.0215E-02 9.4153E-03 4.6934E-03
  4.0331E-03 2.9256E-03 2.7266E-03 2.7692E-03 2.4639E-03 2.8047E-03 3.4083E-03
  0.0000E+00 0.0000E+00 0.0000E+00 0.0000E+00 0.0000E+00 0.0000E+00 7.6970E-04
  5.1564E-03 1.5401E-02 2.7016E-02 2.9612E-02 2.1267E-02 1.0064E-02 5.5668E-03
  3.5545E-03 3.0306E-03 3.0518E-03 3.4537E-03 3.0518E-03 2.8899E-03 3.4083E-03
  3.2946E-04 4.5301E-04 4.2887E-04 2.6556E-04 2.4852E-04 3.6645E-04 1.6956E-03
  4.1439E-03 1.1094E-02 2.1810E-02 2.3933E-02 1.8706E-02 1.4533E-02 8.7493E-03
  6.2542E-03 5.3834E-03 4.1780E-03 3.5034E-03 2.9538E-03 2.9354E-03 3.4083E-03
  3.4935E-04 4.0473E-04 5.4390E-04 5.7656E-04 4.9278E-04 5.7946E-04 1.5110E-03
  4.0118E-03 9.6397E-03 1.6553E-02 2.2114E-02 2.4635E-02 2.2259E-02 1.5911E-02
  1.2204E-02 9.0447E-03 6.7881E-03 4.8468E-03 3.3955E-03 3.0717E-03 3.4083E-03
  1.5905E-04 1.5621E-04 1.6615E-04 1.6615E-04 1.4059E-04 1.4486E-04 2.5562E-05
  4.2603E-04 3.1825E-03 1.0346E-02 1.7530E-02 2.2148E-02 2.5075E-02 2.5126E-02
  2.0104E-02 1.4126E-02 1.0314E-02 7.2369E-03 4.7886E-03 3.5602E-03 3.4083E-03
  0.0000E+00 0.0000E+00 0.0000E+00 0.0000E+00 0.0000E+00 0.0000E+00 0.0000E+00
  1.1361E-04 1.6615E-03 5.3183E-03 1.1588E-02 1.9264E-02 2.5143E-02 2.8168E-02
  2.7955E-02 2.1801E-02 1.5259E-02 9.9620E-03 5.5384E-03 3.4864E-03 3.4083E-03
  0.0000E+00 0.0000E+00 0.0000E+00 0.0000E+00 0.0000E+00 0.0000E+00 0.0000E+00
  1.8461E-05 6.4189E-04 2.4710E-03 6.7370E-03 1.4606E-02 2.5342E-02 3.6677E-02
  4.1723E-02 3.0914E-02 1.9674E-02 1.1298E-02 5.6350E-03 3.4395E-03 3.4083E-03
  0.0000E+00 0.0000E+00 0.0000E+00 0.0000E+00 0.0000E+00 0.0000E+00 0.0000E+00
  0.0000E+00 6.6745E-05 1.1389E-03 3.8414E-03 9.9833E-03 2.1711E-02 3.8520E-02
  5.0003E-02 3.5474E-02 2.2465E-02 1.2466E-02 5.8238E-03 3.4310E-03 3.4083E-03
  0.0000E+00 0.0000E+00 0.0000E+00 0.0000E+00 0.0000E+00 0.0000E+00 0.0000E+00
  0.0000E+00 5.8224E-05 5.6236E-04 2.9751E-03 7.1559E-03 1.5633E-02 3.3432E-02
  4.4523E-02 3.2986E-02 2.1106E-02 1.2566E-02 6.6362E-03 3.8371E-03 3.4083E-03
  0.0000E+00 0.0000E+00 0.0000E+00 0.0000E+00 0.0000E+00 0.0000E+00 0.0000E+00
  0.0000E+00 1.2781E-05 2.0307E-04 1.8021E-03 4.2987E-03 8.7081E-03 2.0086E-02
  2.8901E-02 2.5086E-02 1.6426E-02 1.0377E-02 6.3862E-03 4.0217E-03 3.4083E-03
  0.0000E+00 0.0000E+00 0.0000E+00 0.0000E+00 0.0000E+00 0.0000E+00 0.0000E+00
  3.5503E-05 0.0000E+00 4.2603E-05 6.1775E-04 1.8603E-03 4.3455E-03 1.3740E-02
  2.4639E-02 2.1782E-02 1.5635E-02 1.1134E-02 6.9727E-03 4.1396E-03 3.4083E-03
  1.3633E-04 1.4911E-04 1.3491E-04 7.9526E-05 2.5562E-05 0.0000E+00 1.2781E-05
  0.0000E+00 0.0000E+00 0.0000E+00 2.7692E-04 1.1787E-03 5.8082E-03 2.2831E-02
  4.2110E-02 2.8090E-02 1.5691E-02 9.8257E-03 5.7770E-03 3.7036E-03 3.4083E-03
  0.0000E+00 0.0000E+00 0.0000E+00 0.0000E+00 0.0000E+00 2.6522E-05 1.6047E-04
  5.1124E-04 1.4627E-04 0.0000E+00 2.9822E-04 2.8360E-03 1.5010E-02 4.5428E-02
  6.1532E-02 3.4572E-02 1.8913E-02 1.2325E-02 7.3874E-03 4.1410E-03 3.4083E-03
  1.3065E-04 1.3633E-04 1.4201E-04 1.3065E-04 1.0935E-04 3.3103E-05 0.0000E+00
  0.0000E+00 0.0000E+00 0.0000E+00 1.1886E-03 6.6660E-03 2.6559E-02 5.0968E-02
  4.9687E-02 2.6636E-02 1.6003E-02 1.1007E-02 7.1602E-03 4.3427E-03 3.4083E-03
  5.1124E-05 2.5562E-05 0.0000E+00 5.5384E-05 1.1077E-04 8.8035E-05 0.0000E+00
  0.0000E+00 1.9881E-05 3.0106E-04 1.8532E-03 1.1462E-02 3.2187E-02 3.7440E-02
  3.0805E-02 2.1366E-02 1.4031E-02 9.0205E-03 5.9233E-03 4.0402E-03 3.4083E-03
  0.0000E+00 0.0000E+00 0.0000E+00 0.0000E+00 0.0000E+00 0.0000E+00 0.0000E+00
  0.0000E+00 4.1183E-04 2.1586E-03 7.1715E-03 2.0080E-02 3.1668E-02 2.5455E-02
  2.1018E-02 1.8416E-02 1.2781E-02 7.9952E-03 4.3739E-03 3.1384E-03 3.4083E-03
  0.0000E+00 0.0000E+00 0.0000E+00 0.0000E+00 0.0000E+00 0.0000E+00 0.0000E+00
  0.0000E+00 3.3940E-04 3.5943E-03 1.2527E-02 2.1260E-02 2.1780E-02 1.6389E-02
  1.2359E-02 1.0490E-02 9.4522E-03 7.3164E-03 4.1893E-03 3.0220E-03 3.4083E-03
  0.0000E+00 0.0000E+00 0.0000E+00 0.0000E+00 0.0000E+00 0.0000E+00 0.0000E+00
  3.9763E-05 1.6530E-03 9.2804E-03 1.9492E-02 2.2084E-02 1.6620E-02 1.2822E-02
  9.0617E-03 6.6889E-03 6.0042E-03 5.0187E-03 3.3273E-03 2.8857E-03 3.4083E-03
  0.0000E+00 0.0000E+00 0.0000E+00 0.0000E+00 0.0000E+00 0.0000E+00 0.0000E+00
  4.3171E-04 4.5046E-03 1.6691E-02 2.5996E-02 2.3819E-02 1.5329E-02 9.7448E-03
  6.5907E-03 3.8620E-03 3.1867E-03 2.8430E-03 2.2509E-03 2.6073E-03 3.4083E-03
  0.0000E+00 0.0000E+00 0.0000E+00 0.0000E+00 0.0000E+00 5.6832E-06 4.6863E-04
  3.0958E-03 1.1286E-02 2.3778E-02 2.6617E-02 2.1980E-02 1.3302E-02 7.1474E-03
  5.3084E-03 3.9803E-03 3.4267E-03 3.0731E-03 2.4596E-03 2.7138E-03 3.4083E-03
  2.7921E-04 1.3961E-04 0.0000E+00 0.0000E+00 0.0000E+00 5.1375E-05 9.3392E-04
  4.7707E-03 1.2680E-02 2.2530E-02 2.4267E-02 1.7109E-02 8.0587E-03 4.3134E-03
  3.7068E-03 2.8307E-03 2.7247E-03 2.7488E-03 2.4503E-03 2.8403E-03 3.4661E-03
  0.0000E+00 0.0000E+00 0.0000E+00 0.0000E+00 0.0000E+00 0.0000E+00 3.3698E-04
  3.0097E-03 9.6665E-03 1.8344E-02 2.2276E-02 1.6741E-02 8.8780E-03 5.3763E-03
  3.8002E-03 3.2788E-03 3.0579E-03 3.4295E-03 3.0531E-03 2.9279E-03 3.4661E-03
  2.7536E-04 3.2061E-04 2.7440E-04 1.7042E-04 1.4538E-04 1.8424E-04 7.4425E-04
  2.3223E-03 6.7858E-03 1.5058E-02 1.8030E-02 1.5684E-02 1.3779E-02 8.8934E-03
  6.7993E-03 5.8799E-03 4.3971E-03 3.5219E-03 2.9000E-03 2.9471E-03 3.4661E-03
  2.4263E-04 2.6477E-04 3.2446E-04 3.4661E-04 3.2158E-04 3.6718E-04 8.6364E-04
  2.5119E-03 6.2053E-03 1.1316E-02 1.7401E-02 2.2532E-02 2.1558E-02 1.5893E-02
  1.2599E-02 9.3468E-03 7.1825E-03 5.1539E-03 3.6683E-03 3.2485E-03 3.4661E-03
  1.2902E-04 1.2516E-04 1.2131E-04 1.1265E-04 9.5317E-05 1.0977E-04 0.0000E+00
  2.1759E-04 1.9468E-03 6.7887E-03 1.3375E-02 2.0238E-02 2.4624E-02 2.5626E-02
  2.1593E-02 1.4861E-02 1.0396E-02 7.1671E-03 4.7553E-03 3.5932E-03 3.4661E-03
  0.0000E+00 0.0000E+00 0.0000E+00 0.0000E+00 0.0000E+00 0.0000E+00 0.0000E+00
  4.8140E-05 9.7725E-04 3.2158E-03 8.1116E-03 1.5737E-02 2.3309E-02 2.9457E-02
  3.0362E-02 2.2795E-02 1.5641E-02 1.0158E-02 5.6324E-03 3.5383E-03 3.4661E-03
  0.0000E+00 0.0000E+00 0.0000E+00 0.0000E+00 0.0000E+00 0.0000E+00 0.0000E+00
  1.9256E-06 3.9571E-04 1.5174E-03 4.4328E-03 1.0970E-02 2.2313E-02 3.6983E-02
  4.3463E-02 3.2280E-02 2.0696E-02 1.2081E-02 6.1398E-03 3.6384E-03 3.4661E-03
  0.0000E+00 0.0000E+00 0.0000E+00 0.0000E+00 0.0000E+00 0.0000E+00 0.0000E+00
  0.0000E+00 0.0000E+00 5.4591E-04 2.2559E-03 6.9736E-03 1.8318E-02 3.8642E-02
  5.4567E-02 3.9068E-02 2.4377E-02 1.3637E-02 6.4960E-03 3.6779E-03 3.4661E-03
  0.0000E+00 0.0000E+00 0.0000E+00 0.0000E+00 0.0000E+00 0.0000E+00 0.0000E+00
  0.0000E+00 0.0000E+00 1.8389E-04 1.8101E-03 4.9324E-03 1.2918E-02 3.4217E-02
  5.0313E-02 3.5587E-02 2.1833E-02 1.3126E-02 7.0728E-03 4.0053E-03 3.4661E-03
  0.0000E+00 0.0000E+00 0.0000E+00 0.0000E+00 0.0000E+00 0.0000E+00 0.0000E+00
  0.0000E+00 0.0000E+00 6.0657E-05 1.2045E-03 3.1474E-03 7.6129E-03 2.0939E-02
  3.2918E-02 2.7876E-02 1.7549E-02 1.0844E-02 6.4383E-03 3.9956E-03 3.4661E-03
  0.0000E+00 0.0000E+00 0.0000E+00 0.0000E+00 0.0000E+00 0.0000E+00 0.0000E+00
  4.8140E-05 0.0000E+00 0.0000E+00 3.6105E-04 1.3479E-03 3.9090E-03 1.5092E-02
  2.8634E-02 2.4217E-02 1.6493E-02 1.1429E-02 6.9996E-03 4.1352E-03 3.4661E-03
  0.0000E+00 0.0000E+00 0.0000E+00 0.0000E+00 0.0000E+00 0.0000E+00 0.0000E+00
  0.0000E+00 0.0000E+00 0.0000E+00 2.4263E-04 1.0735E-03 5.9867E-03 2.3211E-02
  4.3787E-02 2.9126E-02 1.6397E-02 1.0245E-02 5.8201E-03 3.6914E-03 3.4661E-03
  0.0000E+00 0.0000E+00 0.0000E+00 0.0000E+00 0.0000E+00 0.0000E+00 0.0000E+00
  0.0000E+00 0.0000E+00 0.0000E+00 2.3492E-04 2.2145E-03 1.4093E-02 4.4338E-02
  5.9926E-02 3.3881E-02 1.8692E-02 1.1696E-02 6.4575E-03 3.7694E-03 3.4661E-03
  1.4057E-04 1.3768E-04 1.4442E-04 1.4442E-04 1.3479E-04 4.4886E-05 0.0000E+00
  0.0000E+00 0.0000E+00 0.0000E+00 9.6184E-04 5.4350E-03 2.2873E-02 4.6124E-02
  4.8792E-02 2.7362E-02 1.6273E-02 1.0800E-02 6.8427E-03 4.2787E-03 3.4661E-03
  1.0398E-04 5.1992E-05 0.0000E+00 9.4355E-05 1.8871E-04 1.5532E-04 0.0000E+00
  0.0000E+00 2.5033E-05 2.7247E-04 1.3460E-03 8.4717E-03 2.6309E-02 3.3149E-02
  3.1024E-02 2.3246E-02 1.4610E-02 8.8462E-03 5.7460E-03 4.0447E-03 3.4661E-03
  0.0000E+00 0.0000E+00 0.0000E+00 0.0000E+00 0.0000E+00 0.0000E+00 0.0000E+00
  0.0000E+00 3.5142E-04 1.7571E-03 5.3532E-03 1.4558E-02 2.5067E-02 2.3724E-02
  2.1499E-02 1.9607E-02 1.3431E-02 8.2560E-03 4.5733E-03 3.2639E-03 3.4661E-03
  0.0000E+00 0.0000E+00 0.0000E+00 0.0000E+00 0.0000E+00 0.0000E+00 0.0000E+00
  0.0000E+00 2.1470E-04 2.5254E-03 8.7095E-03 1.6133E-02 1.8195E-02 1.5125E-02
  1.2491E-02 1.0710E-02 9.4499E-03 7.3106E-03 4.3769E-03 3.1744E-03 3.4661E-03
  0.0000E+00 0.0000E+00 0.0000E+00 0.0000E+00 0.0000E+00 0.0000E+00 0.0000E+00
  3.9475E-05 1.1727E-03 6.6000E-03 1.4426E-02 1.7783E-02 1.4663E-02 1.2196E-02
  9.2882E-03 6.8785E-03 6.1850E-03 5.2665E-03 3.6307E-03 3.0511E-03 3.4661E-03
  0.0000E+00 0.0000E+00 0.0000E+00 0.0000E+00 0.0000E+00 0.0000E+00 0.0000E+00
  3.2158E-04 3.2225E-03 1.1879E-02 1.9586E-02 1.9390E-02 1.3228E-02 9.1081E-03
  6.6164E-03 4.1782E-03 3.4401E-03 3.0107E-03 2.3887E-03 2.7093E-03 3.4661E-03
  0.0000E+00 0.0000E+00 0.0000E+00 0.0000E+00 0.0000E+00 1.2844E-06 3.7934E-04
  2.2231E-03 7.9335E-03 1.7078E-02 2.0646E-02 1.8399E-02 1.1727E-02 6.7531E-03
  4.9392E-03 3.9425E-03 3.4180E-03 3.0598E-03 2.5197E-03 2.8104E-03 3.4661E-03
  3.2334E-04 1.6167E-04 0.0000E+00 0.0000E+00 0.0000E+00 1.6590E-05 5.5342E-04
  2.7111E-03 7.9095E-03 1.4616E-02 1.6310E-02 1.2188E-02 6.4234E-03 3.8086E-03
  3.0656E-03 2.3774E-03 2.4469E-03 2.5059E-03 2.1795E-03 2.3785E-03 2.8355E-03
  0.0000E+00 0.0000E+00 0.0000E+00 0.0000E+00 0.0000E+00 0.0000E+00 3.5319E-04
  1.8369E-03 5.5572E-03 1.1840E-02 1.5520E-02 1.3168E-02 7.8741E-03 4.7140E-03
  3.4871E-03 2.9057E-03 2.4842E-03 2.4357E-03 2.0843E-03 2.2516E-03 2.8355E-03
  1.7411E-04 1.6789E-04 1.1379E-04 7.8349E-05 1.1752E-04 2.2970E-04 7.7727E-04
  1.4407E-03 3.7104E-03 8.6097E-03 1.2085E-02 1.2816E-02 1.1165E-02 7.6247E-03
  6.1734E-03 5.0163E-03 3.6637E-03 2.7621E-03 2.1932E-03 2.3586E-03 2.8355E-03
  1.5297E-04 1.4675E-04 1.4053E-04 1.5297E-04 1.8779E-04 2.8732E-04 6.5664E-04
  1.4202E-03 3.4505E-03 6.8506E-03 1.2382E-02 1.8342E-02 1.7809E-02 1.3370E-02
  1.0536E-02 8.3349E-03 6.3264E-03 4.4447E-03 3.0164E-03 2.6241E-03 2.8355E-03
  1.5048E-04 1.2561E-04 1.0073E-04 1.0633E-04 1.1193E-04 1.2686E-04 1.4302E-04
  4.2283E-04 1.4103E-03 4.3117E-03 9.4448E-03 1.6682E-02 2.1302E-02 2.2140E-02
  1.9600E-02 1.4013E-02 9.3366E-03 6.0994E-03 3.7893E-03 2.8299E-03 2.8355E-03
  3.7309E-05 1.8654E-05 0.0000E+00 0.0000E+00 0.0000E+00 0.0000E+00 5.2854E-05
  2.4562E-04 8.6122E-04 2.1484E-03 5.5466E-03 1.1930E-02 1.9886E-02 2.6486E-02
  2.6943E-02 2.0493E-02 1.3954E-02 8.8889E-03 4.9714E-03 3.0469E-03 2.8355E-03
  0.0000E+00 0.0000E+00 5.5964E-06 1.1193E-05 1.1193E-05 1.9488E-05 5.5963E-05
  1.5794E-04 4.4833E-04 1.0235E-03 2.8050E-03 7.7043E-03 1.7362E-02 3.3215E-02
  4.2105E-02 3.1355E-02 1.9615E-02 1.1398E-02 5.7761E-03 3.1856E-03 2.8355E-03
  5.3476E-05 5.3476E-05 6.4047E-05 8.7054E-05 9.3272E-05 8.1248E-05 8.0836E-05
  1.2685E-04 2.9536E-04 6.8960E-04 1.4961E-03 4.3589E-03 1.3936E-02 3.5325E-02
  5.2660E-02 3.7269E-02 2.2007E-02 1.2273E-02 5.9097E-03 3.1993E-03 2.8355E-03
  9.2029E-05 8.7676E-05 8.3323E-05 8.3323E-05 8.9542E-05 1.0986E-04 1.0011E-04
  1.4613E-04 2.8293E-04 5.2419E-04 1.1174E-03 2.8405E-03 1.0314E-02 3.1677E-02
  4.9275E-02 3.5812E-02 2.0370E-02 1.1140E-02 5.5889E-03 3.1731E-03 2.8355E-03
  9.9491E-05 9.9491E-05 9.3272E-05 8.7054E-05 9.5138E-05 1.6543E-04 2.6241E-04
  1.5421E-04 2.3629E-04 4.4833E-04 9.0599E-04 1.9736E-03 6.6951E-03 2.2971E-02
  3.9679E-02 3.2916E-02 1.9662E-02 1.0634E-02 5.4129E-03 3.1980E-03 2.8355E-03
  1.1815E-04 1.1504E-04 1.0571E-04 9.3272E-05 9.0163E-05 1.3060E-04 1.8965E-04
  1.2125E-04 1.6789E-04 2.9225E-04 4.4460E-04 9.8869E-04 3.5972E-03 1.6254E-02
  3.5369E-02 3.0157E-02 1.8937E-02 1.0941E-02 5.5808E-03 3.1930E-03 2.8355E-03
  6.3425E-05 6.3425E-05 5.0989E-05 2.6738E-05 9.3273E-06 3.7309E-06 2.9225E-05
  9.0785E-05 1.4613E-04 1.5234E-04 2.7547E-04 7.3561E-04 4.7787E-03 2.2816E-02
  4.4221E-02 3.0360E-02 1.6912E-02 9.5915E-03 4.7836E-03 2.8983E-03 2.8355E-03
  3.3578E-05 3.9796E-05 4.7880E-05 4.9745E-05 4.3527E-05 2.9014E-05 2.3007E-05
  4.2905E-05 5.2854E-05 9.5760E-05 2.8666E-04 1.6553E-03 1.0412E-02 3.6106E-02
  4.6364E-02 2.8242E-02 1.7915E-02 1.1407E-02 5.7674E-03 3.0861E-03 2.8355E-03
  1.4053E-04 1.4240E-04 1.5297E-04 1.5545E-04 1.4302E-04 7.8734E-05 2.0520E-05
  8.7054E-06 2.1142E-05 1.4302E-04 1.2909E-03 3.8590E-03 1.4217E-02 3.4420E-02
  4.0649E-02 2.4193E-02 1.4547E-02 8.8385E-03 5.1990E-03 3.3398E-03 2.8355E-03
  8.9542E-05 4.4771E-05 0.0000E+00 6.7778E-05 1.3556E-04 1.2726E-04 0.0000E+00
  1.7411E-05 7.1509E-05 2.3753E-04 1.3450E-03 6.2890E-03 1.7979E-02 2.6377E-02
  2.9817E-02 2.3953E-02 1.5365E-02 8.8174E-03 5.1872E-03 3.4045E-03 2.8355E-03
  0.0000E+00 0.0000E+00 0.0000E+00 0.0000E+00 0.0000E+00 0.0000E+00 0.0000E+00
  9.3272E-06 2.7049E-04 1.0322E-03 3.7496E-03 1.0431E-02 1.8571E-02 2.0004E-02
  1.9991E-02 1.7972E-02 1.2337E-02 7.5675E-03 4.1755E-03 2.8137E-03 2.8355E-03
  0.0000E+00 0.0000E+00 0.0000E+00 0.0000E+00 0.0000E+00 0.0000E+00 0.0000E+00
  5.5964E-06 1.7722E-04 1.6049E-03 5.4272E-03 1.1703E-02 1.5397E-02 1.4417E-02
  1.2630E-02 1.0617E-02 9.0947E-03 6.8244E-03 3.9896E-03 2.7186E-03 2.8355E-03
  0.0000E+00 0.0000E+00 0.0000E+00 0.0000E+00 0.0000E+00 0.0000E+00 0.0000E+00
  7.2752E-05 8.3510E-04 4.2831E-03 9.5704E-03 1.2982E-02 1.1951E-02 1.0259E-02
  8.3815E-03 6.5379E-03 5.9272E-03 4.8496E-03 3.2204E-03 2.5712E-03 2.8355E-03
  0.0000E+00 0.0000E+00 0.0000E+00 0.0000E+00 0.0000E+00 0.0000E+00 0.0000E+00
  2.5059E-04 2.2398E-03 8.1781E-03 1.3870E-02 1.4173E-02 1.0469E-02 7.6800E-03
  5.8687E-03 4.0802E-03 3.3783E-03 2.8429E-03 2.1285E-03 2.2535E-03 2.8355E-03
  0.0000E+00 0.0000E+00 0.0000E+00 0.0000E+00 0.0000E+00 0.0000E+00 1.3804E-04
  1.3468E-03 4.9167E-03 1.1017E-02 1.4469E-02 1.3253E-02 8.8043E-03 4.9211E-03
  3.8758E-03 3.3724E-03 3.0376E-03 2.7310E-03 2.1173E-03 2.2603E-03 2.8355E-03
  2.3857E-04 1.1928E-04 0.0000E+00 0.0000E+00 0.0000E+00 1.0608E-05 3.3002E-04
  1.5567E-03 4.4076E-03 8.5507E-03 9.7038E-03 7.7515E-03 4.5686E-03 3.1630E-03
  2.4752E-03 1.6899E-03 1.6660E-03 1.7117E-03 1.5527E-03 1.7436E-03 2.0756E-03
  6.6004E-05 9.0259E-05 9.6621E-05 5.0100E-05 1.0736E-05 9.5476E-06 2.0915E-04
  1.0505E-03 3.3109E-03 6.9957E-03 8.3324E-03 8.0000E-03 5.4267E-03 3.6191E-03
  2.6982E-03 2.1192E-03 1.7873E-03 1.7253E-03 1.4596E-03 1.6203E-03 2.0756E-03
  4.0875E-04 4.2267E-04 3.6342E-04 3.0298E-04 3.5388E-04 3.7242E-04 3.9722E-04
  8.4056E-04 2.1845E-03 4.7225E-03 7.2255E-03 9.1599E-03 8.1555E-03 5.5686E-03
  4.6012E-03 3.6475E-03 2.6294E-03 1.9714E-03 1.4966E-03 1.6620E-03 2.0756E-03
  3.1094E-04 3.0298E-04 2.7276E-04 2.6481E-04 2.9583E-04 3.0934E-04 4.0000E-04
  9.8529E-04 2.1229E-03 3.7988E-03 7.9710E-03 1.2895E-02 1.2952E-02 1.0007E-02
  8.0696E-03 6.2470E-03 4.6513E-03 3.2640E-03 2.1587E-03 1.8756E-03 2.0756E-03
  1.7813E-04 1.6660E-04 1.4752E-04 1.3598E-04 1.2485E-04 1.3361E-04 1.4791E-04
  3.2286E-04 7.9325E-04 2.4485E-03 6.2442E-03 1.1696E-02 1.5935E-02 1.6458E-02
  1.5159E-02 1.0403E-02 6.7829E-03 4.4497E-03 2.7380E-03 2.0437E-03 2.0756E-03
  3.9762E-05 3.9762E-05 3.7774E-05 3.5785E-05 3.7774E-05 4.7718E-05 9.7416E-05
  2.1074E-04 4.7118E-04 1.1372E-03 3.3479E-03 8.2008E-03 1.4515E-02 2.0521E-02
  2.1269E-02 1.5778E-02 1.0581E-02 6.6402E-03 3.6123E-03 2.1948E-03 2.0756E-03
  7.7138E-05 8.0716E-05 8.0716E-05 7.7138E-05 7.7535E-05 7.7933E-05 9.5030E-05
  1.6024E-04 3.1014E-04 5.9444E-04 1.6835E-03 5.0887E-03 1.2669E-02 2.6999E-02
  3.4454E-02 2.3683E-02 1.4392E-02 8.4458E-03 4.4521E-03 2.4235E-03 2.0756E-03
  1.0338E-04 1.0457E-04 1.0577E-04 1.0577E-04 1.0696E-04 1.1505E-04 1.2565E-04
  1.6064E-04 2.4573E-04 4.1630E-04 8.1750E-04 2.5257E-03 9.4812E-03 2.8195E-02
  4.2833E-02 2.8979E-02 1.6878E-02 9.3452E-03 4.4282E-03 2.3296E-03 2.0756E-03
  1.4155E-04 1.3201E-04 1.1571E-04 1.1968E-04 1.5467E-04 2.1287E-04 1.6382E-04
  1.5229E-04 2.2147E-04 3.4434E-04 6.5130E-04 1.6322E-03 6.9137E-03 2.3658E-02
  3.9422E-02 3.0295E-02 1.7297E-02 9.1062E-03 4.3523E-03 2.3825E-03 2.0756E-03
  1.4155E-04 1.3837E-04 1.3201E-04 1.2883E-04 1.2843E-04 1.5455E-04 1.9165E-04
  1.4672E-04 1.8410E-04 3.0179E-04 5.9643E-04 1.3730E-03 4.7937E-03 1.9091E-02
  3.6270E-02 3.2277E-02 1.9130E-02 9.7571E-03 4.4060E-03 2.3495E-03 2.0756E-03
  1.0338E-04 1.1133E-04 1.2525E-04 1.3320E-04 1.2923E-04 1.2591E-04 1.8489E-04
  2.8032E-04 2.0278E-04 2.2267E-04 3.5786E-04 7.5348E-04 3.0179E-03 1.4523E-02
  3.3448E-02 3.0689E-02 1.8525E-02 9.6402E-03 4.2605E-03 2.2545E-03 2.0756E-03
  1.0259E-04 1.0656E-04 1.1412E-04 1.1809E-04 1.1451E-04 1.0046E-04 9.3837E-05
  1.6422E-04 1.9682E-04 1.7614E-04 2.7038E-04 6.2664E-04 3.9774E-03 1.6949E-02
  3.5814E-02 2.8452E-02 1.5969E-02 8.2263E-03 3.6426E-03 2.0716E-03 2.0756E-03
  1.0656E-04 1.0775E-04 1.1571E-04 1.2923E-04 1.4394E-04 1.5348E-04 1.4592E-04
  1.3042E-04 1.1889E-04 1.3280E-04 2.5010E-04 1.2799E-03 7.0450E-03 2.4066E-02
  3.1359E-02 2.1259E-02 1.3837E-02 8.2931E-03 4.1332E-03 2.2899E-03 2.0756E-03
  1.5587E-04 1.5587E-04 1.5984E-04 1.5865E-04 1.5189E-04 1.1317E-04 9.0259E-05
  7.6342E-05 7.9523E-05 1.5229E-04 8.2466E-04 2.6481E-03 8.8358E-03 2.3115E-02
  2.8512E-02 1.7765E-02 1.0763E-02 6.3758E-03 3.8271E-03 2.5010E-03 2.0756E-03
  1.0259E-04 7.0378E-05 4.2545E-05 9.4235E-05 1.3797E-04 1.2485E-04 4.8112E-05
  6.2426E-05 1.0934E-04 2.4970E-04 8.3022E-04 4.0449E-03 1.1272E-02 1.9064E-02
  2.3636E-02 1.7422E-02 1.0531E-02 5.9042E-03 3.5929E-03 2.4712E-03 2.0756E-03
  2.3857E-05 2.3857E-05 2.7833E-05 3.5785E-05 4.7714E-05 8.4839E-05 9.7416E-05
  5.3678E-05 2.1869E-04 8.5885E-04 2.2962E-03 6.5746E-03 1.1998E-02 1.4547E-02
  1.5684E-02 1.3046E-02 8.2923E-03 4.8112E-03 2.6461E-03 1.9483E-03 2.0756E-03
  1.8290E-05 1.3917E-05 9.5428E-06 1.3519E-05 2.5845E-05 4.6395E-05 4.0159E-05
  9.6223E-05 1.9443E-04 1.0608E-03 3.3455E-03 7.5535E-03 1.0919E-02 1.1433E-02
  1.0575E-02 8.6534E-03 6.8641E-03 4.8501E-03 2.8183E-03 1.9714E-03 2.0756E-03
  0.0000E+00 0.0000E+00 0.0000E+00 6.7595E-06 2.3062E-05 2.7300E-05 2.5448E-05
  1.0497E-04 6.3102E-04 2.7626E-03 6.1535E-03 8.9261E-03 8.7798E-03 7.9456E-03
  6.8875E-03 5.3792E-03 4.5328E-03 3.5782E-03 2.3777E-03 1.8907E-03 2.0756E-03
  0.0000E+00 0.0000E+00 1.1929E-06 1.1929E-06 0.0000E+00 0.0000E+00 1.5905E-05
  2.1750E-04 1.4931E-03 5.2434E-03 8.9181E-03 9.5873E-03 7.2720E-03 5.4628E-03
  4.3300E-03 3.2012E-03 2.7960E-03 2.4402E-03 1.8485E-03 1.7638E-03 2.0756E-03
  0.0000E+00 0.0000E+00 0.0000E+00 0.0000E+00 0.0000E+00 0.0000E+00 1.2048E-04
  9.0696E-04 2.8509E-03 6.6442E-03 9.4752E-03 9.3670E-03 6.6668E-03 4.0787E-03
  2.9241E-03 2.4412E-03 2.2334E-03 2.0903E-03 1.7090E-03 1.7356E-03 2.0756E-03
  1.4012E-04 7.0060E-05 0.0000E+00 0.0000E+00 0.0000E+00 1.5020E-05 2.2394E-04
  9.5207E-04 2.4058E-03 4.7503E-03 5.6874E-03 4.7166E-03 2.9851E-03 1.8491E-03
  1.3849E-03 9.9253E-04 1.0184E-03 1.0722E-03 9.8335E-04 1.0797E-03 1.2661E-03
  5.0043E-07 7.0060E-06 1.5764E-05 1.5764E-05 1.1260E-05 2.1692E-05 1.7290E-04
  6.6132E-04 1.8561E-03 3.6053E-03 4.8452E-03 4.5985E-03 3.4310E-03 2.2647E-03
  1.6164E-03 1.3195E-03 1.1137E-03 1.0486E-03 9.0503E-04 1.0061E-03 1.2661E-03
  1.4262E-04 1.6439E-04 2.0217E-04 2.2644E-04 2.2720E-04 2.1635E-04 2.4921E-04
  4.6515E-04 1.1202E-03 2.6966E-03 4.2562E-03 5.5065E-03 5.2355E-03 3.6622E-03
  2.9180E-03 2.3185E-03 1.7215E-03 1.2999E-03 9.9486E-04 1.0517E-03 1.2661E-03
  1.7365E-04 1.8341E-04 2.0968E-04 2.2770E-04 2.2594E-04 2.2503E-04 2.7073E-04
  4.7891E-04 9.4256E-04 2.2047E-03 4.8639E-03 8.1840E-03 8.4535E-03 6.5331E-03
  5.0351E-03 4.0067E-03 3.0814E-03 2.1671E-03 1.4355E-03 1.1953E-03 1.2661E-03
  1.6464E-04 1.6189E-04 1.6114E-04 1.6089E-04 1.5663E-04 1.6465E-04 1.6865E-04
  2.5347E-04 4.8817E-04 1.4192E-03 3.6594E-03 7.1566E-03 1.0130E-02 1.0584E-02
  1.0115E-02 7.0170E-03 4.5339E-03 2.9325E-03 1.8036E-03 1.2989E-03 1.2661E-03
  1.1260E-04 1.1010E-04 1.0509E-04 1.0259E-04 1.0384E-04 1.1177E-04 1.4763E-04
  3.0276E-04 5.4547E-04 6.9685E-04 2.0830E-03 5.2120E-03 9.2379E-03 1.3703E-02
  1.4598E-02 1.0393E-02 6.6670E-03 4.0873E-03 2.2619E-03 1.3799E-03 1.2661E-03
  1.4763E-04 1.4763E-04 1.4537E-04 1.4287E-04 1.4287E-04 1.4346E-04 1.6164E-04
  2.0493E-04 3.0326E-04 4.0385E-04 1.0792E-03 3.2693E-03 8.1640E-03 1.8443E-02
  2.3672E-02 1.5946E-02 9.1404E-03 4.9815E-03 2.4866E-03 1.4087E-03 1.2661E-03
  1.8466E-04 1.8641E-04 1.8816E-04 1.8816E-04 1.9066E-04 1.9417E-04 2.0743E-04
  2.0918E-04 2.3846E-04 3.0827E-04 5.0393E-04 1.5251E-03 5.8503E-03 1.8505E-02
  2.8241E-02 1.9092E-02 1.0851E-02 5.7570E-03 2.6188E-03 1.3844E-03 1.2661E-03
  2.0217E-04 1.9617E-04 1.8941E-04 1.9116E-04 1.9442E-04 1.9851E-04 2.0167E-04
  2.0843E-04 2.4371E-04 2.9475E-04 4.0710E-04 9.9661E-04 4.4693E-03 1.6045E-02
  2.6795E-02 2.0028E-02 1.1465E-02 5.9368E-03 2.7386E-03 1.4513E-03 1.2661E-03
  1.8466E-04 1.8466E-04 1.8716E-04 1.9191E-04 1.9191E-04 1.9367E-04 2.0943E-04
  2.0443E-04 2.1794E-04 2.6222E-04 4.0835E-04 9.3430E-04 3.3001E-03 1.3231E-02
  2.6106E-02 2.4252E-02 1.4407E-02 7.2437E-03 3.1640E-03 1.5371E-03 1.2661E-03
  1.8016E-04 1.8266E-04 1.9016E-04 1.9392E-04 1.9142E-04 1.9016E-04 2.0768E-04
  2.8149E-04 2.1769E-04 1.9892E-04 2.9275E-04 6.0552E-04 2.5459E-03 1.1459E-02
  2.5927E-02 2.5043E-02 1.4838E-02 7.3576E-03 3.0714E-03 1.4775E-03 1.2661E-03
  1.8016E-04 1.8241E-04 1.8966E-04 1.9967E-04 2.0217E-04 1.9934E-04 1.9442E-04
  2.0468E-04 1.9517E-04 1.7615E-04 2.1594E-04 4.5990E-04 2.5895E-03 1.1313E-02
  2.5733E-02 2.3748E-02 1.3148E-02 6.2229E-03 2.6022E-03 1.3814E-03 1.2661E-03
  1.4262E-04 1.5563E-04 1.8040E-04 1.9967E-04 2.1469E-04 2.3120E-04 2.3395E-04
  2.0518E-04 1.7065E-04 1.7265E-04 2.3895E-04 9.7234E-04 4.5136E-03 1.4541E-02
  1.9697E-02 1.5164E-02 9.6821E-03 5.2810E-03 2.4008E-03 1.3246E-03 1.2661E-03
  1.7665E-04 1.8566E-04 2.0643E-04 2.2845E-04 2.5572E-04 2.2300E-04 1.6214E-04
  1.4588E-04 1.4087E-04 1.9717E-04 6.2829E-04 1.8861E-03 5.2225E-03 1.3537E-02
  1.6475E-02 1.0674E-02 6.4138E-03 3.6351E-03 1.9955E-03 1.3352E-03 1.2661E-03
  1.4412E-04 1.2386E-04 1.0834E-04 1.5213E-04 2.0518E-04 1.9115E-04 1.0934E-04
  1.1910E-04 1.5914E-04 2.8650E-04 9.1178E-04 2.6373E-03 6.5021E-03 1.1851E-02
  1.5149E-02 1.0843E-02 6.2056E-03 3.2901E-03 1.8186E-03 1.3049E-03 1.2661E-03
  1.0509E-04 9.7584E-05 8.8826E-05 9.0078E-05 9.5082E-05 1.0259E-04 9.1329E-05
  1.1010E-04 2.5397E-04 6.6432E-04 1.7177E-03 3.9972E-03 7.2938E-03 9.8134E-03
  1.0790E-02 8.1271E-03 4.9843E-03 2.8950E-03 1.6051E-03 1.1860E-03 1.2661E-03
  1.0409E-04 9.1078E-05 7.2312E-05 7.5565E-05 1.2661E-04 2.1905E-04 1.2886E-04
  1.7315E-04 2.3795E-04 7.9043E-04 2.2029E-03 4.8161E-03 7.1044E-03 7.8300E-03
  7.4446E-03 5.6094E-03 4.2169E-03 2.9926E-03 1.8346E-03 1.2751E-03 1.2661E-03
  7.0060E-06 1.0259E-05 2.2019E-05 5.0043E-05 1.1410E-04 1.9535E-04 1.2386E-04
  1.5338E-04 5.0418E-04 1.7875E-03 3.7370E-03 5.5500E-03 5.6241E-03 5.2107E-03
  4.7708E-03 3.6543E-03 2.9548E-03 2.2895E-03 1.5175E-03 1.1770E-03 1.2661E-03
  0.0000E+00 0.0000E+00 7.5064E-07 2.2519E-06 1.0509E-05 1.9017E-05 3.9784E-05
  1.9942E-04 1.0041E-03 3.1867E-03 5.4077E-03 5.9514E-03 4.6397E-03 3.4710E-03
  2.7629E-03 2.0076E-03 1.7412E-03 1.4908E-03 1.0904E-03 1.0504E-03 1.2661E-03
  0.0000E+00 0.0000E+00 0.0000E+00 0.0000E+00 0.0000E+00 6.3420E-06 1.1285E-04
  6.3630E-04 1.7187E-03 3.9436E-03 5.8758E-03 6.2118E-03 4.3425E-03 2.3225E-03
  1.6777E-03 1.3989E-03 1.3091E-03 1.2423E-03 9.9561E-04 1.0304E-03 1.2661E-03
  9.0899E-05 4.5449E-05 0.0000E+00 0.0000E+00 5.1452E-06 3.4313E-05 1.6893E-04
  6.4658E-04 1.6422E-03 2.9945E-03 3.4807E-03 2.9285E-03 1.9646E-03 1.1980E-03
  8.4467E-04 6.0028E-04 6.0713E-04 6.2428E-04 5.6683E-04 6.5773E-04 7.9922E-04
  1.3721E-06 5.3167E-06 1.2348E-05 1.8523E-05 2.3325E-05 3.2590E-05 1.2846E-04
  4.5552E-04 1.1820E-03 2.2282E-03 3.0535E-03 2.8781E-03 2.2042E-03 1.4854E-03
  1.0227E-03 7.4483E-04 6.3903E-04 6.1348E-04 5.3476E-04 6.2171E-04 7.9922E-04
  7.3748E-05 8.0608E-05 8.9184E-05 9.8445E-05 1.0428E-04 1.1469E-04 2.3428E-04
  3.5725E-04 8.0694E-04 1.6307E-03 2.6302E-03 3.3880E-03 3.3451E-03 2.4433E-03
  1.8857E-03 1.4384E-03 1.0633E-03 8.4244E-04 7.0661E-04 7.1192E-04 7.9922E-04
  1.0908E-04 1.1302E-04 1.2314E-04 1.3206E-04 1.3600E-04 1.5322E-04 2.3428E-04
  3.4439E-04 6.2068E-04 1.2026E-03 2.9602E-03 5.0402E-03 5.1847E-03 4.2033E-03
  3.0785E-03 2.3844E-03 1.8927E-03 1.3877E-03 9.4843E-04 7.7590E-04 7.9922E-04
  1.3137E-04 1.2949E-04 1.2743E-04 1.2554E-04 1.2383E-04 1.3504E-04 1.4870E-04
  2.0101E-04 3.5262E-04 9.3763E-04 2.3102E-03 4.4852E-03 6.2295E-03 6.4733E-03
  6.2180E-03 4.4066E-03 2.8657E-03 1.8241E-03 1.0738E-03 7.8276E-04 7.9922E-04
  1.1662E-04 1.1491E-04 1.1062E-04 1.0805E-04 1.0891E-04 1.1548E-04 1.4921E-04
  3.2243E-04 5.5482E-04 5.0595E-04 1.3986E-03 3.3632E-03 5.7746E-03 8.5813E-03
  9.1996E-03 6.4517E-03 4.0553E-03 2.4466E-03 1.3480E-03 8.4896E-04 7.9922E-04
  1.5230E-04 1.5539E-04 1.5676E-04 1.5350E-04 1.5041E-04 1.4932E-04 1.5899E-04
  2.0306E-04 2.7630E-04 2.8779E-04 7.3062E-04 2.1588E-03 5.3532E-03 1.2146E-02
  1.5240E-02 1.0223E-02 5.9156E-03 3.1863E-03 1.5794E-03 9.0093E-04 7.9922E-04
  1.9517E-04 1.9638E-04 1.9638E-04 1.9517E-04 1.9569E-04 1.9918E-04 2.0358E-04
  1.9586E-04 2.0787E-04 2.3891E-04 3.6034E-04 1.0503E-03 3.8299E-03 1.1634E-02
  1.7924E-02 1.2420E-02 7.0721E-03 3.7046E-03 1.6926E-03 8.9509E-04 7.9922E-04
  2.2605E-04 2.1901E-04 2.0735E-04 2.0444E-04 2.0547E-04 2.0547E-04 2.0752E-04
  2.2004E-04 2.5074E-04 2.7355E-04 3.2106E-04 6.6819E-04 2.8558E-03 1.0179E-02
  1.6862E-02 1.2791E-02 7.5021E-03 3.8827E-03 1.7674E-03 9.2837E-04 7.9922E-04
  2.3119E-04 2.2485E-04 2.1713E-04 2.1936E-04 2.1799E-04 2.1370E-04 2.4320E-04
  2.2467E-04 2.3531E-04 2.7047E-04 3.8263E-04 6.5841E-04 2.1845E-03 8.7192E-03
  1.7642E-02 1.6546E-02 9.8165E-03 4.8255E-03 2.0627E-03 9.9954E-04 7.9922E-04
  2.0752E-04 2.0924E-04 2.1438E-04 2.2210E-04 2.2210E-04 2.1667E-04 2.3411E-04
  2.2553E-04 1.9552E-04 2.0667E-04 2.7270E-04 4.7164E-04 1.7905E-03 8.1414E-03
  1.8097E-02 1.7611E-02 1.0508E-02 5.0320E-03 2.0032E-03 9.5358E-04 7.9922E-04
  2.0272E-04 2.0101E-04 2.0101E-04 2.0444E-04 2.0444E-04 2.0066E-04 1.8866E-04
  1.9586E-04 1.8952E-04 1.9586E-04 2.5623E-04 4.3425E-04 1.8595E-03 7.5844E-03
  1.6632E-02 1.6011E-02 9.1772E-03 4.3028E-03 1.7406E-03 8.9321E-04 7.9922E-04
  1.8317E-04 1.8368E-04 1.8763E-04 2.0083E-04 2.1524E-04 2.2216E-04 2.0461E-04
  1.9569E-04 1.7545E-04 1.6911E-04 2.2073E-04 8.5702E-04 3.1000E-03 8.7105E-03
  1.1679E-02 9.8392E-03 6.5557E-03 3.4746E-03 1.5045E-03 8.2529E-04 7.9922E-04
  1.9037E-04 1.9209E-04 1.9895E-04 2.0392E-04 2.0135E-04 1.7904E-04 1.6070E-04
  1.4612E-04 1.4046E-04 2.0272E-04 5.9993E-04 1.6808E-03 3.5913E-03 8.0595E-03
  9.3864E-03 6.6187E-03 4.1963E-03 2.3941E-03 1.2904E-03 8.4536E-04 7.9922E-04
  1.4578E-04 1.3052E-04 1.1525E-04 1.3240E-04 1.4801E-04 1.4212E-04 1.0925E-04
  1.1885E-04 1.5556E-04 2.9842E-04 8.7331E-04 2.1244E-03 4.1757E-03 7.1477E-03
  8.5841E-03 6.3646E-03 3.8857E-03 2.2009E-03 1.2366E-03 8.4278E-04 7.9922E-04
  8.0608E-05 8.1466E-05 8.5753E-05 9.0899E-05 9.3471E-05 1.0119E-04 1.0548E-04
  1.0119E-04 2.0924E-04 5.2052E-04 1.2211E-03 2.7021E-03 4.6333E-03 6.2300E-03
  6.2411E-03 4.6757E-03 3.0082E-03 1.7991E-03 1.0299E-03 7.6578E-04 7.9922E-04
  5.9684E-05 6.1228E-05 6.4487E-05 8.0265E-05 1.4184E-04 2.6004E-04 1.4407E-04
  1.0513E-04 2.0529E-04 6.1777E-04 1.4607E-03 2.9322E-03 4.4810E-03 5.0200E-03
  4.6761E-03 3.5002E-03 2.5802E-03 1.7787E-03 1.0656E-03 7.7298E-04 7.9922E-04
  2.4011E-05 2.7441E-05 3.6016E-05 5.4711E-05 1.1491E-04 2.2814E-04 1.4698E-04
  1.5178E-04 4.1813E-04 1.2796E-03 2.2939E-03 3.3466E-03 3.4886E-03 3.3049E-03
  2.9503E-03 2.3719E-03 1.9385E-03 1.4463E-03 8.9870E-04 7.1175E-04 7.9922E-04
  5.1452E-06 9.7759E-06 2.0752E-05 3.2415E-05 4.0647E-05 4.5622E-05 6.8603E-05
  1.8763E-04 7.2513E-04 2.0070E-03 3.3488E-03 3.7869E-03 2.9557E-03 2.2207E-03
  1.7549E-03 1.2978E-03 1.1294E-03 9.1859E-04 6.3526E-04 6.3818E-04 7.9922E-04
  0.0000E+00 0.0000E+00 0.0000E+00 3.0871E-06 2.3496E-05 6.0266E-05 1.1525E-04
  4.4437E-04 1.1350E-03 2.4297E-03 3.7347E-03 4.1534E-03 2.8993E-03 1.5365E-03
  1.0630E-03 8.6693E-04 7.9819E-04 7.3096E-04 5.8312E-04 6.3492E-04 7.9922E-04
  1.1056E-04 5.9736E-05 8.9159E-06 2.2290E-05 5.7062E-05 1.1890E-04 3.0136E-04
  7.8103E-04 1.6263E-03 2.6997E-03 3.2008E-03 2.8674E-03 1.9865E-03 1.1813E-03
  8.4344E-04 5.9500E-04 6.0628E-04 6.3927E-04 6.0361E-04 7.6231E-04 9.5935E-04
  6.6334E-05 7.5072E-05 9.0585E-05 1.0075E-04 1.0307E-04 1.0628E-04 1.9508E-04
  5.4423E-04 1.2124E-03 2.0335E-03 2.6115E-03 2.7892E-03 2.2375E-03 1.5580E-03
  1.0037E-03 7.5584E-04 7.3289E-04 7.1702E-04 5.8613E-04 7.1291E-04 9.5935E-04
  3.0920E-04 3.0867E-04 2.7621E-04 2.5178E-04 2.7764E-04 3.1337E-04 3.1705E-04
  3.9355E-04 7.5696E-04 1.5451E-03 2.4296E-03 3.0851E-03 3.1391E-03 2.3110E-03
  1.7586E-03 1.3559E-03 1.0481E-03 8.2650E-04 6.6263E-04 7.6712E-04 9.5935E-04
  7.4323E-04 7.4626E-04 7.2433E-04 6.9205E-04 7.0132E-04 7.3052E-04 6.9865E-04
  6.6833E-04 7.5072E-04 1.2110E-03 2.7067E-03 4.3684E-03 4.5075E-03 3.7778E-03
  2.8645E-03 2.2243E-03 1.8140E-03 1.3488E-03 9.7058E-04 8.9408E-04 9.5935E-04
  1.1865E-03 1.1954E-03 1.1716E-03 1.1102E-03 1.0808E-03 1.0794E-03 9.8645E-04
  8.5896E-04 7.6374E-04 1.1202E-03 2.3071E-03 3.9421E-03 5.1833E-03 5.5500E-03
  5.3645E-03 3.8838E-03 2.5483E-03 1.6871E-03 1.1851E-03 9.9305E-04 9.5935E-04
  1.0949E-03 1.0842E-03 1.0351E-03 9.5578E-04 8.8802E-04 8.3749E-04 7.8014E-04
  6.7048E-04 5.4654E-04 6.9187E-04 1.5861E-03 3.3194E-03 5.1569E-03 7.6017E-03
  7.9129E-03 5.5789E-03 3.6555E-03 2.3351E-03 1.4943E-03 1.0842E-03 9.5935E-04
  6.1520E-04 6.1074E-04 5.9986E-04 5.8720E-04 5.7204E-04 5.5599E-04 5.3478E-04
  5.1017E-04 5.1712E-04 5.7383E-04 1.0681E-03 2.4827E-03 5.3945E-03 1.1305E-02
  1.3820E-02 9.1151E-03 5.3731E-03 3.0023E-03 1.6375E-03 1.0763E-03 9.5935E-04
  4.6149E-04 4.5721E-04 4.4918E-04 4.4223E-04 4.3938E-04 4.4425E-04 4.5542E-04
  4.5578E-04 4.6701E-04 5.0749E-04 6.9473E-04 1.4665E-03 4.0434E-03 1.0786E-02
  1.6477E-02 1.1551E-02 6.6361E-03 3.5022E-03 1.6970E-03 1.0385E-03 9.5935E-04
  3.8196E-04 3.8017E-04 3.8017E-04 3.8909E-04 4.0639E-04 4.2844E-04 4.5293E-04
  4.7950E-04 5.1195E-04 5.3228E-04 5.8524E-04 9.7504E-04 2.8429E-03 8.8265E-03
  1.4589E-02 1.1589E-02 7.1479E-03 3.8527E-03 1.8547E-03 1.0778E-03 9.5935E-04
  4.9751E-04 4.9465E-04 4.9233E-04 4.8984E-04 4.8788E-04 5.0393E-04 5.3977E-04
  5.0928E-04 5.3923E-04 5.3799E-04 6.4034E-04 1.0280E-03 2.3055E-03 7.8729E-03
  1.5652E-02 1.4662E-02 8.8991E-03 4.4808E-03 1.9909E-03 1.0938E-03 9.5935E-04
  1.2625E-03 1.2206E-03 1.1145E-03 9.9234E-04 8.9605E-04 8.1489E-04 6.8028E-04
  6.0806E-04 5.2515E-04 5.1177E-04 5.3049E-04 7.8014E-04 2.0979E-03 7.6694E-03
  1.5865E-02 1.5429E-02 9.5222E-03 4.7343E-03 2.0435E-03 1.1154E-03 9.5935E-04
  2.0378E-03 2.0473E-03 2.0558E-03 2.0432E-03 1.9982E-03 1.8785E-03 1.6134E-03
  1.2759E-03 6.6441E-04 3.9319E-04 4.1174E-04 7.2878E-04 2.2716E-03 7.3695E-03
  1.4359E-02 1.3448E-02 8.1391E-03 4.1445E-03 2.0940E-03 1.2705E-03 9.5935E-04
  1.8370E-03 1.8606E-03 1.9208E-03 2.0146E-03 2.1214E-03 2.2059E-03 2.1969E-03
  1.7702E-03 8.8784E-04 4.1887E-04 4.3189E-04 1.1862E-03 3.4036E-03 8.1072E-03
  1.0086E-02 8.5833E-03 5.7083E-03 3.1225E-03 1.7252E-03 1.1771E-03 9.5935E-04
  1.2536E-03 1.2452E-03 1.2429E-03 1.2686E-03 1.3176E-03 1.3285E-03 1.1455E-03
  6.9437E-04 3.8481E-04 3.9444E-04 9.4134E-04 2.3602E-03 3.8597E-03 6.9255E-03
  7.7959E-03 5.7704E-03 3.7645E-03 2.1926E-03 1.4085E-03 1.0963E-03 9.5935E-04
  4.0835E-04 3.6555E-04 3.0332E-04 2.7889E-04 2.7087E-04 2.7664E-04 2.5214E-04
  3.1776E-04 4.5328E-04 6.3428E-04 1.1598E-03 2.4034E-03 4.0819E-03 6.0730E-03
  6.9681E-03 5.3141E-03 3.2941E-03 1.8641E-03 1.1446E-03 9.4562E-04 9.5935E-04
  2.6034E-04 2.5945E-04 2.6034E-04 2.6034E-04 2.5410E-04 2.4489E-04 2.3805E-04
  2.6480E-04 5.7062E-04 9.4508E-04 1.4925E-03 2.7746E-03 4.1361E-03 5.4752E-03
  5.4779E-03 3.9781E-03 2.6141E-03 1.6343E-03 1.0013E-03 8.5236E-04 9.5935E-04
  5.0393E-04 5.0393E-04 5.0072E-04 4.9715E-04 4.9804E-04 4.9881E-04 4.9002E-04
  5.4102E-04 7.3324E-04 1.1723E-03 1.7864E-03 2.8361E-03 3.9123E-03 4.3490E-03
  4.0936E-03 3.0990E-03 2.3160E-03 1.6477E-03 1.0822E-03 8.9944E-04 9.5935E-04
  4.1762E-04 4.3527E-04 4.7985E-04 5.3923E-04 6.1395E-04 7.0807E-04 8.1491E-04
  9.6060E-04 1.2331E-03 1.8112E-03 2.3105E-03 3.0209E-03 3.0765E-03 2.8946E-03
  2.5756E-03 2.0880E-03 1.6762E-03 1.2673E-03 9.0443E-04 8.5200E-04 9.5935E-04
  2.6034E-04 2.7283E-04 3.0688E-04 3.5485E-04 4.0621E-04 4.4735E-04 4.9679E-04
  7.0025E-04 1.2709E-03 2.2548E-03 3.2306E-03 3.6017E-03 2.8452E-03 2.0658E-03
  1.6043E-03 1.2270E-03 1.0556E-03 8.6431E-04 6.6013E-04 7.6142E-04 9.5935E-04
  3.5307E-05 4.8681E-05 8.9159E-05 1.5050E-04 2.1790E-04 2.7343E-04 3.7518E-04
  7.0596E-04 1.2860E-03 2.3426E-03 3.5646E-03 4.1742E-03 2.8961E-03 1.4103E-03
  1.0111E-03 8.3764E-04 7.5232E-04 6.9116E-04 5.7757E-04 7.2468E-04 9.5935E-04
  0.0000E+00 0.0000E+00 0.0000E+00 0.0000E+00 0.0000E+00 0.0000E+00 1.2323E-02
  6.0453E-02 5.8360E-02 3.0459E-02 1.3253E-02 1.8601E-03 6.9753E-04 4.6502E-04
  0.0000E+00 0.0000E+00 0.0000E+00 0.0000E+00 0.0000E+00 0.0000E+00 0.0000E+00
  0.0000E+00 0.0000E+00 0.0000E+00 0.0000E+00 0.0000E+00 0.0000E+00 0.0000E+00
  6.8172E-02 8.0402E-02 5.3943E-03 0.0000E+00 0.0000E+00 0.0000E+00 0.0000E+00
  0.0000E+00 0.0000E+00 0.0000E+00 0.0000E+00 0.0000E+00 0.0000E+00 0.0000E+00
  9.3005E-04 9.3005E-04 8.8354E-04 1.5346E-03 4.4642E-03 1.2404E-02 1.3579E-02
  5.3757E-02 7.3799E-02 1.5346E-02 0.0000E+00 0.0000E+00 0.0000E+00 0.0000E+00
  0.0000E+00 0.0000E+00 0.0000E+00 0.0000E+00 0.0000E+00 0.0000E+00 0.0000E+00
  9.3005E-04 9.3005E-04 1.8601E-03 5.2548E-03 1.1998E-02 2.1735E-02 2.5623E-02
  4.4782E-02 3.8736E-02 7.3474E-03 9.7655E-04 0.0000E+00 0.0000E+00 0.0000E+00
  0.0000E+00 0.0000E+00 0.0000E+00 0.0000E+00 0.0000E+00 0.0000E+00 0.0000E+00
  9.3005E-04 8.8354E-04 1.2556E-03 2.0926E-03 2.9296E-03 1.1149E-03 0.0000E+00
  0.0000E+00 3.2691E-02 2.7948E-02 6.8358E-03 1.1161E-03 0.0000E+00 0.0000E+00
  0.0000E+00 0.0000E+00 0.0000E+00 0.0000E+00 0.0000E+00 0.0000E+00 0.0000E+00
  0.0000E+00 0.0000E+00 0.0000E+00 0.0000E+00 0.0000E+00 0.0000E+00 0.0000E+00
  0.0000E+00 2.5344E-02 5.2083E-02 2.8831E-02 1.1161E-02 6.9753E-04 0.0000E+00
  0.0000E+00 0.0000E+00 0.0000E+00 0.0000E+00 0.0000E+00 0.0000E+00 0.0000E+00
  0.0000E+00 0.0000E+00 0.0000E+00 0.0000E+00 0.0000E+00 0.0000E+00 0.0000E+00
  0.0000E+00 9.3005E-03 4.8967E-02 6.6824E-02 5.0408E-02 1.3114E-02 0.0000E+00
  0.0000E+00 0.0000E+00 0.0000E+00 0.0000E+00 0.0000E+00 0.0000E+00 0.0000E+00
  0.0000E+00 0.0000E+00 0.0000E+00 0.0000E+00 0.0000E+00 0.0000E+00 2.7901E-03
  0.0000E+00 1.8740E-02 5.4036E-02 7.4497E-02 6.1662E-02 2.0972E-02 1.2091E-03
  0.0000E+00 0.0000E+00 0.0000E+00 0.0000E+00 0.0000E+00 0.0000E+00 0.0000E+00
  0.0000E+00 0.0000E+00 0.0000E+00 0.0000E+00 0.0000E+00 7.4441E-04 1.5671E-02
  9.7654E-04 6.6498E-03 3.6272E-02 6.0406E-02 5.0873E-02 2.1810E-02 1.9996E-03
  0.0000E+00 0.0000E+00 0.0000E+00 0.0000E+00 0.0000E+00 0.0000E+00 0.0000E+00
  0.0000E+00 0.0000E+00 0.0000E+00 0.0000E+00 0.0000E+00 0.0000E+00 0.0000E+00
  0.0000E+00 0.0000E+00 2.5809E-02 6.2034E-02 5.0269E-02 2.4553E-02 1.9531E-03
  0.0000E+00 0.0000E+00 0.0000E+00 0.0000E+00 0.0000E+00 0.0000E+00 0.0000E+00
  0.0000E+00 0.0000E+00 0.0000E+00 0.0000E+00 0.0000E+00 0.0000E+00 0.0000E+00
  0.0000E+00 0.0000E+00 2.7901E-03 2.9296E-02 3.6504E-02 2.0228E-02 1.3951E-03
  0.0000E+00 0.0000E+00 0.0000E+00 0.0000E+00 0.0000E+00 0.0000E+00 0.0000E+00
  0.0000E+00 0.0000E+00 0.0000E+00 0.0000E+00 0.0000E+00 0.0000E+00 0.0000E+00
  0.0000E+00 0.0000E+00 0.0000E+00 1.1951E-02 1.6648E-02 3.4412E-03 0.0000E+00
  0.0000E+00 0.0000E+00 0.0000E+00 0.0000E+00 0.0000E+00 0.0000E+00 0.0000E+00
  2.7901E-04 1.3951E-04 0.0000E+00 0.0000E+00 0.0000E+00 0.0000E+00 0.0000E+00
  0.0000E+00 0.0000E+00 0.0000E+00 1.7671E-03 1.7671E-03 0.0000E+00 0.0000E+00
  0.0000E+00 0.0000E+00 0.0000E+00 0.0000E+00 0.0000E+00 0.0000E+00 0.0000E+00
  9.3005E-04 9.3005E-04 1.5346E-03 2.3716E-03 2.6041E-03 8.6717E-04 0.0000E+00
  5.6733E-03 2.1577E-02 0.0000E+00 0.0000E+00 0.0000E+00 0.0000E+00 0.0000E+00
  0.0000E+00 0.0000E+00 0.0000E+00 0.0000E+00 0.0000E+00 0.0000E+00 0.0000E+00
  0.0000E+00 0.0000E+00 4.1852E-04 8.3704E-04 8.3704E-04 8.3704E-04 0.0000E+00
  0.0000E+00 0.0000E+00 0.0000E+00 0.0000E+00 0.0000E+00 0.0000E+00 0.0000E+00
  0.0000E+00 0.0000E+00 0.0000E+00 0.0000E+00 0.0000E+00 0.0000E+00 0.0000E+00
  0.0000E+00 0.0000E+00 0.0000E+00 0.0000E+00 0.0000E+00 0.0000E+00 0.0000E+00
  0.0000E+00 0.0000E+00 0.0000E+00 0.0000E+00 0.0000E+00 0.0000E+00 0.0000E+00
  0.0000E+00 0.0000E+00 0.0000E+00 0.0000E+00 0.0000E+00 0.0000E+00 0.0000E+00
  0.0000E+00 0.0000E+00 0.0000E+00 0.0000E+00 0.0000E+00 0.0000E+00 0.0000E+00
  0.0000E+00 0.0000E+00 8.3704E-04 1.7438E-02 1.5764E-02 0.0000E+00 0.0000E+00
  0.0000E+00 0.0000E+00 0.0000E+00 0.0000E+00 0.0000E+00 0.0000E+00 0.0000E+00
  0.0000E+00 0.0000E+00 0.0000E+00 0.0000E+00 0.0000E+00 0.0000E+00 0.0000E+00
  0.0000E+00 1.4834E-02 1.8136E-02 4.2410E-02 5.6454E-02 1.5160E-02 1.3951E-04
  0.0000E+00 0.0000E+00 0.0000E+00 0.0000E+00 0.0000E+00 0.0000E+00 0.0000E+00
  0.0000E+00 0.0000E+00 0.0000E+00 0.0000E+00 0.0000E+00 0.0000E+00 0.0000E+00
  0.0000E+00 9.3469E-03 2.7018E-02 4.0782E-02 3.0273E-02 1.1439E-02 1.9531E-03
  0.0000E+00 0.0000E+00 0.0000E+00 0.0000E+00 0.0000E+00 0.0000E+00 0.0000E+00
  0.0000E+00 0.0000E+00 0.0000E+00 0.0000E+00 0.0000E+00 0.0000E+00 3.7201E-04
  9.3469E-03 3.2644E-02 4.6363E-02 2.8180E-02 1.6136E-02 4.5107E-03 2.3251E-04
  0.0000E+00 0.0000E+00 0.0000E+00 0.0000E+00 0.0000E+00 0.0000E+00 0.0000E+00
  0.0000E+00 0.0000E+00 0.0000E+00 0.0000E+00 1.3819E-04 4.3321E-03 6.7577E-02
  1.9499E-01 1.9900E-01 1.2520E-01 6.4399E-02 2.4737E-02 1.9347E-02 1.8380E-02
  1.1056E-03 0.0000E+00 0.0000E+00 0.0000E+00 0.0000E+00 0.0000E+00 0.0000E+00
  0.0000E+00 0.0000E+00 0.0000E+00 0.0000E+00 2.4875E-04 1.2554E-02 5.2569E-02
  2.2678E-01 2.7155E-01 1.0232E-01 2.6036E-02 7.5178E-03 6.3569E-04 1.3819E-04
  0.0000E+00 0.0000E+00 0.0000E+00 0.0000E+00 0.0000E+00 0.0000E+00 0.0000E+00
  1.1056E-03 1.5478E-03 2.4046E-03 1.2631E-02 5.8567E-02 1.5044E-01 9.9804E-02
  1.6810E-01 2.7683E-01 1.5494E-01 3.6843E-02 4.9750E-03 0.0000E+00 0.0000E+00
  0.0000E+00 0.0000E+00 0.0000E+00 0.0000E+00 0.0000E+00 0.0000E+00 0.0000E+00
  2.0453E-03 2.8745E-03 7.8495E-03 2.2885E-02 5.4200E-02 9.4314E-02 6.3874E-02
  1.0376E-01 1.6802E-01 1.4450E-01 4.7014E-02 6.2464E-03 3.8694E-04 0.0000E+00
  0.0000E+00 0.0000E+00 0.0000E+00 0.0000E+00 0.0000E+00 0.0000E+00 0.0000E+00
  1.6031E-03 2.0453E-03 3.9800E-03 8.4575E-03 1.3681E-02 7.9560E-03 1.7412E-03
  2.8219E-02 1.1335E-01 1.3753E-01 6.4012E-02 1.6832E-02 2.4322E-03 2.7639E-05
  0.0000E+00 0.0000E+00 0.0000E+00 0.0000E+00 0.0000E+00 0.0000E+00 0.0000E+00
  0.0000E+00 0.0000E+00 0.0000E+00 0.0000E+00 0.0000E+00 0.0000E+00 0.0000E+00
  1.2576E-02 9.0656E-02 1.4579E-01 1.0268E-01 4.3117E-02 1.2299E-02 1.6583E-03
  0.0000E+00 0.0000E+00 0.0000E+00 0.0000E+00 0.0000E+00 0.0000E+00 0.0000E+00
  0.0000E+00 0.0000E+00 0.0000E+00 0.0000E+00 0.0000E+00 0.0000E+00 0.0000E+00
  3.2614E-03 4.3089E-02 1.1279E-01 1.3474E-01 8.8362E-02 3.5267E-02 9.4525E-03
  2.4875E-04 0.0000E+00 0.0000E+00 0.0000E+00 0.0000E+00 0.0000E+00 0.0000E+00
  0.0000E+00 0.0000E+00 0.0000E+00 0.0000E+00 0.0000E+00 0.0000E+00 2.3217E-03
  7.4625E-04 2.5262E-02 8.0623E-02 1.2592E-01 1.0511E-01 5.1768E-02 1.6611E-02
  1.4649E-03 0.0000E+00 0.0000E+00 0.0000E+00 0.0000E+00 0.0000E+00 0.0000E+00
  0.0000E+00 0.0000E+00 0.0000E+00 0.0000E+00 0.0000E+00 1.2167E-03 1.1608E-02
  1.0779E-03 1.7440E-02 5.8180E-02 9.5714E-02 9.7179E-02 6.3210E-02 1.9292E-02
  1.4649E-03 0.0000E+00 0.0000E+00 0.0000E+00 0.0000E+00 0.0000E+00 0.0000E+00
  0.0000E+00 0.0000E+00 0.0000E+00 0.0000E+00 0.0000E+00 0.0000E+00 0.0000E+00
  0.0000E+00 4.1458E-03 3.5488E-02 7.3271E-02 7.3160E-02 4.0380E-02 1.4759E-02
  1.9071E-03 0.0000E+00 0.0000E+00 0.0000E+00 0.0000E+00 0.0000E+00 0.0000E+00
  0.0000E+00 0.0000E+00 0.0000E+00 0.0000E+00 0.0000E+00 0.0000E+00 0.0000E+00
  0.0000E+00 0.0000E+00 9.5354E-03 3.8971E-02 4.7953E-02 2.8468E-02 9.1209E-03
  2.7639E-04 0.0000E+00 0.0000E+00 0.0000E+00 0.0000E+00 0.0000E+00 0.0000E+00
  0.0000E+00 0.0000E+00 0.0000E+00 0.0000E+00 0.0000E+00 0.0000E+00 0.0000E+00
  0.0000E+00 0.0000E+00 3.1232E-03 1.4953E-02 2.4488E-02 1.2106E-02 2.0176E-03
  0.0000E+00 0.0000E+00 0.0000E+00 0.0000E+00 0.0000E+00 0.0000E+00 0.0000E+00
  1.6583E-04 8.2917E-05 0.0000E+00 0.0000E+00 0.0000E+00 0.0000E+00 0.0000E+00
  0.0000E+00 0.0000E+00 0.0000E+00 6.7715E-03 9.9500E-03 1.2161E-03 0.0000E+00
  0.0000E+00 0.0000E+00 0.0000E+00 0.0000E+00 0.0000E+00 0.0000E+00 0.0000E+00
  5.5278E-04 5.5278E-04 8.2917E-04 1.1332E-03 1.1608E-03 3.8656E-04 0.0000E+00
  3.8694E-04 3.4549E-03 0.0000E+00 9.4249E-03 8.1258E-03 8.2917E-04 2.9021E-03
  2.5151E-03 2.5809E-04 0.0000E+00 0.0000E+00 0.0000E+00 0.0000E+00 0.0000E+00
  4.9750E-04 2.4875E-04 2.4875E-04 4.9750E-04 4.9750E-04 1.6567E-04 0.0000E+00
  0.0000E+00 0.0000E+00 2.7639E-05 2.4875E-03 4.6710E-03 1.7136E-03 1.2825E-02
  6.7992E-03 0.0000E+00 0.0000E+00 0.0000E+00 0.0000E+00 0.0000E+00 0.0000E+00
  0.0000E+00 0.0000E+00 0.0000E+00 0.0000E+00 0.0000E+00 0.0000E+00 0.0000E+00
  0.0000E+00 0.0000E+00 2.9021E-03 2.1835E-02 1.8518E-02 4.0076E-03 5.2514E-03
  0.0000E+00 0.0000E+00 0.0000E+00 0.0000E+00 0.0000E+00 0.0000E+00 0.0000E+00
  0.0000E+00 0.0000E+00 0.0000E+00 0.0000E+00 0.0000E+00 0.0000E+00 0.0000E+00
  0.0000E+00 4.5881E-03 2.2664E-02 5.6826E-02 3.9192E-02 1.2189E-02 3.8418E-03
  0.0000E+00 0.0000E+00 0.0000E+00 0.0000E+00 0.0000E+00 0.0000E+00 0.0000E+00
  0.0000E+00 0.0000E+00 0.0000E+00 0.0000E+00 0.0000E+00 0.0000E+00 0.0000E+00
  4.9474E-03 2.6644E-02 4.6129E-02 7.7997E-02 9.1623E-02 4.2536E-02 6.6333E-03
  3.3167E-04 0.0000E+00 0.0000E+00 0.0000E+00 0.0000E+00 0.0000E+00 0.0000E+00
  0.0000E+00 0.0000E+00 0.0000E+00 0.0000E+00 0.0000E+00 0.0000E+00 1.9347E-04
  1.2493E-02 4.3144E-02 6.6803E-02 1.0296E-01 1.0257E-01 5.3924E-02 2.0591E-02
  6.7163E-03 0.0000E+00 0.0000E+00 0.0000E+00 0.0000E+00 0.0000E+00 0.0000E+00
  0.0000E+00 0.0000E+00 0.0000E+00 0.0000E+00 0.0000E+00 1.4748E-04 1.1719E-02
  6.0391E-02 1.1688E-01 1.1677E-01 8.8914E-02 6.7937E-02 4.7097E-02 2.0784E-02
  5.8042E-04 0.0000E+00 0.0000E+00 0.0000E+00 0.0000E+00 0.0000E+00 0.0000E+00
  0.0000E+00 0.0000E+00 0.0000E+00 3.0484E-04 2.1339E-03 1.2401E-02 8.8099E-02
  2.4921E-01 2.8602E-01 1.9876E-01 1.2537E-01 6.5160E-02 5.0527E-02 3.7267E-02
  3.8867E-03 0.0000E+00 0.0000E+00 0.0000E+00 0.0000E+00 0.0000E+00 0.0000E+00
  0.0000E+00 0.0000E+00 0.0000E+00 0.0000E+00 4.4964E-03 2.3937E-02 8.1667E-02
  2.8948E-01 3.4584E-01 1.7762E-01 8.4578E-02 2.7085E-02 1.2986E-02 1.2178E-02
  3.3532E-04 0.0000E+00 0.0000E+00 0.0000E+00 0.0000E+00 0.0000E+00 0.0000E+00
  7.9258E-04 1.2956E-03 2.8960E-03 1.6644E-02 6.7659E-02 1.6761E-01 1.3846E-01
  2.4968E-01 3.4781E-01 2.0203E-01 7.0708E-02 1.6964E-02 2.8502E-03 4.5726E-04
  0.0000E+00 0.0000E+00 0.0000E+00 0.0000E+00 0.0000E+00 0.0000E+00 0.0000E+00
  1.9510E-03 3.0179E-03 8.3526E-03 2.4281E-02 5.8072E-02 1.0357E-01 8.5355E-02
  1.4852E-01 2.2604E-01 1.8173E-01 6.7126E-02 1.8306E-02 6.8284E-03 9.2976E-04
  0.0000E+00 0.0000E+00 0.0000E+00 0.0000E+00 0.0000E+00 0.0000E+00 0.0000E+00
  1.4328E-03 1.9510E-03 4.1153E-03 8.9166E-03 1.4724E-02 1.3472E-02 8.9471E-03
  3.8501E-02 1.4042E-01 1.9501E-01 1.0749E-01 3.6200E-02 9.8920E-03 3.2008E-03
  8.0783E-04 0.0000E+00 0.0000E+00 0.0000E+00 0.0000E+00 0.0000E+00 0.0000E+00
  0.0000E+00 0.0000E+00 0.0000E+00 0.0000E+00 0.0000E+00 0.0000E+00 2.2863E-04
  1.9129E-02 1.0296E-01 1.7498E-01 1.3581E-01 7.2399E-02 2.7740E-02 9.2214E-03
  1.6004E-03 0.0000E+00 0.0000E+00 0.0000E+00 0.0000E+00 0.0000E+00 0.0000E+00
  0.0000E+00 0.0000E+00 0.0000E+00 0.0000E+00 0.0000E+00 0.0000E+00 0.0000E+00
  7.3162E-03 4.3470E-02 1.1232E-01 1.4873E-01 1.2163E-01 6.1989E-02 2.1720E-02
  3.9629E-03 6.6068E-04 1.3718E-04 0.0000E+00 0.0000E+00 0.0000E+00 0.0000E+00
  0.0000E+00 0.0000E+00 0.0000E+00 0.0000E+00 0.0000E+00 1.4030E-03 5.8682E-03
  5.7462E-03 2.6414E-02 7.7368E-02 1.3324E-01 1.3535E-01 8.4060E-02 3.1932E-02
  6.5083E-03 9.4537E-04 1.0669E-04 0.0000E+00 0.0000E+00 0.0000E+00 0.0000E+00
  0.0000E+00 0.0000E+00 0.0000E+00 0.0000E+00 9.1452E-05 3.8428E-03 1.5821E-02
  7.1028E-03 2.1156E-02 5.5923E-02 9.5247E-02 1.0907E-01 8.1362E-02 3.4279E-02
  6.8741E-03 5.2865E-04 0.0000E+00 0.0000E+00 0.0000E+00 0.0000E+00 0.0000E+00
  0.0000E+00 0.0000E+00 0.0000E+00 0.0000E+00 0.0000E+00 0.0000E+00 0.0000E+00
  8.5355E-04 9.6787E-03 3.4599E-02 6.7385E-02 7.3345E-02 5.1564E-02 2.6201E-02
  6.7370E-03 6.3032E-04 0.0000E+00 0.0000E+00 0.0000E+00 0.0000E+00 0.0000E+00
  0.0000E+00 0.0000E+00 0.0000E+00 0.0000E+00 0.0000E+00 0.0000E+00 0.0000E+00
  0.0000E+00 2.9722E-03 1.3108E-02 3.1932E-02 4.0696E-02 2.9112E-02 1.2117E-02
  2.5911E-03 2.0333E-04 0.0000E+00 0.0000E+00 0.0000E+00 0.0000E+00 0.0000E+00
  0.0000E+00 0.0000E+00 0.0000E+00 0.0000E+00 0.0000E+00 0.0000E+00 0.0000E+00
  2.8960E-04 2.1644E-03 6.1273E-03 1.4846E-02 2.3473E-02 1.3962E-02 5.1518E-03
  9.4500E-04 0.0000E+00 0.0000E+00 7.0113E-04 1.8748E-03 1.1736E-03 0.0000E+00
  9.1452E-05 4.5726E-05 0.0000E+00 0.0000E+00 0.0000E+00 0.0000E+00 0.0000E+00
  3.0484E-04 1.0517E-03 3.4904E-03 2.7054E-02 1.5653E-02 9.8463E-03 5.0299E-03
  1.4175E-03 0.0000E+00 0.0000E+00 0.0000E+00 0.0000E+00 0.0000E+00 0.0000E+00
  9.1452E-05 1.9815E-04 3.0484E-04 4.7250E-04 7.4686E-04 2.8423E-04 0.0000E+00
  1.9205E-03 5.8987E-03 1.1355E-02 7.2765E-02 3.8364E-02 1.9357E-02 1.3962E-02
  8.3069E-03 1.1793E-03 0.0000E+00 0.0000E+00 0.0000E+00 0.0000E+00 0.0000E+00
  0.0000E+00 0.0000E+00 1.3718E-04 2.7436E-04 2.7436E-04 2.7436E-04 0.0000E+00
  1.3718E-04 2.5911E-03 6.6150E-03 1.8153E-02 2.9234E-02 2.7100E-02 1.8458E-02
  7.2704E-03 7.3198E-04 0.0000E+00 0.0000E+00 0.0000E+00 0.0000E+00 0.0000E+00
  0.0000E+00 0.0000E+00 0.0000E+00 0.0000E+00 0.0000E+00 0.0000E+00 0.0000E+00
  8.3831E-04 8.3831E-03 2.2101E-02 4.1001E-02 4.1001E-02 1.6919E-02 9.0690E-03
  6.0968E-04 0.0000E+00 0.0000E+00 0.0000E+00 0.0000E+00 0.0000E+00 0.0000E+00
  0.0000E+00 0.0000E+00 0.0000E+00 0.0000E+00 0.0000E+00 0.0000E+00 0.0000E+00
  3.1856E-03 1.7742E-02 4.8713E-02 8.7824E-02 7.6012E-02 3.3517E-02 1.0090E-02
  1.9815E-03 0.0000E+00 0.0000E+00 0.0000E+00 0.0000E+00 0.0000E+00 0.0000E+00
  0.0000E+00 0.0000E+00 0.0000E+00 0.0000E+00 0.0000E+00 0.0000E+00 1.0060E-03
  1.2377E-02 5.0466E-02 1.0156E-01 1.3498E-01 1.3312E-01 7.1454E-02 2.7420E-02
  9.1147E-03 2.0333E-04 0.0000E+00 0.0000E+00 0.0000E+00 0.0000E+00 0.0000E+00
  0.0000E+00 0.0000E+00 0.0000E+00 0.0000E+00 0.0000E+00 0.0000E+00 3.9020E-03
  2.7237E-02 8.2170E-02 1.3985E-01 1.6574E-01 1.4863E-01 9.6802E-02 3.9797E-02
  1.2849E-02 9.1498E-04 0.0000E+00 0.0000E+00 0.0000E+00 0.0000E+00 0.0000E+00
  0.0000E+00 0.0000E+00 0.0000E+00 0.0000E+00 2.2863E-04 2.7345E-03 2.6155E-02
  1.0159E-01 1.8269E-01 1.8755E-01 1.6033E-01 1.2675E-01 7.0662E-02 2.6491E-02
  5.1975E-03 5.4899E-04 0.0000E+00 0.0000E+00 0.0000E+00 0.0000E+00 0.0000E+00
  0.0000E+00 0.0000E+00 0.0000E+00 2.9928E-04 2.3087E-03 1.1947E-02 7.5931E-02
  2.1933E-01 2.8153E-01 2.3275E-01 1.6956E-01 9.6496E-02 6.8064E-02 4.3695E-02
  7.3109E-03 3.9924E-04 8.5508E-05 2.9928E-04 5.5580E-04 1.2826E-03 1.8812E-03
  0.0000E+00 0.0000E+00 0.0000E+00 2.3087E-04 3.7538E-03 1.7050E-02 7.6222E-02
  2.5515E-01 3.0843E-01 1.8841E-01 1.2361E-01 3.8949E-02 1.9444E-02 1.2672E-02
  1.4536E-03 6.5573E-04 1.6246E-04 0.0000E+00 0.0000E+00 9.4059E-04 1.8812E-03
  1.2997E-03 1.9154E-03 4.7200E-03 1.7529E-02 5.1775E-02 1.0092E-01 1.1778E-01
  2.4286E-01 3.0403E-01 1.9485E-01 1.0036E-01 3.8538E-02 8.9014E-03 2.5310E-03
  9.3204E-04 9.1801E-04 2.3087E-04 0.0000E+00 0.0000E+00 9.4059E-04 1.8812E-03
  2.1719E-03 3.1723E-03 7.7812E-03 2.0154E-02 4.2335E-02 6.5082E-02 7.8274E-02
  1.5027E-01 2.1291E-01 1.7945E-01 8.0839E-02 3.7752E-02 2.0531E-02 3.6854E-03
  1.3083E-03 6.3861E-04 3.1638E-04 1.4536E-04 8.5508E-05 1.0261E-03 1.8812E-03
  1.4536E-03 1.8042E-03 3.4631E-03 7.0630E-03 1.0937E-02 9.8492E-03 1.0175E-02
  3.5811E-02 1.2819E-01 1.9435E-01 1.2105E-01 5.1997E-02 2.0787E-02 6.6611E-03
  2.5567E-03 9.8055E-04 8.5508E-04 5.9856E-04 3.3348E-04 1.1031E-03 1.8812E-03
  0.0000E+00 0.0000E+00 0.0000E+00 0.0000E+00 0.0000E+00 0.0000E+00 8.1232E-04
  1.6247E-02 8.5038E-02 1.5597E-01 1.4002E-01 8.5508E-02 3.7624E-02 1.3767E-02
  4.1899E-03 1.4253E-03 9.4059E-04 4.2754E-04 8.5508E-05 9.4059E-04 1.8812E-03
  0.0000E+00 0.0000E+00 0.0000E+00 0.0000E+00 0.0000E+00 0.0000E+00 2.6508E-04
  6.7979E-03 3.4605E-02 9.1391E-02 1.3567E-01 1.2671E-01 7.7162E-02 3.1689E-02
  8.0292E-03 2.4459E-03 1.1886E-03 3.4203E-04 0.0000E+00 9.4059E-04 1.8812E-03
  0.0000E+00 0.0000E+00 0.0000E+00 0.0000E+00 0.0000E+00 3.4220E-05 1.0261E-03
  4.2925E-03 2.0171E-02 6.0685E-02 1.1074E-01 1.2724E-01 9.5136E-02 4.3378E-02
  1.1304E-02 2.6456E-03 9.4914E-04 2.3087E-04 0.0000E+00 9.4059E-04 1.8812E-03
  0.0000E+00 0.0000E+00 0.0000E+00 0.0000E+00 0.0000E+00 1.0266E-04 1.9239E-03
  3.5828E-03 1.5802E-02 4.3994E-02 7.6410E-02 9.3742E-02 8.3285E-02 4.6294E-02
  1.3587E-02 1.9901E-03 4.1899E-04 8.5508E-05 0.0000E+00 9.4059E-04 1.8812E-03
  0.0000E+00 0.0000E+00 0.0000E+00 0.0000E+00 0.0000E+00 0.0000E+00 0.0000E+00
  1.1458E-03 7.3708E-03 2.6088E-02 5.0843E-02 6.0642E-02 5.0937E-02 2.9329E-02
  9.2605E-03 2.9079E-03 1.0090E-03 1.8812E-04 0.0000E+00 9.4059E-04 1.8812E-03
  0.0000E+00 0.0000E+00 0.0000E+00 4.2754E-05 4.2754E-05 0.0000E+00 0.0000E+00
  5.9856E-04 3.1210E-03 1.0860E-02 2.4028E-02 3.2365E-02 2.5524E-02 1.2057E-02
  3.9334E-03 1.7674E-03 8.1232E-04 7.2682E-04 1.7957E-03 2.2232E-03 1.8812E-03
  0.0000E+00 0.0000E+00 0.0000E+00 0.0000E+00 0.0000E+00 1.0266E-04 5.6435E-04
  1.2570E-03 2.5823E-03 6.0283E-03 1.0723E-02 1.5922E-02 1.1997E-02 6.8663E-03
  3.0783E-03 3.4369E-03 5.3015E-03 9.0382E-03 1.3408E-02 8.3627E-03 1.8812E-03
  5.1305E-05 2.5652E-05 0.0000E+00 0.0000E+00 0.0000E+00 0.0000E+00 8.5508E-05
  7.4392E-04 1.4878E-03 4.0787E-03 1.5323E-02 1.1586E-02 1.3784E-02 1.5836E-02
  1.3228E-02 5.8142E-03 6.7979E-03 6.0454E-03 5.0193E-03 3.4802E-03 1.8812E-03
  1.7102E-04 1.7102E-04 1.7102E-04 2.0522E-04 2.9928E-04 1.5381E-04 5.1305E-05
  5.1305E-04 1.7529E-03 7.1741E-03 4.0206E-02 4.2566E-02 4.4481E-02 5.3186E-02
  3.6178E-02 4.2312E-03 1.3083E-03 2.2232E-03 3.3776E-03 2.6850E-03 1.8812E-03
  0.0000E+00 0.0000E+00 0.0000E+00 7.6957E-05 1.5392E-04 1.5392E-04 0.0000E+00
  1.8812E-04 2.4797E-03 9.9531E-03 3.5708E-02 7.1049E-02 5.6906E-02 3.2707E-02
  1.3579E-02 2.0586E-03 7.0972E-04 2.1206E-03 3.2493E-03 2.4626E-03 1.8812E-03
  0.0000E+00 0.0000E+00 0.0000E+00 0.0000E+00 0.0000E+00 0.0000E+00 0.0000E+00
  1.6246E-03 1.2783E-02 3.3263E-02 6.7637E-02 6.8406E-02 3.7068E-02 1.6289E-02
  4.7884E-03 9.1245E-04 8.5508E-05 0.0000E+00 0.0000E+00 9.4059E-04 1.8812E-03
  0.0000E+00 0.0000E+00 0.0000E+00 0.0000E+00 0.0000E+00 0.0000E+00 7.6957E-05
  4.2497E-03 2.5156E-02 7.0527E-02 1.2327E-01 1.0246E-01 6.3413E-02 2.3746E-02
  7.4819E-03 2.4688E-03 1.0432E-03 3.9334E-04 7.6957E-05 9.4059E-04 1.8812E-03
  0.0000E+00 0.0000E+00 0.0000E+00 0.0000E+00 0.0000E+00 0.0000E+00 1.8812E-03
  1.5135E-02 6.0198E-02 1.3030E-01 1.6857E-01 1.5197E-01 9.4255E-02 3.4802E-02
  1.2407E-02 1.9216E-03 7.9522E-04 3.8479E-04 5.9856E-05 9.4059E-04 1.8812E-03
  0.0000E+00 0.0000E+00 0.0000E+00 5.9856E-05 1.7957E-04 3.9912E-04 4.8996E-03
  2.9534E-02 9.3460E-02 1.7185E-01 1.9655E-01 1.5239E-01 8.4174E-02 3.1552E-02
  1.1911E-02 2.1099E-03 3.8479E-04 5.9856E-05 0.0000E+00 9.4059E-04 1.8812E-03
  0.0000E+00 0.0000E+00 0.0000E+00 2.4797E-04 8.9783E-04 3.2731E-03 2.6892E-02
  1.0407E-01 1.8073E-01 2.0306E-01 1.8637E-01 1.3518E-01 7.8719E-02 3.0338E-02
  6.3105E-03 1.8587E-03 1.0774E-03 1.0517E-03 7.2682E-04 1.1287E-03 1.8812E-03
  0.0000E+00 0.0000E+00 2.3601E-05 2.8321E-04 1.8173E-03 8.3731E-03 4.8524E-02
  1.4701E-01 1.9945E-01 1.8598E-01 1.5829E-01 9.1973E-02 5.0506E-02 3.1861E-02
  8.8976E-03 1.6996E-03 9.9125E-04 9.4404E-04 1.0621E-03 1.4869E-03 1.8763E-03
  0.0000E+00 0.0000E+00 0.0000E+00 1.6993E-04 2.5253E-03 1.1121E-02 5.1955E-02
  1.6625E-01 2.1368E-01 1.5391E-01 1.2226E-01 4.8448E-02 2.1043E-02 8.5294E-03
  2.7188E-03 2.8857E-03 1.9070E-03 8.5908E-04 5.5226E-04 1.2178E-03 1.8763E-03
  4.3426E-04 7.2691E-04 2.4309E-03 1.0427E-02 3.0120E-02 5.7408E-02 8.2807E-02
  1.7129E-01 2.1471E-01 1.5843E-01 9.7421E-02 4.0032E-02 1.1409E-02 4.0641E-03
  2.5253E-03 3.2854E-03 2.5300E-03 1.6662E-03 1.3500E-03 1.6096E-03 1.8763E-03
  1.0479E-03 1.6143E-03 4.4087E-03 1.1909E-02 2.4701E-02 3.8171E-02 5.5632E-02
  1.0780E-01 1.5679E-01 1.4552E-01 7.7978E-02 4.3086E-02 2.5720E-02 7.4957E-03
  3.5779E-03 4.1377E-03 4.3615E-03 3.1437E-03 1.7465E-03 1.4633E-03 1.8763E-03
  8.0244E-04 1.0385E-03 2.1383E-03 4.3095E-03 6.4384E-03 5.8429E-03 7.4579E-03
  2.2818E-02 8.2004E-02 1.3668E-01 9.7161E-02 5.0827E-02 2.6334E-02 1.2008E-02
  6.1221E-03 3.0496E-03 1.9589E-03 1.4302E-03 9.9125E-04 1.3264E-03 1.8763E-03
  0.0000E+00 0.0000E+00 0.0000E+00 0.0000E+00 0.0000E+00 0.0000E+00 5.9003E-04
  9.9360E-03 5.2866E-02 1.0274E-01 1.0392E-01 7.5405E-02 3.9555E-02 1.9306E-02
  9.0628E-03 4.8462E-03 3.9650E-03 2.9501E-03 2.4545E-03 2.0769E-03 1.8763E-03
  0.0000E+00 0.0000E+00 0.0000E+00 0.0000E+00 0.0000E+00 0.0000E+00 6.6083E-05
  3.7006E-03 2.0481E-02 5.6558E-02 9.2512E-02 9.7265E-02 6.7792E-02 3.2782E-02
  1.2494E-02 5.6586E-03 3.5779E-03 2.3318E-03 1.4444E-03 1.4774E-03 1.8763E-03
  0.0000E+00 0.0000E+00 0.0000E+00 0.0000E+00 0.0000E+00 0.0000E+00 1.2745E-04
  1.9447E-03 1.0757E-02 3.5944E-02 7.2696E-02 9.2200E-02 7.8148E-02 4.0971E-02
  1.3967E-02 5.5329E-03 3.3986E-03 2.0627E-03 8.6380E-04 1.1517E-03 1.8763E-03
  0.0000E+00 0.0000E+00 0.0000E+00 0.0000E+00 0.0000E+00 0.0000E+00 9.4404E-05
  1.5010E-03 7.7836E-03 2.5182E-02 4.8349E-02 6.6437E-02 6.7386E-02 4.3870E-02
  1.4991E-02 3.2704E-03 1.1045E-03 4.8146E-04 2.5017E-04 1.0385E-03 1.8763E-03
  0.0000E+00 0.0000E+00 0.0000E+00 0.0000E+00 0.0000E+00 0.0000E+00 4.2482E-05
  1.0857E-03 3.7006E-03 1.5034E-02 3.1810E-02 4.1241E-02 4.0617E-02 2.7873E-02
  1.0866E-02 4.6076E-03 2.3271E-03 1.0385E-03 4.0122E-04 1.0054E-03 1.8763E-03
  9.4404E-05 7.0803E-05 7.0803E-05 9.4404E-05 4.7202E-05 0.0000E+00 0.0000E+00
  4.2482E-04 1.6285E-03 5.8767E-03 1.4043E-02 1.9447E-02 1.7819E-02 1.1281E-02
  5.6171E-03 3.6505E-03 2.6433E-03 2.0061E-03 2.3129E-03 2.2421E-03 1.8763E-03
  0.0000E+00 0.0000E+00 0.0000E+00 0.0000E+00 0.0000E+00 0.0000E+00 1.7465E-04
  5.0978E-04 1.0951E-03 3.0823E-03 6.1976E-03 9.6151E-03 9.5018E-03 8.5105E-03
  6.5044E-03 7.4289E-03 8.6710E-03 8.4114E-03 9.2894E-03 6.0230E-03 1.8763E-03
  0.0000E+00 0.0000E+00 0.0000E+00 0.0000E+00 0.0000E+00 0.0000E+00 1.2272E-04
  4.2010E-04 5.8531E-04 1.9825E-03 5.5463E-03 1.3410E-02 3.3108E-02 3.0016E-02
  1.9339E-02 1.2893E-02 1.0465E-02 8.4822E-03 7.2550E-03 4.4559E-03 1.8763E-03
  0.0000E+00 4.7202E-05 1.0857E-04 1.6049E-04 1.9825E-04 6.6017E-05 4.2482E-05
  1.1801E-04 4.1066E-04 3.2003E-03 1.6521E-02 4.7830E-02 6.9500E-02 5.1516E-02
  2.7948E-02 6.4019E-03 3.6015E-03 3.0823E-03 2.6103E-03 2.1713E-03 1.8763E-03
  0.0000E+00 0.0000E+00 0.0000E+00 4.2482E-05 8.4964E-05 8.4964E-05 0.0000E+00
  1.6521E-04 1.8786E-03 1.1527E-02 4.3657E-02 8.6200E-02 7.4957E-02 5.3990E-02
  3.1196E-02 1.0821E-02 5.3622E-03 4.1868E-03 2.6716E-03 1.9589E-03 1.8763E-03
  0.0000E+00 0.0000E+00 0.0000E+00 0.0000E+00 0.0000E+00 0.0000E+00 2.3601E-05
  1.3453E-03 1.1470E-02 3.4174E-02 7.7246E-02 8.5577E-02 5.1993E-02 3.0186E-02
  1.6025E-02 5.1781E-03 1.6049E-03 1.0857E-03 7.0803E-04 1.1565E-03 1.8763E-03
  0.0000E+00 0.0000E+00 0.0000E+00 0.0000E+00 0.0000E+00 0.0000E+00 8.4964E-05
  2.9879E-03 2.1411E-02 7.0383E-02 1.2466E-01 1.1140E-01 6.3680E-02 2.9058E-02
  1.2244E-02 7.7040E-03 6.0372E-03 4.2576E-03 1.9211E-03 1.3689E-03 1.8763E-03
  0.0000E+00 0.0000E+00 0.0000E+00 0.0000E+00 3.3042E-05 1.0386E-04 1.3925E-03
  1.0653E-02 4.7443E-02 1.1141E-01 1.4449E-01 1.2085E-01 6.9307E-02 2.9204E-02
  1.2254E-02 6.2528E-03 6.2685E-03 4.7202E-03 1.8598E-03 1.2697E-03 1.8763E-03
  9.4404E-05 9.4404E-05 1.2745E-04 1.4633E-04 1.6521E-04 3.8715E-04 3.9555E-03
  2.4149E-02 7.7397E-02 1.4583E-01 1.6445E-01 1.2748E-01 6.7910E-02 2.5508E-02
  1.0007E-02 4.1011E-03 1.8314E-03 8.0244E-04 3.0209E-04 1.0243E-03 1.8763E-03
  0.0000E+00 0.0000E+00 4.2482E-05 2.3129E-04 6.6083E-04 2.3293E-03 1.9258E-02
  7.9474E-02 1.4479E-01 1.8563E-01 1.6764E-01 1.1840E-01 6.5786E-02 2.7500E-02
  6.1174E-03 3.2698E-03 2.5820E-03 2.7141E-03 2.2327E-03 1.7087E-03 1.8763E-03
  2.2910E-04 1.2728E-04 1.1455E-04 5.3456E-04 1.9601E-03 6.3655E-03 2.9744E-02
  8.9742E-02 1.3267E-01 1.3490E-01 1.1067E-01 6.4618E-02 3.3626E-02 1.9512E-02
  7.9420E-03 2.3084E-03 1.3364E-03 1.3237E-03 1.4382E-03 1.9473E-03 2.4098E-03
  0.0000E+00 0.0000E+00 0.0000E+00 3.3346E-04 2.0466E-03 7.3823E-03 3.1481E-02
  9.2680E-02 1.3165E-01 1.2348E-01 1.0825E-01 4.6066E-02 1.7793E-02 7.0969E-03
  3.8259E-03 2.4185E-03 1.6419E-03 1.6902E-03 2.5022E-03 2.6779E-03 2.4098E-03
  2.6474E-04 5.2438E-04 1.8786E-03 6.7889E-03 1.7223E-02 3.1723E-02 5.4968E-02
  1.0836E-01 1.2938E-01 1.1252E-01 8.4010E-02 3.9718E-02 1.4764E-02 8.5122E-03
  4.7678E-03 2.9785E-03 2.1128E-03 2.0924E-03 2.8077E-03 2.8103E-03 2.4098E-03
  7.1784E-04 1.0997E-03 2.8332E-03 7.1453E-03 1.4003E-02 2.1768E-02 3.8366E-02
  7.2469E-02 9.7038E-02 1.0046E-01 6.8602E-02 4.4376E-02 2.7431E-02 1.5095E-02
  9.6654E-03 8.4277E-03 6.3867E-03 4.0932E-03 2.5175E-03 2.1408E-03 2.4098E-03
  5.2438E-04 6.5165E-04 1.2753E-03 2.5022E-03 3.6528E-03 3.5295E-03 5.3329E-03
  1.3779E-02 4.5781E-02 8.3705E-02 6.8503E-02 4.3556E-02 2.4748E-02 1.5889E-02
  1.1877E-02 6.6536E-03 3.0928E-03 1.6750E-03 1.1022E-03 1.6444E-03 2.4098E-03
  0.0000E+00 0.0000E+00 0.0000E+00 0.0000E+00 0.0000E+00 0.0000E+00 6.3638E-04
  5.9183E-03 2.9821E-02 6.0800E-02 6.8169E-02 5.6931E-02 3.5217E-02 2.2184E-02
  1.3173E-02 6.8905E-03 4.8747E-03 3.8056E-03 3.2201E-03 2.6601E-03 2.4098E-03
  0.0000E+00 0.0000E+00 0.0000E+00 0.0000E+00 0.0000E+00 0.0000E+00 1.6800E-04
  2.2630E-03 1.0577E-02 3.0096E-02 5.4187E-02 6.5476E-02 5.1942E-02 3.2112E-02
  1.7335E-02 9.8828E-03 6.4402E-03 4.2383E-03 2.6804E-03 2.2172E-03 2.4098E-03
  0.0000E+00 7.6366E-06 7.6366E-06 0.0000E+00 0.0000E+00 0.0000E+00 8.6548E-05
  1.0080E-03 5.0758E-03 1.7114E-02 3.8667E-02 5.8249E-02 5.7045E-02 4.0413E-02
  2.2742E-02 1.5140E-02 6.8271E-03 2.6524E-03 1.0157E-03 1.5197E-03 2.4098E-03
  7.1275E-05 3.5637E-05 0.0000E+00 0.0000E+00 0.0000E+00 0.0000E+00 5.0911E-05
  9.6730E-04 3.7343E-03 1.0620E-02 2.3561E-02 3.8641E-02 4.8533E-02 4.0777E-02
  1.8936E-02 7.9063E-03 3.1743E-03 1.3491E-03 7.8911E-04 1.5019E-03 2.4098E-03
  1.0182E-04 5.0911E-05 0.0000E+00 0.0000E+00 0.0000E+00 0.0000E+00 0.0000E+00
  3.8437E-04 1.5146E-03 5.6740E-03 1.4522E-02 2.3556E-02 2.5636E-02 1.9710E-02
  9.3294E-03 5.0408E-03 2.9095E-03 1.7208E-03 1.1888E-03 1.6750E-03 2.4098E-03
  2.8001E-04 2.5455E-04 1.9091E-04 7.6366E-05 0.0000E+00 0.0000E+00 0.0000E+00
  3.8183E-05 4.5819E-04 2.2528E-03 6.4275E-03 1.0080E-02 1.0488E-02 7.9675E-03
  6.1729E-03 4.3788E-03 2.9401E-03 2.7237E-03 2.5964E-03 2.3292E-03 2.4098E-03
  1.1200E-04 8.6548E-05 3.3092E-05 2.5455E-06 0.0000E+00 0.0000E+00 0.0000E+00
  7.1275E-05 3.3346E-04 1.1684E-03 2.5684E-03 4.2281E-03 7.1376E-03 1.2964E-02
  1.4077E-02 9.6210E-03 8.3264E-03 7.6544E-03 6.4147E-03 4.0550E-03 2.4098E-03
  3.0546E-05 1.5273E-05 0.0000E+00 0.0000E+00 0.0000E+00 3.3957E-05 4.3274E-05
  4.3274E-05 1.8837E-04 7.4584E-04 3.0190E-03 1.4298E-02 3.7055E-02 4.5107E-02
  4.4348E-02 2.4898E-02 1.2565E-02 8.3519E-03 6.7762E-03 4.3172E-03 2.4098E-03
  5.0911E-05 5.0911E-05 5.0911E-05 4.3274E-05 7.1275E-05 3.5602E-05 0.0000E+00
  0.0000E+00 9.4184E-05 1.3211E-03 1.0024E-02 5.4841E-02 8.6026E-02 7.1667E-02
  5.4825E-02 1.1768E-02 6.3918E-03 7.2675E-03 8.0362E-03 5.1063E-03 2.4098E-03
  0.0000E+00 0.0000E+00 0.0000E+00 2.2910E-05 4.5820E-05 4.5820E-05 0.0000E+00
  1.1964E-04 1.2829E-03 6.3994E-03 2.6191E-02 7.4803E-02 7.9410E-02 5.9390E-02
  3.9664E-02 9.5769E-03 4.5489E-03 3.5077E-03 2.5124E-03 2.2655E-03 2.4098E-03
  0.0000E+00 0.0000E+00 0.0000E+00 0.0000E+00 0.0000E+00 0.0000E+00 1.2728E-05
  8.1457E-04 8.1584E-03 2.3012E-02 6.2620E-02 8.8572E-02 5.8369E-02 2.7963E-02
  1.5973E-02 5.7712E-03 3.0165E-03 3.1946E-03 2.7746E-03 2.2401E-03 2.4098E-03
  0.0000E+00 0.0000E+00 0.0000E+00 0.0000E+00 0.0000E+00 0.0000E+00 6.8729E-05
  1.8073E-03 1.3649E-02 4.9068E-02 9.7743E-02 9.3986E-02 5.2654E-02 2.7856E-02
  1.2819E-02 7.1485E-03 5.2921E-03 4.6074E-03 3.3754E-03 2.3902E-03 2.4098E-03
  0.0000E+00 0.0000E+00 0.0000E+00 2.5455E-05 6.8729E-05 1.0692E-04 9.1639E-04
  6.8246E-03 3.1025E-02 7.7208E-02 1.0117E-01 8.5726E-02 5.1183E-02 2.6165E-02
  1.2297E-02 6.4067E-03 4.7449E-03 3.0750E-03 1.4331E-03 1.5935E-03 2.4098E-03
  5.0911E-05 5.0911E-05 6.8729E-05 1.0437E-04 1.4000E-04 3.4119E-04 2.8204E-03
  1.6778E-02 5.2888E-02 1.0082E-01 1.1525E-01 8.6785E-02 4.8230E-02 1.9265E-02
  7.4278E-03 3.2553E-03 1.9651E-03 1.1022E-03 5.4474E-04 1.3924E-03 2.4098E-03
  5.0910E-06 8.1457E-05 3.3346E-04 5.4220E-04 7.1020E-04 1.7042E-03 1.2756E-02
  5.2102E-02 9.8629E-02 1.3017E-01 1.1907E-01 8.3939E-02 4.4633E-02 1.7424E-02
  4.7754E-03 2.7595E-03 2.4259E-03 2.2324E-03 1.5782E-03 1.7259E-03 2.4098E-03
  2.9433E-04 1.6352E-04 6.5406E-05 2.5345E-04 1.0465E-03 3.8546E-03 1.9058E-02
  5.7247E-02 8.9615E-02 9.3809E-02 7.7433E-02 4.8540E-02 2.6440E-02 1.5853E-02
  5.9929E-03 2.6000E-03 2.6408E-03 2.7389E-03 2.4037E-03 2.3301E-03 2.5508E-03
  0.0000E+00 0.0000E+00 0.0000E+00 2.4364E-04 1.4177E-03 4.8675E-03 2.0004E-02
  5.8030E-02 8.9290E-02 8.8205E-02 7.9954E-02 3.9138E-02 1.4648E-02 6.2970E-03
  3.4927E-03 2.7176E-03 2.4724E-03 2.0570E-03 1.8347E-03 2.1339E-03 2.5508E-03
  2.0276E-04 3.4829E-04 1.1479E-03 4.1075E-03 1.0145E-02 1.7695E-02 3.0729E-02
  6.3467E-02 8.4484E-02 8.3431E-02 6.6695E-02 3.8796E-02 1.7894E-02 1.0686E-02
  4.7665E-03 3.0645E-03 2.4773E-03 2.2974E-03 2.3481E-03 2.4478E-03 2.5508E-03
  4.6111E-04 6.7859E-04 1.7104E-03 4.2416E-03 8.1022E-03 1.2096E-02 2.1788E-02
  4.3948E-02 6.5433E-02 7.7361E-02 5.8372E-02 4.4421E-02 2.9305E-02 1.6728E-02
  1.0236E-02 8.6700E-03 6.5832E-03 4.5016E-03 2.8272E-03 2.2843E-03 2.5508E-03
  3.0741E-04 3.8917E-04 7.4236E-04 1.4520E-03 2.1323E-03 2.0100E-03 3.2278E-03
  8.4587E-03 2.7894E-02 5.5772E-02 5.3117E-02 4.1034E-02 3.1055E-02 2.2168E-02
  1.6065E-02 9.7842E-03 5.2113E-03 3.0577E-03 1.7185E-03 1.8379E-03 2.5508E-03
  0.0000E+00 0.0000E+00 0.0000E+00 0.0000E+00 0.0000E+00 0.0000E+00 4.9872E-04
  3.9162E-03 1.7463E-02 3.5679E-02 4.6962E-02 4.4803E-02 3.5467E-02 2.8779E-02
  2.1347E-02 1.1251E-02 7.6853E-03 5.9847E-03 4.0061E-03 2.6817E-03 2.5508E-03
  0.0000E+00 0.0000E+00 0.0000E+00 0.0000E+00 0.0000E+00 0.0000E+00 1.7660E-04
  1.5550E-03 6.2872E-03 1.7182E-02 3.3791E-02 4.5390E-02 4.7212E-02 4.0529E-02
  2.8372E-02 1.7446E-02 1.1453E-02 7.2912E-03 4.1157E-03 2.6490E-03 2.5508E-03
  0.0000E+00 0.0000E+00 0.0000E+00 0.0000E+00 0.0000E+00 0.0000E+00 3.9244E-05
  6.5406E-04 2.8844E-03 9.2681E-03 2.3010E-02 4.0648E-02 4.9948E-02 4.7887E-02
  3.6857E-02 2.4198E-02 1.2967E-02 5.5301E-03 2.0014E-03 1.8461E-03 2.5508E-03
  0.0000E+00 0.0000E+00 0.0000E+00 0.0000E+00 0.0000E+00 0.0000E+00 0.0000E+00
  4.5621E-04 2.0129E-03 5.6707E-03 1.3362E-02 2.4830E-02 3.8688E-02 4.0469E-02
  2.6905E-02 1.2270E-02 5.5007E-03 2.5018E-03 1.3833E-03 1.7889E-03 2.5508E-03
  1.1773E-04 5.8866E-05 0.0000E+00 0.0000E+00 0.0000E+00 0.0000E+00 0.0000E+00
  1.3735E-04 8.5682E-04 2.8762E-03 7.6264E-03 1.3439E-02 1.7380E-02 1.6401E-02
  1.1636E-02 6.7727E-03 3.8524E-03 2.4331E-03 1.7496E-03 1.9851E-03 2.5508E-03
  0.0000E+00 0.0000E+00 0.0000E+00 0.0000E+00 0.0000E+00 0.0000E+00 0.0000E+00
  0.0000E+00 1.5534E-04 8.5846E-04 2.9596E-03 5.6086E-03 6.8677E-03 8.4374E-03
  9.0833E-03 6.3889E-03 4.3822E-03 4.5130E-03 4.6275E-03 3.4338E-03 2.5508E-03
  0.0000E+00 0.0000E+00 0.0000E+00 0.0000E+00 0.0000E+00 0.0000E+00 0.0000E+00
  0.0000E+00 5.0690E-05 3.5156E-04 1.1626E-03 4.3675E-03 1.2990E-02 2.3765E-02
  2.5531E-02 1.6323E-02 8.6860E-03 6.2414E-03 5.5432E-03 3.8786E-03 2.5508E-03
  0.0000E+00 0.0000E+00 0.0000E+00 0.0000E+00 0.0000E+00 0.0000E+00 0.0000E+00
  0.0000E+00 0.0000E+00 3.8917E-04 2.5247E-03 1.7086E-02 4.5806E-02 6.3694E-02
  5.0929E-02 2.1920E-02 1.0185E-02 6.8301E-03 5.9896E-03 4.1092E-03 2.5508E-03
  0.0000E+00 0.0000E+00 0.0000E+00 0.0000E+00 1.1446E-05 7.6231E-06 0.0000E+00
  0.0000E+00 0.0000E+00 7.0966E-04 6.8611E-03 3.7342E-02 7.7346E-02 8.7684E-02
  5.1167E-02 1.6739E-02 9.2861E-03 6.3411E-03 5.2603E-03 3.7134E-03 2.5508E-03
  0.0000E+00 0.0000E+00 0.0000E+00 0.0000E+00 0.0000E+00 0.0000E+00 0.0000E+00
  1.3899E-04 1.2721E-03 5.2897E-03 1.9973E-02 5.2593E-02 7.7181E-02 6.6921E-02
  4.1984E-02 1.4436E-02 7.2307E-03 4.3708E-03 2.7520E-03 2.3056E-03 2.5508E-03
  0.0000E+00 0.0000E+00 0.0000E+00 0.0000E+00 0.0000E+00 0.0000E+00 0.0000E+00
  5.9683E-04 7.1211E-03 1.8085E-02 5.1131E-02 7.7817E-02 5.8441E-02 3.3145E-02
  2.1707E-02 7.0926E-03 3.9816E-03 4.0225E-03 3.6300E-03 2.7471E-03 2.5508E-03
  0.0000E+00 0.0000E+00 0.0000E+00 0.0000E+00 0.0000E+00 0.0000E+00 2.9433E-05
  1.1593E-03 9.9074E-03 3.5815E-02 7.4550E-02 7.6812E-02 4.8093E-02 2.5561E-02
  1.3246E-02 8.1211E-03 5.4500E-03 4.6308E-03 4.1157E-03 3.0332E-03 2.5508E-03
  0.0000E+00 0.0000E+00 0.0000E+00 0.0000E+00 0.0000E+00 5.0170E-05 5.5922E-04
  4.1304E-03 2.0793E-02 5.5636E-02 7.3532E-02 6.2666E-02 4.2414E-02 2.0279E-02
  9.7308E-03 5.8054E-03 3.9849E-03 2.9008E-03 2.1241E-03 2.1306E-03 2.5508E-03
  9.8109E-06 2.1257E-05 3.9244E-05 4.5785E-05 6.2136E-05 2.2682E-04 1.9606E-03
  1.0719E-02 3.5902E-02 7.0917E-02 8.3622E-02 6.3384E-02 3.7999E-02 1.6865E-02
  7.9452E-03 4.0176E-03 2.3906E-03 1.6907E-03 1.2002E-03 1.7414E-03 2.5508E-03
  3.2703E-05 8.3393E-05 1.9785E-04 2.9760E-04 4.3659E-04 1.1656E-03 8.0515E-03
  3.1639E-02 6.3312E-02 8.7721E-02 8.2074E-02 6.3188E-02 3.7321E-02 1.4792E-02
  4.4803E-03 2.8563E-03 2.3121E-03 1.8134E-03 1.1888E-03 1.7104E-03 2.5508E-03
  1.5804E-04 7.9019E-05 9.1176E-06 8.5098E-05 3.9814E-04 1.4349E-03 6.6346E-03
  2.1116E-02 3.7625E-02 3.9899E-02 3.2085E-02 2.1171E-02 1.1275E-02 6.7653E-03
  3.2975E-03 1.5622E-03 1.3707E-03 1.2917E-03 1.1215E-03 1.1671E-03 1.3251E-03
  0.0000E+00 0.0000E+00 0.0000E+00 1.0212E-04 5.9629E-04 1.9184E-03 6.9561E-03
  1.9201E-02 3.1902E-02 3.5546E-02 3.2492E-02 1.7472E-02 7.1993E-03 3.2155E-03
  1.9700E-03 1.5118E-03 1.5792E-03 1.3081E-03 9.0933E-04 1.0242E-03 1.3251E-03
  9.9686E-05 1.6776E-04 5.2639E-04 1.7062E-03 3.9911E-03 6.5592E-03 1.0242E-02
  2.0868E-02 3.0686E-02 3.3906E-02 3.1343E-02 2.0096E-02 1.0176E-02 6.0930E-03
  3.2605E-03 1.7032E-03 1.4929E-03 1.3512E-03 1.1987E-03 1.2169E-03 1.3251E-03
  1.9937E-04 2.9055E-04 7.0023E-04 1.6789E-03 3.1030E-03 4.3731E-03 7.1816E-03
  1.5508E-02 2.6504E-02 3.0792E-02 2.6106E-02 2.2879E-02 1.6115E-02 9.8507E-03
  6.1848E-03 4.6522E-03 3.4842E-03 2.2514E-03 1.3069E-03 1.1172E-03 1.3251E-03
  1.3737E-04 1.6716E-04 3.0392E-04 5.7380E-04 8.1572E-04 7.5203E-04 1.1658E-03
  2.9535E-03 9.5771E-03 2.0403E-02 2.2454E-02 2.1791E-02 1.9370E-02 1.5797E-02
  1.1912E-02 6.6671E-03 3.5243E-03 2.1001E-03 1.2661E-03 1.1172E-03 1.3251E-03
  0.0000E+00 0.0000E+00 0.0000E+00 0.0000E+00 0.0000E+00 4.0543E-06 2.2186E-04
  1.4497E-03 5.8535E-03 1.2376E-02 1.8901E-02 2.0740E-02 1.9120E-02 1.8266E-02
  1.4588E-02 8.1846E-03 5.2973E-03 3.9662E-03 2.7292E-03 1.6381E-03 1.3251E-03
  0.0000E+00 0.0000E+00 0.0000E+00 0.0000E+00 0.0000E+00 0.0000E+00 8.9961E-05
  6.7106E-04 2.2830E-03 5.7873E-03 1.2188E-02 1.8646E-02 2.3365E-02 2.5393E-02
  2.0327E-02 1.2752E-02 7.7105E-03 4.6834E-03 2.6563E-03 1.5427E-03 1.3251E-03
  0.0000E+00 0.0000E+00 0.0000E+00 0.0000E+00 0.0000E+00 5.6760E-06 4.5588E-05
  3.2337E-04 1.0686E-03 3.0125E-03 7.6308E-03 1.6066E-02 2.5585E-02 3.1749E-02
  2.5898E-02 1.5979E-02 8.6617E-03 4.0585E-03 1.7159E-03 1.1689E-03 1.3251E-03
  0.0000E+00 0.0000E+00 0.0000E+00 0.0000E+00 0.0000E+00 0.0000E+00 1.8235E-05
  1.7506E-04 6.9598E-04 1.9427E-03 4.3971E-03 9.4349E-03 1.8597E-02 2.4236E-02
  1.9317E-02 1.0409E-02 5.5022E-03 2.8593E-03 1.4266E-03 1.1069E-03 1.3251E-03
  3.4039E-05 2.9176E-05 2.0667E-05 9.1176E-06 6.0784E-07 0.0000E+00 0.0000E+00
  7.5372E-05 4.0178E-04 1.2054E-03 2.5870E-03 4.8876E-03 7.5974E-03 9.9485E-03
  9.8890E-03 5.8977E-03 3.4124E-03 2.0788E-03 1.2740E-03 1.1196E-03 1.3251E-03
  0.0000E+00 2.4314E-05 7.5980E-05 6.9902E-05 1.8235E-05 0.0000E+00 0.0000E+00
  1.5196E-05 1.0029E-04 3.5255E-04 1.0880E-03 2.0971E-03 3.0453E-03 6.1149E-03
  8.4034E-03 5.0133E-03 3.4556E-03 3.0635E-03 2.5377E-03 1.7202E-03 1.3251E-03
  0.0000E+00 0.0000E+00 0.0000E+00 0.0000E+00 0.0000E+00 0.0000E+00 0.0000E+00
  6.0784E-06 4.9843E-05 1.0941E-04 3.5012E-04 1.9512E-03 7.3281E-03 1.8450E-02
  2.1147E-02 9.2645E-03 4.6676E-03 3.2465E-03 2.4393E-03 1.7220E-03 1.3251E-03
  0.0000E+00 0.0000E+00 0.0000E+00 0.0000E+00 0.0000E+00 0.0000E+00 0.0000E+00
  0.0000E+00 4.2549E-06 8.6921E-05 8.9900E-04 8.0350E-03 2.4983E-02 3.6137E-02
  3.2682E-02 1.4445E-02 6.2869E-03 3.7382E-03 3.0100E-03 2.0721E-03 1.3251E-03
  0.0000E+00 6.0784E-06 1.2157E-05 1.0333E-05 8.5098E-06 2.8338E-06 0.0000E+00
  0.0000E+00 1.2765E-05 4.7047E-04 3.1541E-03 1.3652E-02 3.7600E-02 4.6844E-02
  2.9371E-02 1.2010E-02 6.3848E-03 3.4586E-03 2.2247E-03 1.6235E-03 1.3251E-03
  0.0000E+00 0.0000E+00 0.0000E+00 0.0000E+00 0.0000E+00 0.0000E+00 0.0000E+00
  4.4372E-05 5.1180E-04 2.7961E-03 9.9455E-03 2.3788E-02 3.7497E-02 3.6852E-02
  2.3130E-02 1.0328E-02 6.2340E-03 3.5133E-03 1.9895E-03 1.4151E-03 1.3251E-03
  0.0000E+00 0.0000E+00 0.0000E+00 0.0000E+00 0.0000E+00 0.0000E+00 0.0000E+00
  2.1274E-04 2.8265E-03 6.7318E-03 1.9855E-02 3.2492E-02 2.7876E-02 1.7940E-02
  1.2233E-02 5.1915E-03 3.5498E-03 2.5773E-03 1.7172E-03 1.3160E-03 1.3251E-03
  0.0000E+00 0.0000E+00 0.0000E+00 0.0000E+00 0.0000E+00 0.0000E+00 5.4706E-06
  4.2549E-04 3.7267E-03 1.3251E-02 2.9106E-02 3.0345E-02 2.1499E-02 1.3565E-02
  8.9395E-03 5.6297E-03 3.3292E-03 1.9159E-03 1.1360E-03 1.0801E-03 1.3251E-03
  0.0000E+00 0.0000E+00 0.0000E+00 0.0000E+00 0.0000E+00 1.0541E-05 2.0545E-04
  1.4552E-03 7.1677E-03 1.9726E-02 2.8398E-02 2.5506E-02 1.9184E-02 1.0506E-02
  5.3745E-03 3.5918E-03 2.6800E-03 2.0746E-03 1.4716E-03 1.2060E-03 1.3251E-03
  8.5098E-06 1.0333E-05 1.4588E-05 1.7020E-05 2.1275E-05 8.3100E-05 7.5311E-04
  3.7571E-03 1.2467E-02 2.5604E-02 3.1705E-02 2.5487E-02 1.6195E-02 8.0004E-03
  4.4391E-03 2.3769E-03 1.6096E-03 1.2911E-03 9.6343E-04 1.0358E-03 1.3251E-03
  0.0000E+00 1.6412E-05 5.7137E-05 1.0759E-04 1.7931E-04 4.6491E-04 2.7608E-03
  1.0812E-02 2.3338E-02 3.1785E-02 3.1825E-02 2.6125E-02 1.6062E-02 7.2278E-03
  3.2945E-03 1.9392E-03 1.4290E-03 1.1835E-03 8.7651E-04 1.0121E-03 1.3251E-03
  5.6116E-05 2.8058E-05 0.0000E+00 2.3382E-05 1.6835E-04 7.7651E-04 4.0544E-03
  1.3603E-02 2.4901E-02 2.7352E-02 2.0515E-02 1.2402E-02 7.1361E-03 4.6810E-03
  2.2353E-03 9.8211E-04 7.6692E-04 6.7807E-04 5.8454E-04 6.3130E-04 7.2950E-04
  0.0000E+00 8.4174E-06 1.6835E-05 5.8922E-05 3.0583E-04 1.0559E-03 4.3275E-03
  1.2243E-02 2.0277E-02 2.3818E-02 2.0243E-02 1.0557E-02 5.4928E-03 1.9790E-03
  1.1981E-03 9.2841E-04 8.4735E-04 6.6217E-04 4.7792E-04 5.7051E-04 7.2950E-04
  1.3094E-04 1.6461E-04 2.9554E-04 9.1656E-04 2.2203E-03 3.7028E-03 6.3373E-03
  1.3236E-02 1.8571E-02 2.0926E-02 1.8644E-02 1.1657E-02 6.1699E-03 3.4624E-03
  1.9547E-03 1.1087E-03 9.3246E-04 7.6785E-04 5.8735E-04 6.1540E-04 7.2950E-04
  1.4964E-04 2.0576E-04 4.4799E-04 1.0017E-03 1.8116E-03 2.5846E-03 4.5351E-03
  9.8240E-03 1.6515E-02 1.9327E-02 1.6113E-02 1.3600E-02 9.3330E-03 5.5695E-03
  3.7551E-03 2.9799E-03 2.1745E-03 1.3290E-03 7.0987E-04 5.8735E-04 7.2950E-04
  8.7915E-05 1.0288E-04 1.7676E-04 3.2828E-04 4.7137E-04 3.5345E-04 5.8454E-04
  1.6414E-03 5.7332E-03 1.2642E-02 1.3993E-02 1.3300E-02 1.1535E-02 8.7307E-03
  6.7405E-03 3.8801E-03 2.1287E-03 1.2813E-03 7.8375E-04 6.4159E-04 7.2950E-04
  0.0000E+00 0.0000E+00 0.0000E+00 0.0000E+00 0.0000E+00 0.0000E+00 2.8058E-05
  7.7159E-04 3.7644E-03 7.6879E-03 1.1803E-02 1.2317E-02 1.1504E-02 1.1078E-02
  9.0534E-03 5.1820E-03 3.2547E-03 2.4036E-03 1.6554E-03 9.5397E-04 7.2950E-04
  0.0000E+00 0.0000E+00 0.0000E+00 0.0000E+00 0.0000E+00 0.0000E+00 9.3527E-07
  3.5166E-04 1.4721E-03 3.4530E-03 7.6411E-03 1.1433E-02 1.4147E-02 1.6130E-02
  1.2856E-02 8.3162E-03 4.9017E-03 2.9582E-03 1.7489E-03 9.7829E-04 7.2950E-04
  0.0000E+00 0.0000E+00 0.0000E+00 0.0000E+00 0.0000E+00 0.0000E+00 0.0000E+00
  8.4174E-05 5.4526E-04 1.5965E-03 4.7137E-03 9.8783E-03 1.4889E-02 1.8961E-02
  1.6030E-02 1.0311E-02 5.4993E-03 2.4102E-03 9.4088E-04 6.3785E-04 7.2950E-04
  0.0000E+00 0.0000E+00 0.0000E+00 0.0000E+00 0.0000E+00 0.0000E+00 0.0000E+00
  0.0000E+00 2.7964E-04 9.0721E-04 2.5439E-03 5.4741E-03 1.0519E-02 1.4073E-02
  1.2040E-02 6.5553E-03 3.4380E-03 1.6938E-03 7.8375E-04 6.0137E-04 7.2950E-04
  0.0000E+00 0.0000E+00 0.0000E+00 0.0000E+00 0.0000E+00 0.0000E+00 0.0000E+00
  0.0000E+00 9.3526E-05 4.4051E-04 1.3992E-03 2.8956E-03 4.6698E-03 6.1896E-03
  5.6340E-03 3.3056E-03 2.0005E-03 1.1644E-03 6.9022E-04 6.2195E-04 7.2950E-04
  0.0000E+00 0.0000E+00 4.6763E-06 2.8058E-05 4.6763E-05 1.5572E-05 0.0000E+00
  0.0000E+00 0.0000E+00 2.3382E-05 5.0504E-04 1.1691E-03 1.8097E-03 3.6288E-03
  5.1673E-03 2.9278E-03 1.8705E-03 1.6087E-03 1.3795E-03 9.5397E-04 7.2950E-04
  0.0000E+00 0.0000E+00 0.0000E+00 0.0000E+00 0.0000E+00 0.0000E+00 0.0000E+00
  0.0000E+00 0.0000E+00 0.0000E+00 1.0101E-04 1.1803E-03 4.6239E-03 1.1961E-02
  1.3558E-02 5.4138E-03 2.6749E-03 1.8612E-03 1.4497E-03 1.0110E-03 7.2950E-04
  2.8058E-05 1.4029E-05 0.0000E+00 0.0000E+00 0.0000E+00 0.0000E+00 0.0000E+00
  8.4173E-06 0.0000E+00 0.0000E+00 4.4799E-04 5.3085E-03 1.6071E-02 2.3259E-02
  2.0810E-02 8.9680E-03 3.8280E-03 2.0931E-03 1.6115E-03 1.1261E-03 7.2950E-04
  6.1727E-05 6.8274E-05 9.0721E-05 9.9138E-05 7.8562E-05 2.1801E-05 0.0000E+00
  0.0000E+00 0.0000E+00 1.6741E-04 1.9313E-03 8.8018E-03 2.3912E-02 2.9794E-02
  1.7810E-02 7.3666E-03 3.9197E-03 2.0791E-03 1.2505E-03 8.8289E-04 7.2950E-04
  1.6835E-05 8.4174E-06 3.3670E-05 8.7915E-05 9.9138E-05 6.3585E-05 0.0000E+00
  5.6116E-05 5.0972E-04 2.0248E-03 6.4458E-03 1.4909E-02 2.3783E-02 2.3162E-02
  1.3881E-02 5.8935E-03 3.5970E-03 2.0136E-03 1.0512E-03 7.3325E-04 7.2950E-04
  0.0000E+00 0.0000E+00 0.0000E+00 0.0000E+00 0.0000E+00 0.0000E+00 0.0000E+00
  1.2158E-04 1.8939E-03 4.6576E-03 1.2678E-02 1.9837E-02 1.7298E-02 1.1041E-02
  7.3278E-03 2.8747E-03 1.9781E-03 1.4684E-03 9.6332E-04 7.1548E-04 7.2950E-04
  0.0000E+00 0.0000E+00 0.0000E+00 0.0000E+00 0.0000E+00 0.0000E+00 0.0000E+00
  1.8705E-04 2.2633E-03 8.4857E-03 1.8597E-02 1.8528E-02 1.3074E-02 8.1826E-03
  4.9597E-03 3.1996E-03 1.9192E-03 1.0784E-03 6.4253E-04 6.1073E-04 7.2950E-04
  0.0000E+00 0.0000E+00 0.0000E+00 0.0000E+00 0.0000E+00 0.0000E+00 6.2663E-05
  8.7728E-04 4.7250E-03 1.3525E-02 1.8280E-02 1.5361E-02 1.1333E-02 6.1101E-03
  3.0733E-03 2.1014E-03 1.4637E-03 1.0278E-03 7.0893E-04 6.3785E-04 7.2950E-04
  0.0000E+00 0.0000E+00 0.0000E+00 0.0000E+00 0.0000E+00 0.0000E+00 3.8065E-04
  2.4036E-03 8.3145E-03 1.7327E-02 2.0090E-02 1.5425E-02 9.9072E-03 4.9625E-03
  2.7516E-03 1.4667E-03 9.4275E-04 7.0425E-04 4.7886E-04 5.3403E-04 7.2950E-04
  0.0000E+00 0.0000E+00 0.0000E+00 9.3525E-07 3.4605E-05 2.1082E-04 1.6723E-03
  7.0079E-03 1.5523E-02 2.2073E-02 2.0125E-02 1.5810E-02 9.8016E-03 4.2929E-03
  1.9584E-03 1.1224E-03 7.5382E-04 5.7145E-04 3.9562E-04 5.1627E-04 7.2950E-04
  1.7041E-04 8.5206E-05 0.0000E+00 1.4201E-05 1.9171E-04 1.0749E-03 5.9858E-03
  1.9967E-02 3.7193E-02 4.3263E-02 3.5481E-02 2.2885E-02 1.4222E-02 8.9183E-03
  4.5869E-03 2.7504E-03 2.1728E-03 1.7254E-03 1.4343E-03 1.7041E-03 2.0734E-03
  0.0000E+00 0.0000E+00 0.0000E+00 5.1124E-05 4.2035E-04 1.6156E-03 6.2328E-03
  1.7936E-02 2.9470E-02 3.7371E-02 3.4046E-02 1.9470E-02 1.0514E-02 5.1365E-03
  3.2790E-03 2.3688E-03 2.1571E-03 1.8192E-03 1.5010E-03 1.7226E-03 2.0734E-03
  2.1586E-04 3.3372E-04 6.0355E-04 1.6246E-03 3.7988E-03 6.3011E-03 9.1980E-03
  1.7997E-02 2.7354E-02 3.1820E-02 3.1815E-02 2.2987E-02 1.4249E-02 8.2948E-03
  5.1820E-03 3.3609E-03 3.3600E-03 2.8161E-03 1.9597E-03 1.8220E-03 2.0734E-03
  3.3230E-04 4.4023E-04 9.0603E-04 1.9058E-03 3.3032E-03 4.5095E-03 6.6106E-03
  1.4140E-02 2.5928E-02 2.9956E-02 3.0441E-02 3.0001E-02 2.2503E-02 1.4141E-02
  9.8825E-03 7.2428E-03 5.6293E-03 3.7661E-03 2.1941E-03 1.7709E-03 2.0734E-03
  1.8745E-04 2.2154E-04 3.7065E-04 6.3905E-04 8.9467E-04 5.3657E-04 8.2508E-04
  2.4241E-03 8.5789E-03 2.0362E-02 2.7090E-02 3.0419E-02 2.8077E-02 2.2543E-02
  1.9444E-02 1.1992E-02 7.0849E-03 4.4705E-03 2.9226E-03 2.1302E-03 2.0734E-03
  0.0000E+00 0.0000E+00 0.0000E+00 0.0000E+00 0.0000E+00 0.0000E+00 2.8402E-05
  1.1432E-03 5.4035E-03 1.1915E-02 2.1422E-02 2.6670E-02 3.0397E-02 3.2478E-02
  2.7238E-02 1.7441E-02 1.1162E-02 7.4982E-03 4.8213E-03 2.7621E-03 2.0734E-03
  0.0000E+00 0.0000E+00 0.0000E+00 0.0000E+00 0.0000E+00 0.0000E+00 0.0000E+00
  5.3396E-04 2.1032E-03 5.1110E-03 1.2284E-02 2.1875E-02 3.6549E-02 4.8102E-02
  3.9570E-02 2.5446E-02 1.5128E-02 8.6612E-03 4.5557E-03 2.4852E-03 2.0734E-03
  0.0000E+00 0.0000E+00 0.0000E+00 0.0000E+00 0.0000E+00 0.0000E+00 0.0000E+00
  6.3905E-05 6.6035E-04 2.1926E-03 7.1318E-03 1.7712E-02 3.7450E-02 5.9079E-02
  5.0148E-02 2.8645E-02 1.5672E-02 8.0406E-03 3.7136E-03 2.1429E-03 2.0734E-03
  0.0000E+00 0.0000E+00 0.0000E+00 0.0000E+00 0.0000E+00 0.0000E+00 0.0000E+00
  0.0000E+00 2.4852E-04 1.1418E-03 4.0331E-03 1.0720E-02 2.7260E-02 4.6699E-02
  4.4415E-02 2.4740E-02 1.3181E-02 6.6773E-03 3.0419E-03 1.9115E-03 2.0734E-03
  0.0000E+00 0.0000E+00 0.0000E+00 0.0000E+00 0.0000E+00 0.0000E+00 0.0000E+00
  0.0000E+00 6.3905E-05 4.7715E-04 2.1997E-03 5.7457E-03 1.4531E-02 2.8323E-02
  3.1011E-02 1.9632E-02 1.0817E-02 5.5498E-03 2.7536E-03 1.9427E-03 2.0734E-03
  0.0000E+00 0.0000E+00 0.0000E+00 1.4201E-05 2.8402E-05 9.4579E-06 0.0000E+00
  0.0000E+00 0.0000E+00 1.4201E-05 7.7396E-04 2.5562E-03 8.0378E-03 2.1018E-02
  2.7578E-02 1.5860E-02 8.7762E-03 5.7585E-03 3.7349E-03 2.4071E-03 2.0734E-03
  0.0000E+00 0.0000E+00 0.0000E+00 0.0000E+00 0.0000E+00 0.0000E+00 0.0000E+00
  0.0000E+00 0.0000E+00 0.0000E+00 3.4793E-04 3.6184E-03 1.3718E-02 3.7542E-02
  4.4581E-02 1.8923E-02 8.4170E-03 4.9391E-03 3.2023E-03 2.2736E-03 2.0734E-03
  1.7041E-05 8.5206E-06 0.0000E+00 0.0000E+00 0.0000E+00 0.0000E+00 0.0000E+00
  4.2603E-06 0.0000E+00 4.2603E-05 1.5365E-03 1.4364E-02 3.7019E-02 5.7357E-02
  5.8917E-02 2.4786E-02 9.9109E-03 5.7088E-03 4.0047E-03 2.6229E-03 2.0734E-03
  5.6804E-05 7.1005E-05 1.1361E-04 1.4059E-04 1.1929E-04 3.3103E-05 0.0000E+00
  0.0000E+00 0.0000E+00 4.3455E-04 4.2078E-03 1.7667E-02 4.7014E-02 6.3546E-02
  4.6596E-02 2.2409E-02 1.0411E-02 5.4731E-03 3.4409E-03 2.3815E-03 2.0734E-03
  5.1124E-05 2.5562E-05 6.3905E-05 1.5905E-04 1.6473E-04 9.9388E-05 0.0000E+00
  1.1219E-04 9.4437E-04 3.2847E-03 1.0185E-02 2.5257E-02 4.4567E-02 4.7190E-02
  3.3658E-02 1.8818E-02 1.0586E-02 5.7969E-03 3.2634E-03 2.2750E-03 2.0734E-03
  0.0000E+00 0.0000E+00 0.0000E+00 0.0000E+00 0.0000E+00 0.0000E+00 0.0000E+00
  1.9881E-04 2.9467E-03 7.3632E-03 1.8582E-02 3.1967E-02 3.4998E-02 2.7181E-02
  1.8795E-02 1.1395E-02 8.1017E-03 5.4674E-03 3.2520E-03 2.1870E-03 2.0734E-03
  0.0000E+00 0.0000E+00 0.0000E+00 0.0000E+00 0.0000E+00 0.0000E+00 0.0000E+00
  3.8911E-04 3.4665E-03 1.2471E-02 2.7739E-02 3.0870E-02 2.5964E-02 1.9076E-02
  1.3454E-02 8.7110E-03 5.4021E-03 3.2080E-03 1.8731E-03 1.7269E-03 2.0734E-03
  0.0000E+00 0.0000E+00 0.0000E+00 0.0000E+00 0.0000E+00 0.0000E+00 1.0509E-04
  1.6005E-03 7.7254E-03 2.0405E-02 2.9673E-02 2.7845E-02 2.1374E-02 1.3548E-02
  8.0463E-03 5.2415E-03 3.9309E-03 3.0191E-03 2.2154E-03 1.9115E-03 2.0734E-03
  0.0000E+00 0.0000E+00 0.0000E+00 0.0000E+00 0.0000E+00 0.0000E+00 6.2059E-04
  3.9635E-03 1.3272E-02 2.7837E-02 3.3649E-02 2.7571E-02 1.8551E-02 9.9791E-03
  6.1576E-03 3.7664E-03 2.8714E-03 2.3886E-03 1.8206E-03 1.7581E-03 2.0734E-03
  0.0000E+00 0.0000E+00 0.0000E+00 0.0000E+00 2.4142E-05 3.0592E-04 2.7309E-03
  1.0848E-02 2.4798E-02 3.6206E-02 3.5469E-02 2.9635E-02 1.8785E-02 8.1457E-03
  3.9905E-03 3.0704E-03 2.4326E-03 1.8362E-03 1.2809E-03 1.5437E-03 2.0734E-03
  1.6368E-04 8.1838E-05 0.0000E+00 0.0000E+00 9.6280E-05 6.6136E-04 3.9379E-03
  1.3070E-02 2.4802E-02 3.0497E-02 2.6997E-02 1.8260E-02 1.1934E-02 7.2836E-03
  3.9186E-03 2.7056E-03 2.1615E-03 1.6368E-03 1.3287E-03 1.6656E-03 2.0797E-03
  0.0000E+00 0.0000E+00 0.0000E+00 8.6652E-06 2.5514E-04 1.0979E-03 4.0072E-03
  1.1710E-02 1.9095E-02 2.6146E-02 2.5334E-02 1.5523E-02 8.6113E-03 4.9103E-03
  3.2215E-03 2.2569E-03 2.0614E-03 1.7927E-03 1.5424E-03 1.7571E-03 2.0797E-03
  2.4263E-04 3.2254E-04 5.0836E-04 1.2045E-03 2.7305E-03 4.6001E-03 5.8654E-03
  1.0774E-02 1.7963E-02 2.1612E-02 2.3954E-02 1.9172E-02 1.2966E-02 7.6803E-03
  5.0172E-03 3.4198E-03 3.5961E-03 3.0377E-03 2.0652E-03 1.8495E-03 2.0797E-03
  3.0810E-04 3.8127E-04 6.9033E-04 1.3162E-03 2.1692E-03 3.0883E-03 4.1853E-03
  9.0378E-03 1.8070E-02 2.0732E-02 2.4690E-02 2.6677E-02 2.0905E-02 1.3435E-02
  9.5472E-03 6.7431E-03 5.4052E-03 3.7424E-03 2.2414E-03 1.8062E-03 2.0797E-03
  1.8486E-04 2.0508E-04 2.7729E-04 3.8127E-04 4.4193E-04 2.4252E-04 5.3243E-04
  1.5983E-03 5.7210E-03 1.4587E-02 2.2327E-02 2.7536E-02 2.6197E-02 2.1561E-02
  1.9444E-02 1.2284E-02 7.4251E-03 4.7437E-03 3.1484E-03 2.2299E-03 2.0797E-03
  0.0000E+00 0.0000E+00 0.0000E+00 0.0000E+00 0.0000E+00 0.0000E+00 9.6280E-06
  7.5580E-04 3.4517E-03 8.2512E-03 1.6897E-02 2.3483E-02 2.9361E-02 3.2639E-02
  2.7613E-02 1.8318E-02 1.1785E-02 7.7024E-03 4.8333E-03 2.7681E-03 2.0797E-03
  0.0000E+00 0.0000E+00 0.0000E+00 0.0000E+00 0.0000E+00 0.0000E+00 0.0000E+00
  3.5431E-04 1.3373E-03 3.3929E-03 8.7971E-03 1.7883E-02 3.4996E-02 4.8629E-02
  4.0420E-02 2.5932E-02 1.5459E-02 8.6816E-03 4.3779E-03 2.3820E-03 2.0797E-03
  0.0000E+00 0.0000E+00 0.0000E+00 0.0000E+00 0.0000E+00 0.0000E+00 0.0000E+00
  0.0000E+00 3.3120E-04 1.3229E-03 4.8179E-03 1.3846E-02 3.5466E-02 6.0593E-02
  5.1497E-02 2.8226E-02 1.5587E-02 8.4159E-03 4.0601E-03 2.2549E-03 2.0797E-03
  0.0000E+00 0.0000E+00 0.0000E+00 0.0000E+00 0.0000E+00 0.0000E+00 0.0000E+00
  0.0000E+00 4.9103E-05 6.2390E-04 2.8595E-03 8.9108E-03 2.6145E-02 4.8831E-02
  4.7837E-02 2.6794E-02 1.4337E-02 7.3231E-03 3.3274E-03 1.9891E-03 2.0797E-03
  0.0000E+00 0.0000E+00 0.0000E+00 0.0000E+00 0.0000E+00 0.0000E+00 0.0000E+00
  0.0000E+00 0.0000E+00 1.9352E-04 1.5434E-03 4.8015E-03 1.4896E-02 3.2041E-02
  3.6258E-02 2.3211E-02 1.2599E-02 6.3266E-03 3.0242E-03 2.0036E-03 2.0797E-03
  0.0000E+00 0.0000E+00 0.0000E+00 0.0000E+00 0.0000E+00 0.0000E+00 0.0000E+00
  0.0000E+00 0.0000E+00 0.0000E+00 5.2954E-04 2.2674E-03 9.0359E-03 2.4759E-02
  3.2081E-02 1.8498E-02 9.9843E-03 6.1475E-03 3.6346E-03 2.2867E-03 2.0797E-03
  0.0000E+00 0.0000E+00 0.0000E+00 0.0000E+00 0.0000E+00 0.0000E+00 0.0000E+00
  0.0000E+00 0.0000E+00 0.0000E+00 3.6779E-04 3.7106E-03 1.3833E-02 3.8593E-02
  4.6502E-02 2.0073E-02 8.6604E-03 4.7803E-03 2.8489E-03 2.0517E-03 2.0797E-03
  4.6215E-05 2.3107E-05 0.0000E+00 0.0000E+00 0.0000E+00 0.0000E+00 0.0000E+00
  0.0000E+00 0.0000E+00 6.7396E-05 1.6194E-03 1.4016E-02 3.3660E-02 5.3830E-02
  5.8461E-02 2.4387E-02 9.5077E-03 5.5997E-03 3.7809E-03 2.4099E-03 2.0797E-03
  1.4827E-04 1.5790E-04 1.8678E-04 1.9063E-04 1.7523E-04 5.8352E-05 0.0000E+00
  0.0000E+00 0.0000E+00 4.2363E-04 3.7106E-03 1.4889E-02 3.9133E-02 5.5494E-02
  4.4868E-02 2.2809E-02 1.0085E-02 5.2877E-03 3.3785E-03 2.3300E-03 2.0797E-03
  1.2131E-04 6.0657E-05 9.5318E-05 2.3878E-04 2.9751E-04 2.4388E-04 0.0000E+00
  1.1072E-04 7.6446E-04 2.3598E-03 7.1584E-03 1.8900E-02 3.5947E-02 4.0135E-02
  3.1359E-02 1.9462E-02 1.0651E-02 5.7961E-03 3.3592E-03 2.3483E-03 2.0797E-03
  0.0000E+00 0.0000E+00 0.0000E+00 0.0000E+00 4.8140E-06 3.2061E-06 0.0000E+00
  1.5405E-04 2.0460E-03 5.1895E-03 1.2141E-02 2.2924E-02 2.9640E-02 2.5490E-02
  1.7942E-02 1.2495E-02 8.9348E-03 5.8875E-03 3.4083E-03 2.2337E-03 2.0797E-03
  0.0000E+00 0.0000E+00 0.0000E+00 0.0000E+00 0.0000E+00 0.0000E+00 0.0000E+00
  3.2735E-04 2.3800E-03 8.1665E-03 1.8478E-02 2.2777E-02 2.1747E-02 1.7454E-02
  1.3130E-02 8.5166E-03 5.3493E-03 3.2312E-03 1.8621E-03 1.7148E-03 2.0797E-03
  0.0000E+00 0.0000E+00 0.0000E+00 0.0000E+00 0.0000E+00 0.0000E+00 8.3764E-05
  1.2738E-03 5.6045E-03 1.3743E-02 2.1424E-02 2.1932E-02 1.7319E-02 1.2067E-02
  7.7429E-03 4.9395E-03 3.8204E-03 3.0367E-03 2.2780E-03 1.9516E-03 2.0797E-03
  0.0000E+00 0.0000E+00 0.0000E+00 0.0000E+00 0.0000E+00 0.0000E+00 4.5637E-04
  2.8971E-03 9.4278E-03 1.9918E-02 2.4952E-02 2.1500E-02 1.4959E-02 8.4130E-03
  5.5043E-03 3.6024E-03 2.9231E-03 2.5110E-03 1.9728E-03 1.8438E-03 2.0797E-03
  0.0000E+00 0.0000E+00 0.0000E+00 0.0000E+00 6.7395E-06 2.0228E-04 1.9891E-03
  7.5137E-03 1.7654E-02 2.6371E-02 2.7385E-02 2.3918E-02 1.5374E-02 6.6347E-03
  3.3871E-03 3.0130E-03 2.5293E-03 1.9102E-03 1.3489E-03 1.5809E-03 2.0797E-03
  2.1142E-04 1.0571E-04 1.5545E-05 7.1509E-05 1.8965E-04 5.4941E-04 2.4095E-03
  7.6639E-03 1.4361E-02 1.7989E-02 1.7545E-02 1.2533E-02 8.8733E-03 5.8917E-03
  3.0967E-03 1.9775E-03 1.6882E-03 1.4550E-03 1.2778E-03 1.5297E-03 1.8530E-03
  0.0000E+00 0.0000E+00 0.0000E+00 5.5342E-05 2.9847E-04 9.8977E-04 2.5830E-03
  6.1056E-03 1.0589E-02 1.5230E-02 1.6053E-02 1.0458E-02 6.5720E-03 4.2626E-03
  2.8119E-03 1.8874E-03 1.7660E-03 1.6217E-03 1.3674E-03 1.5284E-03 1.8530E-03
  1.0695E-04 1.3742E-04 2.9288E-04 9.5138E-04 2.4848E-03 4.6949E-03 5.3308E-03
  6.5210E-03 1.0308E-02 1.3208E-02 1.4985E-02 1.2448E-02 9.6605E-03 6.1809E-03
  4.1830E-03 2.7459E-03 2.8765E-03 2.6259E-03 2.0943E-03 1.8300E-03 1.8530E-03
  1.6665E-04 2.1639E-04 4.4335E-04 1.0123E-03 1.9357E-03 3.0132E-03 3.3982E-03
  5.2519E-03 1.1344E-02 1.3655E-02 1.7923E-02 2.0112E-02 1.6324E-02 1.1197E-02
  8.5848E-03 6.1116E-03 4.5890E-03 3.1134E-03 1.9251E-03 1.6173E-03 1.8530E-03
  1.4426E-04 1.5608E-04 2.1328E-04 3.2210E-04 4.2035E-04 4.6181E-04 7.1136E-04
  1.2076E-03 3.7831E-03 9.4815E-03 1.5461E-02 2.0685E-02 2.1279E-02 1.8660E-02
  1.6768E-02 1.0513E-02 6.4756E-03 4.1345E-03 2.6035E-03 1.8667E-03 1.8530E-03
  0.0000E+00 0.0000E+00 0.0000E+00 0.0000E+00 6.2182E-06 6.2207E-05 2.5805E-04
  7.7105E-04 2.4344E-03 5.5248E-03 1.1799E-02 1.8176E-02 2.4823E-02 2.8178E-02
  2.4621E-02 1.6028E-02 1.0188E-02 6.5819E-03 3.9516E-03 2.2727E-03 1.8530E-03
  3.3578E-05 2.7982E-05 2.2385E-05 3.4200E-05 4.6636E-05 7.2973E-05 2.0707E-04
  4.9683E-04 1.0645E-03 2.2989E-03 5.7338E-03 1.2980E-02 2.9864E-02 4.4014E-02
  3.8572E-02 2.4139E-02 1.4537E-02 8.4293E-03 4.2719E-03 2.2050E-03 1.8530E-03
  7.4618E-05 7.4618E-05 7.4618E-05 8.5189E-05 1.0198E-04 1.3889E-04 2.1453E-04
  4.0418E-04 6.1560E-04 1.1479E-03 3.2596E-03 9.9951E-03 2.8025E-02 5.0622E-02
  4.6829E-02 2.6661E-02 1.4410E-02 7.6906E-03 3.7937E-03 2.1279E-03 1.8530E-03
  1.0073E-04 1.0509E-04 1.2001E-04 1.2188E-04 1.0882E-04 1.1525E-04 1.4924E-04
  2.6489E-04 4.0045E-04 7.5426E-04 1.9513E-03 6.5769E-03 2.1744E-02 4.5488E-02
  4.9721E-02 3.0473E-02 1.5879E-02 7.4923E-03 3.1968E-03 1.8617E-03 1.8530E-03
  1.3680E-04 1.5110E-04 1.8592E-04 1.8654E-04 1.4675E-04 1.4095E-04 1.5483E-04
  2.0023E-04 2.4935E-04 4.8626E-04 1.0944E-03 3.8304E-03 1.4194E-02 3.2956E-02
  4.1441E-02 2.6975E-02 1.4394E-02 6.9115E-03 2.9978E-03 1.8008E-03 1.8530E-03
  1.8033E-04 2.0520E-04 2.6738E-04 2.7360E-04 2.0520E-04 1.6374E-04 2.0209E-04
  1.6789E-04 1.5856E-04 2.8604E-04 5.2854E-04 2.1328E-03 1.0844E-02 2.9692E-02
  3.8264E-02 2.3511E-02 1.1793E-02 6.0907E-03 3.2055E-03 2.0022E-03 1.8530E-03
  2.2883E-04 2.0458E-04 1.5608E-04 1.2374E-04 1.2561E-04 1.7454E-04 4.6450E-04
  3.1526E-04 1.5545E-04 2.7671E-04 5.0181E-04 2.7888E-03 1.2655E-02 3.6494E-02
  4.2871E-02 2.1673E-02 1.0170E-02 5.1182E-03 2.7298E-03 1.8766E-03 1.8530E-03
  1.1317E-04 9.0163E-05 7.5240E-05 9.1407E-05 1.0757E-04 1.2146E-04 1.4177E-04
  7.6483E-05 3.4822E-05 1.9276E-04 1.2536E-03 8.8970E-03 2.3604E-02 4.0874E-02
  4.5230E-02 1.9953E-02 8.1986E-03 4.6748E-03 3.1184E-03 2.0918E-03 1.8530E-03
  1.4924E-04 1.5545E-04 1.7846E-04 1.9712E-04 1.9028E-04 1.0940E-04 6.9022E-05
  6.5913E-05 9.3272E-05 7.0949E-04 2.9741E-03 1.0057E-02 2.6034E-02 3.9131E-02
  3.5284E-02 1.9378E-02 8.8143E-03 4.4112E-03 2.6807E-03 1.9587E-03 1.8530E-03
  1.1193E-04 5.5964E-05 7.3374E-05 1.6540E-04 1.8468E-04 1.6125E-04 3.6687E-05
  1.4177E-04 5.7642E-04 1.7063E-03 4.8272E-03 1.3623E-02 2.5740E-02 2.9126E-02
  2.5449E-02 1.7000E-02 9.2856E-03 5.1088E-03 3.0444E-03 2.1192E-03 1.8530E-03
  0.0000E+00 0.0000E+00 3.1091E-06 1.2436E-05 1.8654E-05 1.8654E-05 5.2854E-05
  2.3629E-04 1.2747E-03 3.2801E-03 7.4991E-03 1.5194E-02 2.2277E-02 2.1652E-02
  1.5719E-02 1.0932E-02 7.7820E-03 4.9465E-03 2.7888E-03 1.8934E-03 1.8530E-03
  0.0000E+00 0.0000E+00 0.0000E+00 0.0000E+00 0.0000E+00 0.0000E+00 8.0836E-06
  3.2832E-04 1.6571E-03 5.0492E-03 1.1558E-02 1.5781E-02 1.6627E-02 1.4289E-02
  1.1226E-02 7.6160E-03 4.7289E-03 2.7708E-03 1.5564E-03 1.4787E-03 1.8530E-03
  0.0000E+00 0.0000E+00 0.0000E+00 0.0000E+00 0.0000E+00 0.0000E+00 7.0265E-05
  8.9106E-04 3.8702E-03 8.9902E-03 1.4138E-02 1.5202E-02 1.2858E-02 8.9971E-03
  6.5664E-03 4.3821E-03 3.3186E-03 2.7211E-03 2.2043E-03 1.8592E-03 1.8530E-03
  0.0000E+00 0.0000E+00 0.0000E+00 0.0000E+00 0.0000E+00 0.0000E+00 3.8490E-04
  1.9693E-03 6.2996E-03 1.3000E-02 1.6743E-02 1.5323E-02 1.1167E-02 6.1914E-03
  4.2532E-03 2.9103E-03 2.4730E-03 2.1938E-03 1.7430E-03 1.6416E-03 1.8530E-03
  0.0000E+00 0.0000E+00 0.0000E+00 0.0000E+00 3.0469E-05 2.0361E-04 1.1839E-03
  4.5648E-03 1.1404E-02 1.7194E-02 1.8914E-02 1.6798E-02 1.0906E-02 4.9870E-03
  2.3666E-03 2.0740E-03 1.8866E-03 1.5707E-03 1.1802E-03 1.4134E-03 1.8530E-03
  1.7098E-04 8.5488E-05 1.9881E-06 2.9821E-05 1.0934E-04 3.5132E-04 1.6223E-03
  4.7972E-03 8.4116E-03 1.0909E-02 1.1058E-02 8.3798E-03 6.4493E-03 4.5726E-03
  2.3082E-03 1.3334E-03 1.1531E-03 1.0676E-03 1.0040E-03 1.1809E-03 1.3917E-03
  1.8290E-05 1.6302E-05 1.8290E-05 5.6859E-05 2.0199E-04 6.3874E-04 1.7320E-03
  3.8477E-03 6.3273E-03 8.9718E-03 9.2521E-03 6.8322E-03 4.7253E-03 3.1265E-03
  2.3567E-03 1.4750E-03 1.3479E-03 1.3523E-03 1.2648E-03 1.2756E-03 1.3917E-03
  8.6680E-05 1.0775E-04 1.8410E-04 4.2863E-04 9.1412E-04 1.5625E-03 2.1014E-03
  3.4815E-03 5.7734E-03 7.7368E-03 8.8617E-03 8.0243E-03 6.7440E-03 4.3654E-03
  3.1428E-03 2.0170E-03 2.0426E-03 1.9400E-03 1.6954E-03 1.4660E-03 1.3917E-03
  1.3280E-04 1.5666E-04 2.5288E-04 4.5368E-04 7.3996E-04 1.0776E-03 1.4907E-03
  2.8171E-03 6.0426E-03 8.1503E-03 1.1548E-02 1.3573E-02 1.1374E-02 7.8537E-03
  6.1205E-03 4.6595E-03 3.4879E-03 2.3392E-03 1.4449E-03 1.2223E-03 1.3917E-03
  1.3360E-04 1.3678E-04 1.5825E-04 1.9921E-04 2.3777E-04 2.6906E-04 4.8708E-04
  8.0438E-04 2.2008E-03 5.7384E-03 1.0239E-02 1.4503E-02 1.5283E-02 1.3331E-02
  1.2057E-02 7.9076E-03 4.9694E-03 3.1308E-03 1.9189E-03 1.3901E-03 1.3917E-03
  3.5785E-05 3.3797E-05 3.1809E-05 3.7774E-05 5.9642E-05 1.1798E-04 2.6243E-04
  5.4672E-04 1.3937E-03 3.3340E-03 7.4792E-03 1.2545E-02 1.7787E-02 2.0175E-02
  1.8107E-02 1.1970E-02 7.4454E-03 4.6004E-03 2.6521E-03 1.5925E-03 1.3917E-03
  9.1452E-05 8.7873E-05 8.4295E-05 8.8668E-05 9.7416E-05 1.1876E-04 2.0080E-04
  3.8012E-04 6.9662E-04 1.4127E-03 3.5499E-03 8.8816E-03 2.1575E-02 3.3659E-02
  3.0476E-02 1.8998E-02 1.1150E-02 6.1646E-03 2.9869E-03 1.5829E-03 1.3917E-03
  1.5109E-04 1.4314E-04 1.3241E-04 1.3360E-04 1.3638E-04 1.4951E-04 2.2267E-04
  2.9543E-04 4.2664E-04 7.1770E-04 2.0032E-03 6.6994E-03 1.9628E-02 3.7215E-02
  3.6365E-02 2.1346E-02 1.1283E-02 5.7535E-03 2.7153E-03 1.5400E-03 1.3917E-03
  1.3519E-04 1.3280E-04 1.3320E-04 1.3718E-04 1.4115E-04 1.5455E-04 1.6899E-04
  2.0437E-04 3.1491E-04 5.0935E-04 1.3276E-03 4.7921E-03 1.6203E-02 3.5693E-02
  4.1352E-02 2.6541E-02 1.3668E-02 6.2374E-03 2.6139E-03 1.4764E-03 1.3917E-03
  1.5666E-04 1.5268E-04 1.5268E-04 1.5268E-04 1.5229E-04 1.7072E-04 1.4553E-04
  1.9284E-04 2.8708E-04 3.6024E-04 7.4155E-04 3.0970E-03 1.2005E-02 3.0690E-02
  4.0807E-02 2.7692E-02 1.4631E-02 6.9376E-03 3.0219E-03 1.5913E-03 1.3917E-03
  1.3519E-04 1.4115E-04 1.4712E-04 1.3917E-04 1.2724E-04 1.2326E-04 1.4911E-04
  1.9284E-04 1.8290E-04 2.5845E-04 4.0358E-04 1.7614E-03 9.7913E-03 2.8587E-02
  3.8547E-02 2.4651E-02 1.2608E-02 6.2764E-03 3.1054E-03 1.7078E-03 1.3917E-03
  1.7575E-04 1.8807E-04 1.9602E-04 1.9006E-04 2.0239E-04 2.3593E-04 2.5527E-04
  1.9046E-04 1.5547E-04 2.4851E-04 4.9424E-04 2.4139E-03 9.8490E-03 2.7492E-02
  3.3845E-02 1.9454E-02 9.7142E-03 4.8724E-03 2.3730E-03 1.4537E-03 1.3917E-03
  1.4632E-04 1.4235E-04 1.4632E-04 1.7853E-04 2.4453E-04 3.6850E-04 5.2008E-04
  3.7972E-04 1.6819E-04 2.6402E-04 1.1539E-03 6.2136E-03 1.5325E-02 2.7152E-02
  2.9055E-02 1.4433E-02 6.6760E-03 3.7877E-03 2.3133E-03 1.5197E-03 1.3917E-03
  1.7177E-04 1.7575E-04 1.9046E-04 1.9841E-04 1.9801E-04 1.6592E-04 1.8092E-04
  1.8211E-04 1.4950E-04 5.4434E-04 2.3360E-03 6.5177E-03 1.5353E-02 2.4110E-02
  2.2806E-02 1.2831E-02 6.1937E-03 3.2696E-03 1.9181E-03 1.4084E-03 1.3917E-03
  1.1770E-04 8.2307E-05 9.8211E-05 1.6581E-04 1.8648E-04 1.6964E-04 7.5149E-05
  1.4632E-04 3.8768E-04 1.0489E-03 3.1070E-03 8.1293E-03 1.5082E-02 1.8308E-02
  1.7122E-02 1.1285E-02 6.2112E-03 3.5479E-03 2.0970E-03 1.4891E-03 1.3917E-03
  3.1809E-05 3.5785E-05 4.5726E-05 5.7654E-05 6.7595E-05 6.6267E-05 9.3440E-05
  2.4851E-04 8.2903E-04 1.9861E-03 4.4990E-03 9.1869E-03 1.3809E-02 1.4996E-02
  1.2718E-02 8.4409E-03 5.6859E-03 3.5885E-03 1.9583E-03 1.3360E-03 1.3917E-03
  9.5428E-06 9.9404E-06 1.3917E-05 2.1471E-05 2.9026E-05 3.2605E-05 5.7257E-05
  3.1213E-04 1.1801E-03 3.0851E-03 6.8493E-03 9.7742E-03 1.0696E-02 1.0378E-02
  8.5420E-03 5.4543E-03 3.4410E-03 2.0680E-03 1.1586E-03 1.0986E-03 1.3917E-03
  0.0000E+00 0.0000E+00 0.0000E+00 0.0000E+00 2.7833E-06 1.4584E-05 1.0616E-04
  7.0418E-04 2.6787E-03 5.5165E-03 8.6462E-03 9.8267E-03 8.1499E-03 6.0947E-03
  4.6418E-03 3.1324E-03 2.3559E-03 1.8231E-03 1.3726E-03 1.2565E-03 1.3917E-03
  0.0000E+00 0.0000E+00 0.0000E+00 0.0000E+00 8.3499E-06 4.0038E-05 2.9265E-04
  1.3547E-03 4.1344E-03 7.8847E-03 1.0386E-02 1.0122E-02 7.3889E-03 4.2310E-03
  2.9742E-03 2.1655E-03 1.7809E-03 1.4692E-03 1.1026E-03 1.1348E-03 1.3917E-03
  0.0000E+00 0.0000E+00 0.0000E+00 0.0000E+00 2.5050E-05 1.3072E-04 7.9881E-04
  2.9292E-03 7.0096E-03 1.0590E-02 1.2264E-02 1.1114E-02 7.2509E-03 3.6477E-03
  1.7328E-03 1.3692E-03 1.2195E-03 1.0338E-03 8.0637E-04 1.0354E-03 1.3917E-03
  9.5082E-05 4.7541E-05 0.0000E+00 1.8766E-05 7.7567E-05 2.3776E-04 9.4581E-04
  2.6435E-03 4.5827E-03 6.1678E-03 6.7533E-03 5.2458E-03 4.2424E-03 3.1089E-03
  1.5576E-03 8.7080E-04 7.2938E-04 6.4681E-04 5.7800E-04 7.1061E-04 8.7575E-04
  0.0000E+00 0.0000E+00 0.0000E+00 3.1027E-05 1.3462E-04 3.7808E-04 9.4231E-04
  1.9860E-03 3.3771E-03 4.9415E-03 5.2160E-03 4.4013E-03 3.2175E-03 2.1023E-03
  1.5804E-03 9.7621E-04 8.5924E-04 7.8067E-04 6.3404E-04 7.0310E-04 8.7575E-04
  5.9051E-05 7.7317E-05 1.3036E-04 2.8199E-04 5.4947E-04 8.7701E-04 1.2135E-03
  1.9940E-03 3.1765E-03 4.2872E-03 4.9385E-03 4.6415E-03 4.1363E-03 2.7651E-03
  1.9985E-03 1.2901E-03 1.2406E-03 1.0652E-03 7.8192E-04 7.5215E-04 8.7575E-04
  1.2411E-04 1.3987E-04 1.9942E-04 3.1752E-04 4.7066E-04 6.4627E-04 9.0528E-04
  1.6417E-03 3.3712E-03 4.6072E-03 6.6527E-03 7.8643E-03 6.7978E-03 4.8006E-03
  3.8873E-03 3.1204E-03 2.2782E-03 1.4883E-03 8.9902E-04 7.6641E-04 8.7575E-04
  1.5063E-04 1.5238E-04 1.6564E-04 1.8891E-04 2.1093E-04 2.3120E-04 3.7407E-04
  5.4622E-04 1.2688E-03 3.2330E-03 6.1250E-03 9.0841E-03 9.6130E-03 8.4100E-03
  7.8037E-03 5.1055E-03 3.1007E-03 1.9246E-03 1.1890E-03 8.7751E-04 8.7575E-04
  1.0759E-04 1.0509E-04 1.0134E-04 1.0259E-04 1.1635E-04 1.6099E-04 2.6898E-04
  4.4163E-04 8.9827E-04 2.0092E-03 4.6365E-03 7.8593E-03 1.1501E-02 1.2720E-02
  1.1377E-02 7.5566E-03 4.6465E-03 2.8912E-03 1.7290E-03 1.0434E-03 8.7575E-04
  1.5714E-04 1.5939E-04 1.6389E-04 1.6414E-04 1.6514E-04 1.8517E-04 2.5422E-04
  3.7607E-04 5.3121E-04 9.0703E-04 2.2542E-03 5.6501E-03 1.3548E-02 2.1420E-02
  2.0203E-02 1.2938E-02 7.5245E-03 4.0973E-03 1.9917E-03 1.0404E-03 8.7575E-04
  1.9517E-04 1.9517E-04 1.9517E-04 1.9517E-04 1.9767E-04 2.1152E-04 2.4321E-04
  2.9150E-04 4.0585E-04 5.2070E-04 1.2726E-03 4.0114E-03 1.1913E-02 2.3620E-02
  2.4843E-02 1.5393E-02 7.9886E-03 3.8748E-03 1.7838E-03 9.9260E-04 8.7575E-04
  2.0067E-04 2.0067E-04 2.0242E-04 1.9992E-04 1.9642E-04 2.0952E-04 2.4146E-04
  2.5097E-04 3.3229E-04 4.2236E-04 9.1128E-04 2.9638E-03 1.0454E-02 2.4021E-02
  2.8278E-02 1.8894E-02 9.7236E-03 4.3442E-03 1.7940E-03 9.7259E-04 8.7575E-04
  2.0418E-04 2.0943E-04 2.2519E-04 2.2820E-04 2.1494E-04 2.0851E-04 1.9892E-04
  2.2219E-04 2.7949E-04 3.2828E-04 5.8750E-04 2.1196E-03 8.6009E-03 2.2392E-02
  3.0027E-02 2.1542E-02 1.1717E-02 5.5082E-03 2.3095E-03 1.1042E-03 8.7575E-04
  2.1769E-04 2.3020E-04 2.5272E-04 2.4771E-04 2.1644E-04 1.9516E-04 1.9016E-04
  2.0017E-04 2.1393E-04 2.6273E-04 3.3904E-04 1.2523E-03 6.8109E-03 2.1148E-02
  3.0397E-02 2.0282E-02 1.0320E-02 4.9180E-03 2.2582E-03 1.1397E-03 8.7575E-04
  2.1018E-04 2.1268E-04 2.1268E-04 2.0743E-04 2.0693E-04 2.0918E-04 2.1418E-04
  2.0768E-04 2.1293E-04 2.5347E-04 4.8767E-04 1.9039E-03 6.7686E-03 1.8273E-02
  2.3719E-02 1.5016E-02 7.6238E-03 3.8481E-03 1.8874E-03 1.0434E-03 8.7575E-04
  2.1719E-04 2.1218E-04 2.1218E-04 2.2369E-04 2.3870E-04 2.6290E-04 2.7849E-04
  2.2569E-04 1.8066E-04 2.2269E-04 1.0904E-03 4.4110E-03 9.3425E-03 1.5861E-02
  1.7079E-02 9.3582E-03 4.6670E-03 2.6248E-03 1.5188E-03 9.6858E-04 8.7575E-04
  2.1969E-04 2.2219E-04 2.3045E-04 2.3445E-04 2.3420E-04 2.0767E-04 1.9342E-04
  1.7165E-04 1.7140E-04 4.7616E-04 1.9312E-03 4.6540E-03 9.1401E-03 1.3770E-02
  1.3406E-02 7.6292E-03 3.6707E-03 1.9094E-03 1.1350E-03 8.7000E-04 8.7575E-04
  1.6814E-04 1.4588E-04 1.5113E-04 1.8141E-04 1.8416E-04 1.7782E-04 1.3186E-04
  1.8491E-04 3.5505E-04 7.7967E-04 2.2624E-03 5.2903E-03 8.8326E-03 1.0652E-02
  1.0325E-02 6.6152E-03 3.5215E-03 1.9760E-03 1.1930E-03 8.9777E-04 8.7575E-04
  9.5082E-05 9.6333E-05 1.0259E-04 1.0884E-04 1.1010E-04 1.1010E-04 1.2260E-04
  2.3645E-04 6.5682E-04 1.2561E-03 2.7636E-03 5.4084E-03 8.1132E-03 9.2192E-03
  8.0282E-03 5.2701E-03 3.3829E-03 2.0217E-03 1.1034E-03 8.1070E-04 8.7575E-04
  6.7058E-05 6.7058E-05 6.9560E-05 7.4564E-05 7.7066E-05 8.0070E-05 1.0534E-04
  2.5897E-04 8.2596E-04 1.9657E-03 3.9864E-03 5.6929E-03 6.4173E-03 6.4408E-03
  5.3674E-03 3.5765E-03 2.2187E-03 1.3271E-03 7.6491E-04 7.1211E-04 8.7575E-04
  3.5030E-06 6.0052E-06 1.3512E-05 2.2770E-05 3.6281E-05 5.6554E-05 1.3286E-04
  5.7750E-04 1.8719E-03 3.4560E-03 5.0353E-03 5.6919E-03 4.7861E-03 3.7337E-03
  2.8542E-03 1.9929E-03 1.4820E-03 1.1603E-03 8.7525E-04 7.9018E-04 8.7575E-04
  1.0009E-05 1.1760E-05 1.3512E-05 1.5263E-05 2.4521E-05 5.5726E-05 2.4596E-04
  9.9160E-04 2.6696E-03 4.6618E-03 6.1936E-03 6.1786E-03 4.5474E-03 2.7631E-03
  1.9161E-03 1.3294E-03 1.0764E-03 8.7776E-04 6.5481E-04 6.9760E-04 8.7575E-04
  0.0000E+00 0.0000E+00 4.5039E-06 2.0768E-05 4.8792E-05 1.2280E-04 5.5022E-04
  1.8388E-03 4.1898E-03 6.1991E-03 7.6301E-03 7.0761E-03 4.7321E-03 2.4821E-03
  1.1350E-03 8.0555E-04 7.1536E-04 6.1753E-04 4.7416E-04 6.3179E-04 8.7575E-04
  6.5173E-05 3.2586E-05 0.0000E+00 9.4329E-06 5.5740E-05 1.8299E-04 7.2976E-04
  1.8934E-03 2.8822E-03 3.9447E-03 4.4309E-03 3.4344E-03 2.8667E-03 2.0289E-03
  1.0127E-03 5.5114E-04 4.7336E-04 4.2191E-04 3.7303E-04 4.7079E-04 5.8998E-04
  0.0000E+00 0.0000E+00 4.6307E-06 3.3958E-05 1.1731E-04 3.1049E-04 7.9339E-04
  1.3805E-03 2.0476E-03 3.1062E-03 3.3996E-03 3.0202E-03 2.3357E-03 1.5117E-03
  1.2134E-03 6.7829E-04 5.7455E-04 4.9874E-04 3.7337E-04 4.4300E-04 5.8998E-04
  4.4935E-05 5.3510E-05 7.9579E-05 1.7151E-04 3.5433E-04 6.0000E-04 8.1569E-04
  1.2729E-03 1.9463E-03 2.5875E-03 3.0547E-03 2.9844E-03 2.7072E-03 1.8085E-03
  1.2213E-03 8.1328E-04 7.9871E-04 7.0060E-04 5.0749E-04 4.9154E-04 5.8998E-04
  9.6730E-05 1.0411E-04 1.3875E-04 2.1404E-04 3.1952E-04 4.5156E-04 6.1588E-04
  1.0268E-03 1.9658E-03 2.7240E-03 3.8601E-03 4.7298E-03 4.1278E-03 3.0041E-03
  2.4411E-03 1.9421E-03 1.3935E-03 9.1842E-04 5.7060E-04 5.0680E-04 5.8998E-04
  1.2794E-04 1.2914E-04 1.3669E-04 1.5127E-04 1.7014E-04 1.9198E-04 2.9876E-04
  4.0304E-04 8.6319E-04 2.1136E-03 3.8716E-03 5.6177E-03 5.7096E-03 5.1353E-03
  5.0895E-03 3.3158E-03 2.0167E-03 1.2537E-03 7.7727E-04 5.8261E-04 5.8998E-04
  1.1148E-04 1.0891E-04 1.0633E-04 1.1148E-04 1.2949E-04 1.6752E-04 2.4097E-04
  3.3272E-04 6.2257E-04 1.3438E-03 2.9739E-03 4.9685E-03 6.9915E-03 7.7221E-03
  6.9186E-03 4.6850E-03 2.9353E-03 1.9123E-03 1.2031E-03 7.2376E-04 5.8998E-04
  1.5847E-04 1.5847E-04 1.6002E-04 1.6345E-04 1.7236E-04 1.9152E-04 2.3788E-04
  2.9002E-04 3.5896E-04 6.4967E-04 1.5856E-03 3.9009E-03 8.7340E-03 1.3538E-02
  1.2885E-02 8.3251E-03 4.8526E-03 2.6767E-03 1.3462E-03 7.1793E-04 5.8998E-04
  1.9758E-04 1.9758E-04 1.9878E-04 2.0118E-04 2.0649E-04 2.1839E-04 2.4611E-04
  2.5743E-04 2.8282E-04 3.7852E-04 9.2699E-04 2.8401E-03 7.8420E-03 1.4694E-02
  1.5408E-02 9.7242E-03 5.2579E-03 2.5952E-03 1.2048E-03 6.7231E-04 5.8998E-04
  2.0375E-04 2.0324E-04 2.0392E-04 2.0392E-04 2.0444E-04 2.1233E-04 2.1507E-04
  2.2450E-04 2.4577E-04 2.9636E-04 7.1072E-04 2.1344E-03 6.7807E-03 1.5725E-02
  1.8316E-02 1.2063E-02 6.4526E-03 2.9937E-03 1.2451E-03 6.5876E-04 5.8998E-04
  2.2330E-04 2.2141E-04 2.2450E-04 2.2810E-04 2.2313E-04 2.2090E-04 2.0838E-04
  2.0855E-04 2.2022E-04 2.5366E-04 4.6221E-04 1.6348E-03 5.9139E-03 1.5326E-02
  2.0393E-02 1.5098E-02 8.6923E-03 4.1877E-03 1.7344E-03 7.8927E-04 5.8998E-04
  2.1953E-04 2.1696E-04 2.1696E-04 2.2296E-04 2.2296E-04 2.1724E-04 2.1010E-04
  2.0581E-04 2.0495E-04 2.2725E-04 3.4044E-04 1.1388E-03 4.9583E-03 1.4416E-02
  2.1362E-02 1.4417E-02 7.5806E-03 3.6068E-03 1.5856E-03 7.7435E-04 5.8998E-04
  2.0855E-04 2.0529E-04 2.0066E-04 1.9946E-04 1.9809E-04 1.9883E-04 2.0529E-04
  2.0838E-04 2.0152E-04 2.2553E-04 4.4283E-04 1.6233E-03 4.9706E-03 1.2126E-02
  1.6530E-02 1.0466E-02 5.2503E-03 2.5659E-03 1.1968E-03 6.6939E-04 5.8998E-04
  2.1198E-04 2.0615E-04 2.0255E-04 2.0701E-04 2.0975E-04 2.1324E-04 2.1267E-04
  1.9466E-04 1.6550E-04 2.3565E-04 1.1455E-03 3.4802E-03 6.2394E-03 9.9441E-03
  1.0706E-02 6.1859E-03 3.1883E-03 1.7439E-03 9.6575E-04 6.3355E-04 5.8998E-04
  2.0066E-04 2.0238E-04 2.0752E-04 2.0975E-04 2.1130E-04 1.9871E-04 1.7974E-04
  1.5967E-04 1.6911E-04 4.8245E-04 1.8729E-03 3.5649E-03 5.7203E-03 8.3068E-03
  8.1437E-03 4.7504E-03 2.4093E-03 1.3173E-03 7.9493E-04 6.0199E-04 5.8998E-04
  1.5950E-04 1.4424E-04 1.4612E-04 1.6516E-04 1.6550E-04 1.6144E-04 1.3103E-04
  1.7820E-04 3.6479E-04 7.4760E-04 1.8655E-03 3.5432E-03 5.3586E-03 6.4469E-03
  6.0538E-03 3.6805E-03 2.0510E-03 1.2330E-03 7.8979E-04 6.1056E-04 5.8998E-04
  9.6044E-05 9.7759E-05 1.0205E-04 1.0633E-04 1.0805E-04 1.0576E-04 1.1577E-04
  2.4011E-04 6.7831E-04 1.1379E-03 1.9406E-03 3.4542E-03 4.9445E-03 5.4548E-03
  4.7490E-03 3.1395E-03 2.0649E-03 1.2597E-03 6.9117E-04 5.2996E-04 5.8998E-04
  6.6888E-05 6.8603E-05 7.1861E-05 7.5120E-05 7.8379E-05 8.1981E-05 1.0959E-04
  2.5023E-04 6.6219E-04 1.4120E-03 2.5376E-03 3.5147E-03 3.9774E-03 3.9440E-03
  3.2806E-03 2.1671E-03 1.3685E-03 8.3833E-04 4.9600E-04 4.7679E-04 5.8998E-04
  1.9552E-05 2.1781E-05 2.9671E-05 4.1162E-05 5.5568E-05 7.7871E-05 1.4475E-04
  5.0543E-04 1.4285E-03 2.3618E-03 3.1535E-03 3.4831E-03 2.9669E-03 2.3237E-03
  1.7888E-03 1.2648E-03 9.5289E-04 7.6561E-04 5.9684E-04 5.4008E-04 5.8998E-04
  7.5463E-06 1.0462E-05 1.9209E-05 3.3787E-05 5.2310E-05 7.9702E-05 2.1490E-04
  7.6423E-04 1.9054E-03 3.0355E-03 3.9822E-03 4.1024E-03 3.0293E-03 1.7825E-03
  1.2714E-03 8.8938E-04 6.9152E-04 5.5843E-04 4.2911E-04 4.7062E-04 5.8998E-04
  0.0000E+00 0.0000E+00 6.1743E-06 2.4011E-05 4.7164E-05 1.0075E-04 4.0613E-04
  1.3115E-03 2.7331E-03 3.9217E-03 4.9411E-03 4.9116E-03 3.3718E-03 1.6038E-03
  7.5189E-04 5.4004E-04 4.7113E-04 4.0030E-04 3.0923E-04 4.2345E-04 5.8998E-04
  8.2026E-05 4.3688E-05 1.1591E-05 4.2796E-05 1.1680E-04 2.7169E-04 8.0956E-04
  1.7912E-03 2.6739E-03 3.6609E-03 4.3144E-03 3.3800E-03 2.8558E-03 2.0872E-03
  1.0325E-03 5.6827E-04 4.8770E-04 4.3599E-04 3.9854E-04 5.6081E-04 7.3467E-04
  2.8531E-05 3.6199E-05 5.7240E-05 9.8075E-05 1.8331E-04 3.6621E-04 7.4733E-04
  1.4401E-03 2.0585E-03 2.9050E-03 3.2566E-03 2.6814E-03 2.2636E-03 1.6218E-03
  1.3879E-03 7.3330E-04 5.8060E-04 4.9394E-04 3.8071E-04 5.2336E-04 7.3467E-04
  2.4822E-04 2.6070E-04 2.9333E-04 3.9034E-04 5.7151E-04 7.8977E-04 9.1085E-04
  1.2944E-03 2.0499E-03 2.6899E-03 2.8805E-03 2.7933E-03 2.6396E-03 1.8310E-03
  1.2655E-03 9.1776E-04 8.1812E-04 6.5692E-04 4.7272E-04 5.5760E-04 7.3467E-04
  6.0771E-04 6.1894E-04 6.5674E-04 7.3396E-04 8.4630E-04 9.2084E-04 9.1584E-04
  1.2113E-03 2.1543E-03 2.6191E-03 3.3695E-03 4.3048E-03 3.9060E-03 2.8301E-03
  2.3920E-03 2.0258E-03 1.3989E-03 9.0193E-04 6.2358E-04 6.3481E-04 7.3467E-04
  9.4615E-04 9.4901E-04 9.5561E-04 9.7058E-04 9.9590E-04 9.3815E-04 8.3453E-04
  8.1099E-04 1.1658E-03 2.2773E-03 3.7115E-03 5.0849E-03 5.1059E-03 4.3765E-03
  4.3608E-03 3.0046E-03 1.8599E-03 1.1780E-03 8.4844E-04 7.4466E-04 7.3467E-04
  9.7718E-04 9.6648E-04 9.3349E-04 8.8446E-04 8.4433E-04 8.2263E-04 8.0867E-04
  7.4359E-04 8.5771E-04 1.5772E-03 3.1812E-03 4.8030E-03 6.2554E-03 6.8840E-03
  6.3089E-03 4.2700E-03 2.7158E-03 1.8055E-03 1.2821E-03 9.0942E-04 7.3467E-04
  6.4373E-04 6.4301E-04 6.3838E-04 6.2875E-04 6.1912E-04 6.1258E-04 6.1377E-04
  6.0254E-04 6.6512E-04 9.9002E-04 2.0783E-03 4.2851E-03 8.2798E-03 1.2299E-02
  1.1659E-02 7.4789E-03 4.4813E-03 2.5580E-03 1.4139E-03 8.7964E-04 7.3467E-04
  4.8645E-04 4.8467E-04 4.8146E-04 4.8039E-04 4.8716E-04 5.0143E-04 5.2087E-04
  5.3709E-04 5.9433E-04 7.6481E-04 1.4333E-03 3.3615E-03 7.7524E-03 1.3365E-02
  1.3462E-02 8.2873E-03 4.5751E-03 2.3445E-03 1.1924E-03 7.9191E-04 7.3467E-04
  3.9622E-04 3.9925E-04 4.1191E-04 4.3171E-04 4.5632E-04 4.8670E-04 5.1284E-04
  5.4351E-04 5.7454E-04 6.0610E-04 1.0114E-03 2.4665E-03 6.8059E-03 1.4776E-02
  1.6702E-02 1.0553E-02 5.6919E-03 2.7163E-03 1.1970E-03 7.4483E-04 7.3467E-04
  5.4244E-04 5.3763E-04 5.3299E-04 5.3549E-04 5.3995E-04 5.3828E-04 5.0678E-04
  5.0054E-04 5.3656E-04 5.9968E-04 8.3899E-04 2.0708E-03 5.8590E-03 1.3811E-02
  1.8421E-02 1.3640E-02 8.0084E-03 3.9175E-03 1.6673E-03 8.7019E-04 7.3467E-04
  1.2875E-03 1.2411E-03 1.1270E-03 1.0119E-03 9.3171E-04 8.4639E-04 6.7404E-04
  5.7418E-04 5.0821E-04 5.3317E-04 7.1505E-04 1.4863E-03 4.8547E-03 1.2812E-02
  1.8781E-02 1.2962E-02 7.1648E-03 3.5592E-03 1.6887E-03 9.4241E-04 7.3467E-04
  1.9583E-03 1.9577E-03 1.9519E-03 1.9456E-03 1.9180E-03 1.8058E-03 1.5528E-03
  1.2816E-03 6.9009E-04 4.5632E-04 6.9972E-04 1.9972E-03 5.0366E-03 1.1200E-02
  1.4895E-02 9.6843E-03 4.9815E-03 2.5312E-03 1.4808E-03 1.0043E-03 7.3467E-04
  1.8402E-03 1.8613E-03 1.9126E-03 1.9779E-03 2.0408E-03 2.0907E-03 2.0574E-03
  1.7163E-03 8.4344E-04 4.9269E-04 1.5817E-03 3.8631E-03 6.2659E-03 9.2720E-03
  9.8018E-03 5.8870E-03 2.9963E-03 1.6644E-03 1.2311E-03 9.6791E-04 7.3467E-04
  1.2400E-03 1.2450E-03 1.2694E-03 1.3133E-03 1.3823E-03 1.4381E-03 1.2793E-03
  8.1259E-04 4.8485E-04 7.9334E-04 2.4132E-03 3.8228E-03 5.4308E-03 7.3258E-03
  7.2058E-03 4.3298E-03 2.1571E-03 1.1785E-03 9.2547E-04 8.3560E-04 7.3467E-04
  4.1691E-04 3.7572E-04 3.3613E-04 3.1865E-04 2.9797E-04 3.0945E-04 3.0403E-04
  4.3509E-04 7.8906E-04 1.2201E-03 2.3003E-03 3.6436E-03 4.7124E-03 5.5125E-03
  5.1755E-03 3.2339E-03 1.8821E-03 1.1450E-03 7.9654E-04 7.2236E-04 7.3467E-04
  3.1384E-04 3.1295E-04 3.1027E-04 3.0136E-04 2.8442E-04 2.6747E-04 2.7283E-04
  4.3331E-04 1.1778E-03 1.6994E-03 2.3369E-03 3.4522E-03 4.1726E-03 4.5944E-03
  3.9373E-03 2.6019E-03 1.7689E-03 1.0886E-03 6.3124E-04 6.0093E-04 7.3467E-04
  4.8502E-04 4.8663E-04 4.8431E-04 4.7432E-04 4.6398E-04 4.6161E-04 5.0214E-04
  6.8599E-04 1.2110E-03 1.8707E-03 2.6459E-03 3.2317E-03 3.4558E-03 3.3923E-03
  2.8756E-03 1.9409E-03 1.2632E-03 8.0938E-04 5.7062E-04 6.1912E-04 7.3467E-04
  3.2240E-04 3.3880E-04 3.7999E-04 4.3563E-04 5.0161E-04 5.7741E-04 6.9865E-04
  1.1125E-03 1.9665E-03 2.5967E-03 3.0153E-03 3.2140E-03 2.7546E-03 2.1482E-03
  1.5997E-03 1.1377E-03 8.8250E-04 7.3627E-04 6.4426E-04 6.6602E-04 7.3467E-04
  2.3966E-04 2.5464E-04 2.9315E-04 3.4790E-04 4.1798E-04 4.9848E-04 6.9455E-04
  1.2564E-03 2.3048E-03 3.1325E-03 3.8214E-03 3.9007E-03 2.9249E-03 1.7172E-03
  1.1724E-03 8.3255E-04 6.7565E-04 5.6794E-04 4.9127E-04 5.9415E-04 7.3467E-04
  4.2083E-05 5.8845E-05 1.0628E-04 1.7850E-04 2.6498E-04 3.7557E-04 7.6819E-04
  1.5756E-03 2.7930E-03 3.7429E-03 4.6503E-03 4.9052E-03 3.6464E-03 1.6888E-03
  7.5036E-04 5.4306E-04 4.8502E-04 4.3189E-04 3.5913E-04 5.2639E-04 7.3467E-04
  0.0000E+00 0.0000E+00 0.0000E+00 0.0000E+00 1.8601E-03 1.6127E-02 1.2067E-01
  2.1996E-01 1.7787E-01 8.6029E-02 2.8599E-02 1.2091E-02 5.8128E-03 0.0000E+00
  0.0000E+00 0.0000E+00 0.0000E+00 0.0000E+00 0.0000E+00 0.0000E+00 0.0000E+00
  0.0000E+00 0.0000E+00 0.0000E+00 0.0000E+00 0.0000E+00 1.4082E-02 1.1188E-01
  2.7585E-01 2.7325E-01 1.0993E-01 1.7206E-02 9.4864E-03 2.7715E-02 7.8124E-03
  0.0000E+00 0.0000E+00 0.0000E+00 0.0000E+00 0.0000E+00 0.0000E+00 0.0000E+00
  5.5803E-03 6.0453E-03 4.7897E-03 3.7667E-03 6.6963E-03 2.4933E-02 8.0030E-02
  1.6657E-01 1.7490E-01 6.0778E-02 1.2184E-02 1.1207E-02 3.2552E-04 0.0000E+00
  0.0000E+00 0.0000E+00 0.0000E+00 0.0000E+00 0.0000E+00 0.0000E+00 0.0000E+00
  4.6502E-03 5.5803E-03 8.3704E-03 1.2230E-02 2.0880E-02 4.3596E-02 1.0579E-01
  2.5306E-01 2.5186E-01 5.3012E-02 8.1844E-03 2.4646E-03 0.0000E+00 0.0000E+00
  0.0000E+00 0.0000E+00 0.0000E+00 0.0000E+00 0.0000E+00 0.0000E+00 0.0000E+00
  3.6272E-03 4.3247E-03 7.1148E-03 8.7889E-03 1.1300E-02 6.5375E-03 4.6874E-02
  1.9140E-01 3.0375E-01 1.2602E-01 3.5388E-02 8.8354E-03 4.6502E-05 0.0000E+00
  0.0000E+00 0.0000E+00 0.0000E+00 0.0000E+00 0.0000E+00 0.0000E+00 0.0000E+00
  0.0000E+00 0.0000E+00 0.0000E+00 0.0000E+00 1.8601E-03 1.9229E-02 1.3718E-02
  4.5572E-02 1.4044E-01 1.4695E-01 7.0451E-02 2.1856E-02 1.8601E-03 0.0000E+00
  0.0000E+00 0.0000E+00 0.0000E+00 0.0000E+00 0.0000E+00 0.0000E+00 0.0000E+00
  0.0000E+00 0.0000E+00 0.0000E+00 0.0000E+00 0.0000E+00 0.0000E+00 0.0000E+00
  9.6260E-03 9.0121E-02 1.5969E-01 1.2793E-01 6.4545E-02 2.1112E-02 1.6741E-03
  6.4173E-03 1.1166E-03 0.0000E+00 0.0000E+00 0.0000E+00 0.0000E+00 0.0000E+00
  0.0000E+00 0.0000E+00 0.0000E+00 0.0000E+00 0.0000E+00 0.0000E+00 0.0000E+00
  7.8124E-03 6.4406E-02 1.4127E-01 1.6239E-01 1.0421E-01 3.5342E-02 4.6502E-03
  0.0000E+00 0.0000E+00 0.0000E+00 0.0000E+00 0.0000E+00 0.0000E+00 0.0000E+00
  0.0000E+00 0.0000E+00 0.0000E+00 0.0000E+00 0.0000E+00 0.0000E+00 0.0000E+00
  1.8275E-02 4.1387E-02 9.1098E-02 1.2211E-01 8.8680E-02 3.3342E-02 3.2086E-03
  0.0000E+00 0.0000E+00 0.0000E+00 0.0000E+00 0.0000E+00 0.0000E+00 0.0000E+00
  0.0000E+00 0.0000E+00 0.0000E+00 0.0000E+00 0.0000E+00 0.0000E+00 0.0000E+00
  0.0000E+00 9.9980E-03 5.1106E-02 8.2402E-02 6.4685E-02 1.9717E-02 8.3704E-04
  0.0000E+00 0.0000E+00 0.0000E+00 0.0000E+00 0.0000E+00 0.0000E+00 0.0000E+00
  0.0000E+00 0.0000E+00 0.0000E+00 0.0000E+00 0.0000E+00 0.0000E+00 0.0000E+00
  0.0000E+00 0.0000E+00 1.3951E-02 3.6504E-02 3.6272E-02 1.4183E-02 2.3251E-04
  0.0000E+00 0.0000E+00 0.0000E+00 0.0000E+00 0.0000E+00 0.0000E+00 0.0000E+00
  0.0000E+00 0.0000E+00 0.0000E+00 0.0000E+00 0.0000E+00 0.0000E+00 0.0000E+00
  0.0000E+00 4.1852E-04 1.4369E-02 1.1486E-02 8.3239E-03 2.7901E-04 0.0000E+00
  0.0000E+00 0.0000E+00 0.0000E+00 0.0000E+00 0.0000E+00 0.0000E+00 0.0000E+00
  0.0000E+00 0.0000E+00 0.0000E+00 0.0000E+00 0.0000E+00 0.0000E+00 0.0000E+00
  0.0000E+00 4.1248E-02 1.0789E-01 9.1144E-03 0.0000E+00 0.0000E+00 0.0000E+00
  0.0000E+00 0.0000E+00 0.0000E+00 0.0000E+00 0.0000E+00 0.0000E+00 0.0000E+00
  9.3005E-04 9.3005E-04 1.3951E-03 1.9066E-03 1.9531E-03 6.5038E-04 0.0000E+00
  0.0000E+00 0.0000E+00 1.5346E-03 0.0000E+00 0.0000E+00 6.5103E-04 0.0000E+00
  0.0000E+00 0.0000E+00 0.0000E+00 0.0000E+00 0.0000E+00 0.0000E+00 0.0000E+00
  8.3704E-04 8.3704E-04 8.3704E-04 8.3704E-04 8.3704E-04 2.7874E-04 0.0000E+00
  0.0000E+00 0.0000E+00 1.3020E-03 1.0463E-02 2.6041E-03 2.1856E-03 0.0000E+00
  0.0000E+00 0.0000E+00 0.0000E+00 0.0000E+00 0.0000E+00 0.0000E+00 0.0000E+00
  0.0000E+00 0.0000E+00 0.0000E+00 0.0000E+00 0.0000E+00 0.0000E+00 0.0000E+00
  1.3951E-03 6.9753E-03 4.4177E-02 9.3469E-02 9.9050E-02 9.6957E-02 4.4177E-03
  0.0000E+00 0.0000E+00 0.0000E+00 0.0000E+00 0.0000E+00 0.0000E+00 0.0000E+00
  0.0000E+00 0.0000E+00 0.0000E+00 0.0000E+00 0.0000E+00 0.0000E+00 2.7855E-02
  8.3146E-02 5.7105E-02 9.5004E-02 7.5473E-02 1.6160E-01 8.9796E-02 2.2507E-02
  6.2778E-03 0.0000E+00 0.0000E+00 0.0000E+00 0.0000E+00 0.0000E+00 0.0000E+00
  1.9531E-03 5.1152E-03 6.8823E-03 2.7436E-03 0.0000E+00 0.0000E+00 0.0000E+00
  2.1065E-02 4.4921E-02 6.6591E-02 9.2772E-02 1.1444E-01 5.1943E-02 2.3902E-02
  6.1848E-03 0.0000E+00 0.0000E+00 0.0000E+00 0.0000E+00 0.0000E+00 0.0000E+00
  0.0000E+00 0.0000E+00 0.0000E+00 0.0000E+00 0.0000E+00 0.0000E+00 2.2786E-03
  2.3298E-02 7.3101E-02 8.7610E-02 7.5380E-02 7.1241E-02 3.4784E-02 4.9757E-03
  0.0000E+00 0.0000E+00 0.0000E+00 0.0000E+00 0.0000E+00 0.0000E+00 0.0000E+00
  0.0000E+00 0.0000E+00 0.0000E+00 0.0000E+00 0.0000E+00 5.0868E-03 7.4031E-02
  1.3374E-01 1.2360E-01 9.1470E-02 7.1427E-02 5.9151E-02 1.9112E-02 1.6741E-03
  0.0000E+00 0.0000E+00 0.0000E+00 0.0000E+00 0.0000E+00 0.0000E+00 0.0000E+00
  0.0000E+00 0.0000E+00 2.7639E-04 1.9347E-03 1.1608E-02 5.4374E-02 2.6160E-01
  4.5798E-01 3.7257E-01 1.9112E-01 7.9738E-02 4.1873E-02 2.4322E-02 8.7063E-03
  9.6736E-04 0.0000E+00 0.0000E+00 0.0000E+00 0.0000E+00 0.0000E+00 0.0000E+00
  0.0000E+00 0.0000E+00 0.0000E+00 2.3217E-03 1.7440E-02 7.1384E-02 2.8559E-01
  5.3597E-01 4.4493E-01 2.1365E-01 5.9258E-02 2.3079E-02 2.3189E-02 6.3846E-03
  0.0000E+00 0.0000E+00 0.0000E+00 0.0000E+00 0.0000E+00 0.0000E+00 0.0000E+00
  3.4825E-03 4.3117E-03 4.1458E-03 8.4575E-03 2.8164E-02 7.7222E-02 1.9317E-01
  3.7802E-01 3.4891E-01 1.7014E-01 5.5112E-02 2.7390E-02 9.8671E-03 6.6333E-04
  0.0000E+00 0.0000E+00 0.0000E+00 0.0000E+00 0.0000E+00 0.0000E+00 0.0000E+00
  3.8694E-03 4.6986E-03 8.2917E-03 1.6279E-02 3.2863E-02 6.9773E-02 1.6890E-01
  3.9256E-01 3.7318E-01 1.4038E-01 4.8783E-02 1.6749E-02 9.2590E-03 4.4222E-04
  0.0000E+00 0.0000E+00 0.0000E+00 0.0000E+00 0.0000E+00 0.0000E+00 0.0000E+00
  2.6533E-03 3.0679E-03 4.9750E-03 7.9600E-03 1.3460E-02 2.3588E-02 9.1098E-02
  2.9383E-01 4.2829E-01 2.3184E-01 9.1347E-02 2.8523E-02 8.8997E-03 1.1885E-03
  0.0000E+00 0.0000E+00 0.0000E+00 0.0000E+00 0.0000E+00 0.0000E+00 0.0000E+00
  0.0000E+00 0.0000E+00 0.0000E+00 0.0000E+00 0.0000E+00 3.3183E-03 1.5754E-02
  8.5128E-02 2.2982E-01 2.6133E-01 1.4386E-01 5.1961E-02 1.9762E-02 7.0479E-03
  8.2917E-04 0.0000E+00 0.0000E+00 0.0000E+00 0.0000E+00 0.0000E+00 0.0000E+00
  0.0000E+00 0.0000E+00 0.0000E+00 0.0000E+00 0.0000E+00 0.0000E+00 1.5201E-03
  3.3305E-02 1.3123E-01 2.3114E-01 2.0561E-01 1.1086E-01 4.5052E-02 1.4870E-02
  1.3792E-02 5.1987E-03 0.0000E+00 0.0000E+00 0.0000E+00 0.0000E+00 0.0000E+00
  0.0000E+00 0.0000E+00 0.0000E+00 0.0000E+00 0.0000E+00 0.0000E+00 0.0000E+00
  1.6196E-02 7.4653E-02 1.6799E-01 2.0746E-01 1.5505E-01 7.1308E-02 2.3051E-02
  3.0956E-03 0.0000E+00 0.0000E+00 0.0000E+00 0.0000E+00 0.0000E+00 0.0000E+00
  0.0000E+00 0.0000E+00 0.0000E+00 0.0000E+00 0.0000E+00 0.0000E+00 0.0000E+00
  2.3382E-02 4.8396E-02 1.0580E-01 1.4903E-01 1.2473E-01 6.4758E-02 1.8877E-02
  1.4649E-03 0.0000E+00 0.0000E+00 0.0000E+00 0.0000E+00 0.0000E+00 0.0000E+00
  0.0000E+00 0.0000E+00 0.0000E+00 0.0000E+00 0.0000E+00 0.0000E+00 0.0000E+00
  9.9500E-04 1.4179E-02 5.3150E-02 8.9025E-02 7.9517E-02 3.8059E-02 1.0171E-02
  2.4875E-04 0.0000E+00 0.0000E+00 0.0000E+00 0.0000E+00 0.0000E+00 0.0000E+00
  0.0000E+00 0.0000E+00 0.0000E+00 0.0000E+00 0.0000E+00 0.0000E+00 0.0000E+00
  0.0000E+00 3.3167E-03 1.9624E-02 4.0906E-02 4.9059E-02 2.5290E-02 4.8368E-03
  0.0000E+00 0.0000E+00 0.0000E+00 0.0000E+00 0.0000E+00 0.0000E+00 0.0000E+00
  0.0000E+00 0.0000E+00 0.0000E+00 0.0000E+00 0.0000E+00 0.0000E+00 0.0000E+00
  0.0000E+00 6.3570E-04 7.7113E-03 1.4649E-02 1.3819E-02 7.8495E-03 8.8445E-04
  0.0000E+00 0.0000E+00 0.0000E+00 0.0000E+00 0.0000E+00 0.0000E+00 0.0000E+00
  0.0000E+00 0.0000E+00 0.0000E+00 0.0000E+00 0.0000E+00 0.0000E+00 0.0000E+00
  0.0000E+00 7.2414E-03 2.0204E-02 5.1408E-03 2.9021E-03 4.4499E-03 1.9347E-04
  0.0000E+00 0.0000E+00 0.0000E+00 0.0000E+00 0.0000E+00 0.0000E+00 0.0000E+00
  5.5278E-04 5.5278E-04 8.2917E-04 1.1332E-03 1.5478E-03 6.4426E-04 0.0000E+00
  0.0000E+00 0.0000E+00 0.0000E+00 2.7639E-04 2.0453E-03 1.0669E-02 3.6207E-03
  0.0000E+00 0.0000E+00 0.0000E+00 0.0000E+00 0.0000E+00 0.0000E+00 0.0000E+00
  4.9750E-04 4.9750E-04 4.9750E-04 4.9750E-04 4.9750E-04 4.9750E-04 0.0000E+00
  0.0000E+00 6.6333E-03 1.0558E-02 2.4571E-02 1.1719E-02 2.3023E-02 9.9776E-03
  5.5278E-04 0.0000E+00 0.0000E+00 0.0000E+00 0.0000E+00 0.0000E+00 0.0000E+00
  0.0000E+00 0.0000E+00 0.0000E+00 0.0000E+00 0.0000E+00 0.0000E+00 0.0000E+00
  1.7965E-03 3.1094E-02 7.6698E-02 1.6017E-01 1.2189E-01 1.2037E-01 1.6998E-02
  0.0000E+00 0.0000E+00 0.0000E+00 0.0000E+00 0.0000E+00 0.0000E+00 0.0000E+00
  0.0000E+00 0.0000E+00 0.0000E+00 0.0000E+00 0.0000E+00 0.0000E+00 1.0309E-02
  4.2758E-02 9.8256E-02 1.2733E-01 1.4464E-01 1.8684E-01 1.1807E-01 4.7871E-02
  1.3267E-02 0.0000E+00 0.0000E+00 0.0000E+00 0.0000E+00 0.0000E+00 0.0000E+00
  2.0453E-03 2.9021E-03 3.2061E-03 1.5201E-03 1.9347E-04 0.0000E+00 7.3796E-03
  4.9971E-02 1.1412E-01 1.3974E-01 1.5754E-01 1.5594E-01 1.1003E-01 5.4228E-02
  1.4759E-02 0.0000E+00 0.0000E+00 0.0000E+00 0.0000E+00 0.0000E+00 0.0000E+00
  7.1861E-04 7.1861E-04 3.5931E-04 0.0000E+00 0.0000E+00 1.5486E-03 2.0011E-02
  7.9324E-02 1.6896E-01 1.9817E-01 1.6653E-01 1.7048E-01 8.9771E-02 2.8800E-02
  1.3267E-03 0.0000E+00 0.0000E+00 0.0000E+00 0.0000E+00 0.0000E+00 0.0000E+00
  0.0000E+00 0.0000E+00 0.0000E+00 5.5277E-05 2.2940E-03 1.6792E-02 1.3073E-01
  2.6542E-01 2.5265E-01 2.0975E-01 1.5616E-01 1.3040E-01 4.5991E-02 1.6777E-02
  1.5754E-03 0.0000E+00 0.0000E+00 0.0000E+00 0.0000E+00 0.0000E+00 0.0000E+00
  3.0484E-04 3.8105E-04 9.1452E-04 4.4202E-03 1.7605E-02 6.6373E-02 3.0217E-01
  5.2257E-01 4.1451E-01 2.3625E-01 1.3527E-01 8.4593E-02 4.8851E-02 1.8214E-02
  1.9815E-03 2.5393E-04 2.2863E-04 0.0000E+00 0.0000E+00 0.0000E+00 0.0000E+00
  0.0000E+00 0.0000E+00 1.1432E-03 7.3619E-03 2.7283E-02 8.8813E-02 3.3633E-01
  5.9424E-01 4.6686E-01 2.3229E-01 9.3250E-02 4.8515E-02 4.4446E-02 1.7498E-02
  4.7250E-04 0.0000E+00 0.0000E+00 0.0000E+00 0.0000E+00 0.0000E+00 0.0000E+00
  2.5302E-03 3.3380E-03 5.3347E-03 1.3733E-02 3.7526E-02 9.4531E-02 2.3369E-01
  4.2374E-01 3.8294E-01 1.9789E-01 8.3541E-02 4.6564E-02 2.8228E-02 7.0723E-03
  2.5911E-04 0.0000E+00 0.0000E+00 0.0000E+00 0.0000E+00 0.0000E+00 0.0000E+00
  3.0484E-03 3.9629E-03 7.8191E-03 1.7239E-02 3.6748E-02 7.7921E-02 1.7708E-01
  3.9071E-01 3.5460E-01 1.5660E-01 7.4289E-02 3.7038E-02 1.8915E-02 3.8410E-03
  4.1153E-04 0.0000E+00 0.0000E+00 0.0000E+00 0.0000E+00 0.0000E+00 0.0000E+00
  2.0424E-03 2.5302E-03 4.3897E-03 8.0325E-03 1.5836E-02 3.1861E-02 8.7748E-02
  2.7236E-01 3.6950E-01 2.4349E-01 1.1732E-01 4.5345E-02 1.9220E-02 5.9444E-03
  8.0783E-04 2.0333E-05 0.0000E+00 0.0000E+00 0.0000E+00 0.0000E+00 0.0000E+00
  0.0000E+00 0.0000E+00 1.5242E-04 6.8589E-04 4.4964E-03 1.4941E-02 1.7985E-02
  7.4762E-02 2.0798E-01 2.6338E-01 1.6766E-01 7.3771E-02 3.0941E-02 1.2422E-02
  4.6488E-03 2.6427E-03 6.0968E-04 0.0000E+00 0.0000E+00 0.0000E+00 0.0000E+00
  0.0000E+00 0.0000E+00 0.0000E+00 0.0000E+00 0.0000E+00 8.1332E-05 2.8960E-03
  2.9600E-02 1.0884E-01 1.9280E-01 1.8958E-01 1.2509E-01 6.2446E-02 2.3274E-02
  1.4236E-02 7.5219E-03 1.1889E-03 0.0000E+00 0.0000E+00 0.0000E+00 0.0000E+00
  0.0000E+00 0.0000E+00 0.0000E+00 0.0000E+00 0.0000E+00 0.0000E+00 2.2863E-03
  1.6080E-02 6.0404E-02 1.3103E-01 1.7887E-01 1.5649E-01 8.7733E-02 3.0667E-02
  6.8132E-03 1.1080E-03 1.0669E-04 0.0000E+00 0.0000E+00 0.0000E+00 0.0000E+00
  0.0000E+00 0.0000E+00 0.0000E+00 0.0000E+00 0.0000E+00 0.0000E+00 1.0669E-03
  1.4023E-02 3.9141E-02 8.8571E-02 1.2880E-01 1.1994E-01 7.5311E-02 2.7649E-02
  5.5481E-03 4.0666E-04 0.0000E+00 0.0000E+00 0.0000E+00 0.0000E+00 0.0000E+00
  0.0000E+00 0.0000E+00 0.0000E+00 0.0000E+00 0.0000E+00 0.0000E+00 4.1153E-04
  4.1611E-03 1.5471E-02 4.3287E-02 7.1454E-02 7.0692E-02 4.2830E-02 1.4968E-02
  2.6369E-03 0.0000E+00 0.0000E+00 0.0000E+00 0.0000E+00 0.0000E+00 0.0000E+00
  0.0000E+00 0.0000E+00 0.0000E+00 0.0000E+00 0.0000E+00 0.0000E+00 0.0000E+00
  5.3347E-04 5.8682E-03 1.7833E-02 3.0484E-02 3.1246E-02 2.1644E-02 7.0875E-03
  1.1432E-03 0.0000E+00 0.0000E+00 0.0000E+00 0.0000E+00 0.0000E+00 0.0000E+00
  0.0000E+00 0.0000E+00 0.0000E+00 0.0000E+00 0.0000E+00 0.0000E+00 1.2803E-03
  2.0424E-03 3.5361E-03 9.2976E-03 1.1264E-02 1.0166E-02 1.3520E-02 4.9079E-03
  1.6766E-04 0.0000E+00 0.0000E+00 0.0000E+00 0.0000E+00 0.0000E+00 0.0000E+00
  0.0000E+00 0.0000E+00 0.0000E+00 0.0000E+00 0.0000E+00 0.0000E+00 3.2008E-04
  1.7681E-03 8.5660E-03 1.8412E-02 5.3652E-03 7.9106E-03 1.9677E-02 5.4566E-03
  7.1637E-04 0.0000E+00 0.0000E+00 0.0000E+00 0.0000E+00 0.0000E+00 0.0000E+00
  3.0484E-04 3.0484E-04 5.0299E-04 7.7734E-04 9.6025E-04 3.5529E-04 0.0000E+00
  0.0000E+00 2.4387E-04 2.2406E-03 6.6303E-03 1.6538E-02 2.2817E-02 1.1873E-02
  1.1020E-02 1.7484E-03 2.1339E-04 0.0000E+00 0.0000E+00 0.0000E+00 0.0000E+00
  2.7436E-04 2.7436E-04 2.7436E-04 2.7436E-04 2.7436E-04 2.7436E-04 0.0000E+00
  3.9629E-04 1.1081E-02 2.1826E-02 4.6625E-02 6.4763E-02 4.7326E-02 2.3869E-02
  1.0182E-02 1.1996E-03 0.0000E+00 0.0000E+00 0.0000E+00 0.0000E+00 0.0000E+00
  0.0000E+00 0.0000E+00 0.0000E+00 0.0000E+00 0.0000E+00 0.0000E+00 7.6210E-05
  5.1061E-03 4.6107E-02 9.7396E-02 1.7719E-01 1.5074E-01 1.3314E-01 3.8334E-02
  7.3924E-03 3.0499E-04 0.0000E+00 0.0000E+00 0.0000E+00 0.0000E+00 0.0000E+00
  0.0000E+00 0.0000E+00 0.0000E+00 0.0000E+00 0.0000E+00 0.0000E+00 7.5905E-03
  4.1824E-02 1.1419E-01 1.8377E-01 2.4122E-01 2.0255E-01 1.0816E-01 5.1030E-02
  1.2834E-02 3.8632E-04 0.0000E+00 0.0000E+00 0.0000E+00 0.0000E+00 0.0000E+00
  1.7681E-03 2.3320E-03 2.3320E-03 8.8404E-04 0.0000E+00 9.1498E-04 1.2636E-02
  6.6150E-02 1.5283E-01 2.2153E-01 2.5014E-01 2.1583E-01 1.3308E-01 5.0055E-02
  1.1553E-02 4.0666E-04 0.0000E+00 0.0000E+00 0.0000E+00 0.0000E+00 0.0000E+00
  6.0968E-04 7.6210E-04 4.5726E-04 0.0000E+00 9.9073E-04 5.6210E-03 3.0591E-02
  1.2032E-01 2.2752E-01 2.8370E-01 2.6337E-01 2.3063E-01 1.2346E-01 4.7006E-02
  7.6820E-03 1.7072E-03 8.9928E-04 1.0669E-04 0.0000E+00 0.0000E+00 0.0000E+00
  6.0968E-04 6.0968E-04 6.2492E-04 1.3261E-03 5.2737E-03 2.1935E-02 1.3869E-01
  2.9992E-01 3.3010E-01 2.8733E-01 2.1673E-01 1.7234E-01 6.5937E-02 2.0577E-02
  3.3228E-03 6.4613E-03 6.8284E-03 2.7283E-03 4.1153E-04 0.0000E+00 0.0000E+00
  0.0000E+00 0.0000E+00 5.1305E-04 4.3609E-03 1.9881E-02 7.3586E-02 2.7110E-01
  4.3485E-01 3.6080E-01 2.3754E-01 1.6614E-01 1.1005E-01 5.2416E-02 1.9410E-02
  3.3776E-03 1.8238E-03 1.9239E-03 6.8406E-04 4.2754E-05 0.0000E+00 0.0000E+00
  0.0000E+00 0.0000E+00 0.0000E+00 1.1971E-03 9.1579E-03 4.6184E-02 2.3968E-01
  4.6414E-01 4.0739E-01 2.3953E-01 1.3899E-01 8.0574E-02 4.9381E-02 2.0094E-02
  1.7786E-03 1.1976E-04 1.7102E-05 8.5508E-06 0.0000E+00 0.0000E+00 0.0000E+00
  5.1305E-04 6.2421E-04 6.4986E-04 1.6931E-03 6.2763E-03 2.4753E-02 1.4596E-01
  3.4396E-01 3.4067E-01 2.0664E-01 1.1196E-01 6.7782E-02 4.1317E-02 1.8427E-02
  2.3344E-03 2.4522E-04 2.5652E-05 0.0000E+00 0.0000E+00 0.0000E+00 0.0000E+00
  6.3276E-04 8.0377E-04 1.6589E-03 4.0018E-03 1.0629E-02 3.1600E-02 1.2420E-01
  3.3122E-01 3.0797E-01 1.5737E-01 1.0098E-01 6.3207E-02 2.9654E-02 9.6196E-03
  2.2574E-03 4.3901E-04 1.4536E-04 0.0000E+00 0.0000E+00 0.0000E+00 0.0000E+00
  4.9595E-04 6.3276E-04 1.1544E-03 2.4797E-03 6.1053E-03 1.6193E-02 6.5080E-02
  2.1635E-01 2.8561E-01 2.1049E-01 1.2309E-01 6.4618E-02 3.0569E-02 9.6367E-03
  2.4968E-03 9.5783E-04 4.2754E-04 8.5508E-05 0.0000E+00 0.0000E+00 0.0000E+00
  0.0000E+00 0.0000E+00 0.0000E+00 0.0000E+00 5.1305E-04 2.8512E-03 1.0047E-02
  5.5067E-02 1.6140E-01 2.1877E-01 1.5939E-01 8.3755E-02 4.1728E-02 1.8726E-02
  7.4819E-03 4.5045E-03 1.4536E-03 2.9928E-04 4.2754E-05 0.0000E+00 0.0000E+00
  0.0000E+00 0.0000E+00 0.0000E+00 0.0000E+00 0.0000E+00 2.2814E-05 3.0783E-03
  2.2634E-02 8.4525E-02 1.5243E-01 1.6167E-01 1.2292E-01 6.6311E-02 2.5789E-02
  1.0740E-02 6.7396E-03 2.2403E-03 5.3015E-04 8.5508E-05 0.0000E+00 0.0000E+00
  0.0000E+00 0.0000E+00 0.0000E+00 0.0000E+00 2.0522E-04 6.0435E-04 2.2232E-03
  1.1860E-02 4.5020E-02 9.8300E-02 1.4110E-01 1.3528E-01 8.6329E-02 3.3519E-02
  8.7304E-03 2.5146E-03 9.1493E-04 3.5058E-04 5.9856E-05 0.0000E+00 0.0000E+00
  0.0000E+00 0.0000E+00 0.0000E+00 0.0000E+00 0.0000E+00 3.4220E-05 1.3938E-03
  8.6962E-03 2.6772E-02 6.4140E-02 9.8651E-02 1.0106E-01 7.8796E-02 3.5024E-02
  1.2330E-02 3.3930E-03 6.0711E-04 5.1305E-05 0.0000E+00 0.0000E+00 0.0000E+00
  0.0000E+00 0.0000E+00 0.0000E+00 0.0000E+00 0.0000E+00 0.0000E+00 3.2493E-04
  2.7106E-03 1.1201E-02 3.0142E-02 4.9731E-02 5.5324E-02 4.0625E-02 1.6546E-02
  3.8222E-03 5.8157E-04 2.5652E-04 9.4059E-05 8.5508E-06 0.0000E+00 0.0000E+00
  0.0000E+00 0.0000E+00 0.0000E+00 0.0000E+00 0.0000E+00 0.0000E+00 1.7102E-04
  1.1971E-03 5.0022E-03 1.3339E-02 2.0607E-02 2.1249E-02 1.6888E-02 7.1827E-03
  2.0522E-03 7.9822E-04 5.5580E-04 5.5580E-04 3.8479E-04 1.2826E-04 0.0000E+00
  0.0000E+00 0.0000E+00 0.0000E+00 0.0000E+00 1.6246E-04 3.2493E-04 8.2943E-04
  1.8384E-03 2.7705E-03 5.8487E-03 7.0801E-03 7.4050E-03 1.3630E-02 6.1309E-03
  1.2997E-03 3.0218E-04 2.7362E-04 4.4464E-04 3.5913E-04 9.4059E-05 0.0000E+00
  0.0000E+00 0.0000E+00 0.0000E+00 1.1116E-04 3.0783E-04 3.1349E-04 5.1305E-04
  1.1373E-03 3.1638E-03 6.1822E-03 4.8568E-03 1.4314E-02 3.3476E-02 1.2724E-02
  4.4464E-03 1.4541E-03 3.3348E-04 1.7102E-04 1.7102E-04 8.5508E-05 0.0000E+00
  2.2232E-04 2.8218E-04 4.5319E-04 6.3276E-04 7.8667E-04 5.8701E-04 3.0783E-04
  8.5508E-05 2.3429E-03 7.2511E-03 2.3976E-02 4.4969E-02 6.4618E-02 2.3472E-02
  1.0312E-02 3.8091E-03 1.0004E-03 3.1638E-04 8.5508E-05 0.0000E+00 0.0000E+00
  1.5392E-04 1.5392E-04 1.5392E-04 2.3942E-04 3.1638E-04 2.0517E-04 0.0000E+00
  8.9783E-04 1.4656E-02 4.1223E-02 9.1092E-02 1.4412E-01 9.3554E-02 4.4678E-02
  1.5238E-02 2.5318E-03 6.5841E-04 1.6246E-04 0.0000E+00 0.0000E+00 0.0000E+00
  0.0000E+00 0.0000E+00 0.0000E+00 0.0000E+00 0.0000E+00 0.0000E+00 1.2826E-04
  5.8145E-03 5.3357E-02 1.3314E-01 2.0971E-01 1.8846E-01 1.1693E-01 4.9295E-02
  1.5306E-02 1.9099E-03 1.1971E-03 5.5580E-04 8.5508E-05 0.0000E+00 0.0000E+00
  0.0000E+00 0.0000E+00 0.0000E+00 0.0000E+00 0.0000E+00 0.0000E+00 3.7110E-03
  2.9825E-02 1.1875E-01 2.2386E-01 2.7306E-01 2.1369E-01 9.8488E-02 4.8620E-02
  1.3801E-02 3.5625E-03 4.8483E-03 4.3267E-03 2.1035E-03 4.7885E-04 0.0000E+00
  0.0000E+00 0.0000E+00 0.0000E+00 0.0000E+00 5.1305E-05 1.2547E-03 1.3989E-02
  7.1878E-02 1.7366E-01 2.6605E-01 2.8533E-01 2.2528E-01 1.3461E-01 4.9817E-02
  1.3023E-02 3.0726E-03 2.3429E-03 9.8334E-04 1.7102E-04 0.0000E+00 0.0000E+00
  0.0000E+00 0.0000E+00 0.0000E+00 5.9856E-05 9.0638E-04 5.4801E-03 3.0894E-02
  1.1525E-01 2.2380E-01 2.8405E-01 2.5829E-01 1.9003E-01 1.1059E-01 4.5678E-02
  1.2099E-02 7.0109E-03 6.4131E-03 2.4968E-03 4.1899E-04 2.5652E-05 0.0000E+00
  0.0000E+00 0.0000E+00 1.1116E-04 1.7444E-03 9.0809E-03 3.4743E-02 1.3270E-01
  2.6609E-01 3.0773E-01 2.8579E-01 2.2849E-01 1.5901E-01 6.9886E-02 2.7893E-02
  6.3190E-03 1.3884E-02 1.4519E-02 6.3960E-03 1.2912E-03 7.6957E-05 0.0000E+00
  0.0000E+00 2.3601E-05 4.0122E-04 3.0445E-03 1.3429E-02 4.8002E-02 1.7028E-01
  2.7922E-01 2.6617E-01 2.0604E-01 1.4463E-01 9.8204E-02 5.0459E-02 1.7465E-02
  3.6346E-03 4.4207E-03 4.3190E-03 1.9117E-03 4.7202E-04 3.0681E-04 3.7762E-04
  0.0000E+00 0.0000E+00 0.0000E+00 8.2132E-04 6.5233E-03 3.1617E-02 1.5067E-01
  2.9181E-01 2.9510E-01 2.0252E-01 1.3647E-01 6.7848E-02 4.7599E-02 1.6927E-02
  1.7795E-03 4.2795E-04 3.4458E-04 1.6993E-04 9.9125E-05 2.3601E-04 3.7762E-04
  3.7762E-04 4.3898E-04 4.6730E-04 1.3217E-03 4.8524E-03 1.8723E-02 1.0385E-01
  2.3194E-01 2.3989E-01 1.7923E-01 1.2359E-01 8.0635E-02 5.0922E-02 1.8886E-02
  3.8234E-03 9.0647E-04 4.2010E-04 2.1713E-04 1.2273E-04 2.5017E-04 3.7762E-04
  3.7762E-04 4.7202E-04 1.0243E-03 2.8227E-03 7.7553E-03 2.2896E-02 8.9576E-02
  2.1624E-01 1.9803E-01 1.3031E-01 9.4211E-02 7.6085E-02 3.8116E-02 1.5954E-02
  6.8207E-03 1.9010E-03 1.0857E-03 7.1747E-04 3.8234E-04 3.1625E-04 3.7762E-04
  2.6433E-04 3.0209E-04 5.9475E-04 1.5766E-03 4.1255E-03 1.0601E-02 3.9754E-02
  1.2409E-01 1.7305E-01 1.4780E-01 1.0227E-01 6.3822E-02 3.5279E-02 1.4736E-02
  6.1316E-03 3.5155E-03 1.9589E-03 1.0621E-03 4.9090E-04 3.3514E-04 3.7762E-04
  0.0000E+00 0.0000E+00 0.0000E+00 0.0000E+00 0.0000E+00 5.6671E-04 5.6406E-03
  3.0422E-02 9.7354E-02 1.4095E-01 1.1550E-01 7.3942E-02 5.0105E-02 2.5867E-02
  1.1730E-02 6.3577E-03 3.1861E-03 1.9589E-03 1.1565E-03 5.4283E-04 3.7762E-04
  0.0000E+00 0.0000E+00 0.0000E+00 0.0000E+00 0.0000E+00 0.0000E+00 1.9683E-03
  1.2891E-02 5.0284E-02 9.4532E-02 1.0932E-01 9.6448E-02 6.2028E-02 2.9048E-02
  1.0838E-02 6.4199E-03 4.4276E-03 2.7094E-03 1.4255E-03 5.7587E-04 3.7762E-04
  0.0000E+00 0.0000E+00 0.0000E+00 0.0000E+00 3.3042E-05 2.1721E-04 1.1989E-03
  6.1693E-03 2.5093E-02 5.7539E-02 8.8051E-02 9.3791E-02 6.9685E-02 3.3103E-02
  1.1003E-02 5.3058E-03 4.3332E-03 3.0776E-03 1.4774E-03 5.4283E-04 3.7762E-04
  0.0000E+00 0.0000E+00 0.0000E+00 0.0000E+00 0.0000E+00 0.0000E+00 4.6730E-04
  3.0398E-03 1.2853E-02 3.5416E-02 5.9923E-02 6.9746E-02 6.3695E-02 3.1701E-02
  1.4836E-02 4.8067E-03 1.1895E-03 3.7762E-04 8.9684E-05 1.8881E-04 3.7762E-04
  0.0000E+00 0.0000E+00 0.0000E+00 0.0000E+00 0.0000E+00 0.0000E+00 8.9684E-05
  9.5820E-04 4.8052E-03 1.5426E-02 2.8505E-02 3.5930E-02 3.1389E-02 1.4543E-02
  4.0877E-03 9.5367E-04 4.3426E-04 2.4545E-04 1.4633E-04 2.3601E-04 3.7762E-04
  0.0000E+00 0.0000E+00 0.0000E+00 0.0000E+00 0.0000E+00 0.0000E+00 2.3601E-05
  4.0122E-04 2.0297E-03 6.3015E-03 1.0691E-02 1.2084E-02 1.1612E-02 6.9387E-03
  2.5961E-03 1.5106E-03 1.3689E-03 1.2273E-03 7.0803E-04 3.7762E-04 3.7762E-04
  0.0000E+00 0.0000E+00 0.0000E+00 0.0000E+00 0.0000E+00 0.0000E+00 3.1625E-04
  4.2010E-04 6.9387E-04 2.2563E-03 3.3042E-03 4.3426E-03 9.4593E-03 6.6225E-03
  3.2569E-03 1.6835E-03 2.1383E-03 2.6244E-03 1.9258E-03 7.9300E-04 3.7762E-04
  0.0000E+00 0.0000E+00 0.0000E+00 4.7202E-05 1.0857E-04 5.9758E-05 1.2745E-04
  1.7937E-04 3.9650E-04 1.0809E-03 3.9178E-03 1.6294E-02 3.4391E-02 2.0184E-02
  1.9126E-02 9.6542E-03 2.4215E-03 8.4020E-04 5.0506E-04 3.6346E-04 3.7762E-04
  9.4404E-05 9.4404E-05 1.8881E-04 3.3514E-04 4.3426E-04 3.0515E-04 1.0384E-04
  6.6083E-05 2.6716E-03 1.0507E-02 3.2692E-02 6.3487E-02 8.4818E-02 3.7176E-02
  2.3856E-02 1.5114E-02 5.2772E-03 1.6143E-03 5.6643E-04 3.7762E-04 3.7762E-04
  8.4964E-05 8.4964E-05 8.4964E-05 1.3217E-04 1.7937E-04 1.1640E-04 0.0000E+00
  9.1572E-04 1.4095E-02 5.4141E-02 1.3011E-01 1.8661E-01 1.1410E-01 4.9855E-02
  2.0221E-02 5.3132E-03 1.8503E-03 8.3076E-04 4.2482E-04 3.3042E-04 3.7762E-04
  0.0000E+00 0.0000E+00 0.0000E+00 0.0000E+00 0.0000E+00 0.0000E+00 9.4404E-05
  4.6258E-03 3.7715E-02 1.0663E-01 1.8187E-01 1.7798E-01 9.4900E-02 4.2789E-02
  1.9896E-02 3.5881E-03 1.6993E-03 9.2044E-04 4.0122E-04 2.8321E-04 3.7762E-04
  0.0000E+00 0.0000E+00 0.0000E+00 0.0000E+00 0.0000E+00 0.0000E+00 1.6002E-03
  1.9192E-02 9.1766E-02 1.8356E-01 2.2322E-01 1.7868E-01 8.2085E-02 3.9338E-02
  1.6950E-02 6.3312E-03 6.5753E-03 5.2300E-03 2.6480E-03 8.5908E-04 3.7762E-04
  0.0000E+00 0.0000E+00 0.0000E+00 0.0000E+00 8.9684E-05 9.6017E-04 9.8747E-03
  5.3541E-02 1.4086E-01 2.1200E-01 2.1864E-01 1.6725E-01 9.2705E-02 4.0514E-02
  1.2834E-02 6.0857E-03 4.9515E-03 2.1571E-03 5.6643E-04 2.8321E-04 3.7762E-04
  0.0000E+00 0.0000E+00 0.0000E+00 6.6083E-05 7.4107E-04 4.1017E-03 2.2029E-02
  7.7926E-02 1.6560E-01 2.1226E-01 1.8977E-01 1.4296E-01 8.6168E-02 3.4939E-02
  1.0356E-02 1.0018E-02 9.1714E-03 3.8564E-03 1.0290E-03 4.2482E-04 3.7762E-04
  0.0000E+00 0.0000E+00 1.1801E-04 1.2792E-03 6.0655E-03 2.1810E-02 8.1386E-02
  1.7241E-01 2.2250E-01 2.1993E-01 1.8587E-01 1.3192E-01 6.1863E-02 2.1392E-02
  6.6036E-03 1.5030E-02 1.4949E-02 6.5092E-03 1.5766E-03 4.6730E-04 3.7762E-04
  5.0911E-05 5.0911E-05 3.3092E-04 2.1764E-03 8.8966E-03 3.0028E-02 1.0010E-01
  1.6426E-01 1.6789E-01 1.3579E-01 1.0418E-01 7.2026E-02 4.0601E-02 1.4955E-02
  4.9511E-03 3.7251E-03 2.5964E-03 1.4637E-03 1.0182E-03 9.9275E-04 1.0182E-03
  0.0000E+00 0.0000E+00 7.6366E-06 7.8148E-04 4.9358E-03 2.0980E-02 8.6856E-02
  1.6143E-01 1.8341E-01 1.4547E-01 1.0225E-01 5.0625E-02 3.5798E-02 1.4072E-02
  2.5608E-03 7.9090E-04 4.7092E-04 3.1564E-04 2.7746E-04 6.3638E-04 1.0182E-03
  1.0182E-04 1.0946E-04 1.3491E-04 7.8402E-04 3.5459E-03 1.3748E-02 6.7128E-02
  1.3978E-01 1.5082E-01 1.3209E-01 9.9141E-02 7.6259E-02 4.7517E-02 1.9033E-02
  5.4194E-03 3.2043E-03 1.7971E-03 7.9929E-04 3.7928E-04 6.5420E-04 1.0182E-03
  1.3746E-04 1.8837E-04 5.2947E-04 1.7641E-03 5.2540E-03 1.5555E-02 5.8926E-02
  1.2702E-01 1.2297E-01 9.5948E-02 7.6806E-02 7.0465E-02 3.5227E-02 1.6760E-02
  8.6522E-03 5.1054E-03 2.8230E-03 1.5859E-03 8.0948E-04 7.5857E-04 1.0182E-03
  9.6730E-05 1.4000E-04 3.6656E-04 1.0717E-03 2.7950E-03 7.0560E-03 2.3880E-02
  6.2854E-02 9.4314E-02 9.6442E-02 7.9581E-02 6.0375E-02 3.5535E-02 1.9733E-02
  1.0913E-02 9.4687E-03 6.4555E-03 4.3045E-03 2.2859E-03 1.2117E-03 1.0182E-03
  0.0000E+00 0.0000E+00 0.0000E+00 0.0000E+00 8.9093E-05 6.8755E-04 3.8565E-03
  1.6495E-02 5.2247E-02 8.1635E-02 7.8759E-02 6.1118E-02 4.6558E-02 2.8713E-02
  1.9512E-02 1.2288E-02 6.3129E-03 4.3656E-03 3.5510E-03 1.9855E-03 1.0182E-03
  0.0000E+00 0.0000E+00 0.0000E+00 0.0000E+00 0.0000E+00 1.3922E-04 1.4280E-03
  7.3897E-03 2.6616E-02 5.4339E-02 7.2008E-02 7.1929E-02 5.3927E-02 3.6803E-02
  2.0619E-02 1.2172E-02 8.2450E-03 5.0503E-03 2.7313E-03 1.3084E-03 1.0182E-03
  0.0000E+00 0.0000E+00 0.0000E+00 0.0000E+00 1.7819E-05 1.1713E-04 6.4656E-04
  3.0674E-03 1.1684E-02 2.8876E-02 5.1397E-02 6.2177E-02 5.2985E-02 3.4528E-02
  1.4077E-02 5.7652E-03 3.9532E-03 2.3062E-03 1.0055E-03 7.5093E-04 1.0182E-03
  0.0000E+00 0.0000E+00 0.0000E+00 0.0000E+00 0.0000E+00 0.0000E+00 2.5201E-04
  1.4942E-03 5.7020E-03 1.5910E-02 3.1106E-02 4.4226E-02 4.5573E-02 2.5707E-02
  1.1844E-02 3.3081E-03 1.8990E-03 1.2269E-03 5.6256E-04 6.6184E-04 1.0182E-03
  0.0000E+00 0.0000E+00 0.0000E+00 0.0000E+00 0.0000E+00 0.0000E+00 4.5820E-05
  4.1237E-04 1.8404E-03 5.9514E-03 1.3547E-02 2.1667E-02 2.1095E-02 1.1633E-02
  4.3452E-03 1.1117E-03 8.1202E-04 1.1760E-03 1.3389E-03 1.1251E-03 1.0182E-03
  0.0000E+00 0.0000E+00 0.0000E+00 0.0000E+00 0.0000E+00 0.0000E+00 0.0000E+00
  7.6366E-05 5.7274E-04 2.0110E-03 4.4928E-03 6.2620E-03 7.8275E-03 7.7002E-03
  5.2438E-03 3.6151E-03 2.7746E-03 2.6983E-03 1.8710E-03 1.1073E-03 1.0182E-03
  0.0000E+00 0.0000E+00 0.0000E+00 0.0000E+00 0.0000E+00 0.0000E+00 0.0000E+00
  2.5455E-06 1.1455E-04 6.0074E-04 1.3288E-03 3.3296E-03 9.8334E-03 1.3079E-02
  8.7363E-03 5.0170E-03 3.7496E-03 3.3728E-03 2.1433E-03 1.1913E-03 1.0182E-03
  0.0000E+00 0.0000E+00 0.0000E+00 1.5273E-05 3.0546E-05 4.0733E-05 3.8183E-05
  7.6366E-06 2.5455E-05 3.4874E-04 5.1063E-03 3.3420E-02 4.6968E-02 3.2585E-02
  1.9033E-02 8.3633E-03 3.1157E-03 1.7386E-03 1.1175E-03 9.2912E-04 1.0182E-03
  1.0182E-04 1.0182E-04 1.5273E-04 2.3164E-04 2.6728E-04 1.5607E-04 5.3456E-05
  2.5455E-05 1.2346E-03 6.9238E-03 3.5006E-02 7.1725E-02 8.5181E-02 5.3314E-02
  2.5605E-02 1.1523E-02 5.3176E-03 2.6626E-03 1.3288E-03 9.7239E-04 1.0182E-03
  4.5820E-05 4.5820E-05 6.8729E-05 1.1709E-04 1.1964E-04 3.2211E-05 2.5455E-06
  6.2111E-04 8.7693E-03 3.7437E-02 1.0000E-01 1.3575E-01 9.8779E-02 4.9533E-02
  1.7521E-02 5.1344E-03 3.0470E-03 2.8281E-03 2.1204E-03 1.2320E-03 1.0182E-03
  0.0000E+00 0.0000E+00 0.0000E+00 0.0000E+00 0.0000E+00 0.0000E+00 1.0182E-04
  3.1183E-03 2.6295E-02 7.9331E-02 1.3168E-01 1.3592E-01 7.7015E-02 3.5714E-02
  1.8073E-02 4.6252E-03 2.5710E-03 2.0491E-03 1.4764E-03 9.9275E-04 1.0182E-03
  0.0000E+00 0.0000E+00 0.0000E+00 0.0000E+00 0.0000E+00 6.1123E-05 1.1251E-03
  1.2231E-02 5.7445E-02 1.1878E-01 1.4933E-01 1.3041E-01 6.6672E-02 3.3690E-02
  1.3787E-02 5.3836E-03 3.6146E-03 2.5608E-03 1.3949E-03 9.2148E-04 1.0182E-03
  0.0000E+00 0.0000E+00 0.0000E+00 0.0000E+00 9.9275E-05 7.0791E-04 5.9794E-03
  3.1888E-02 8.7095E-02 1.3395E-01 1.4004E-01 1.0926E-01 6.3312E-02 3.2119E-02
  1.3418E-02 7.5136E-03 4.2078E-03 1.9015E-03 7.5602E-04 7.2802E-04 1.0182E-03
  0.0000E+00 0.0000E+00 0.0000E+00 1.0437E-04 6.8475E-04 2.9299E-03 1.4059E-02
  4.8271E-02 1.0328E-01 1.3584E-01 1.2069E-01 8.8910E-02 5.6439E-02 3.0304E-02
  1.1844E-02 9.9901E-03 8.1482E-03 4.0601E-03 1.6470E-03 1.0386E-03 1.0182E-03
  0.0000E+00 0.0000E+00 1.1455E-04 9.4948E-04 4.0856E-03 1.3649E-02 4.7657E-02
  9.8878E-02 1.3938E-01 1.4744E-01 1.3023E-01 8.9373E-02 4.6448E-02 2.2138E-02
  1.0027E-02 8.6008E-03 6.3409E-03 3.5917E-03 2.0339E-03 1.2753E-03 1.0182E-03
  1.9622E-04 1.3081E-04 2.6980E-04 1.5698E-03 6.1073E-03 1.9616E-02 6.1302E-02
  1.0325E-01 1.1144E-01 9.5632E-02 8.0156E-02 5.4647E-02 3.2253E-02 1.2950E-02
  5.8130E-03 3.4886E-03 2.3955E-03 1.8232E-03 1.8150E-03 1.7169E-03 1.5370E-03
  0.0000E+00 0.0000E+00 3.5974E-05 6.7696E-04 3.7298E-03 1.4637E-02 5.3646E-02
  9.8334E-02 1.2688E-01 1.0305E-01 7.7260E-02 4.1405E-02 3.1547E-02 1.3289E-02
  3.3390E-03 1.5482E-03 1.1381E-03 1.4504E-03 1.5321E-03 1.4324E-03 1.5370E-03
  1.4062E-04 2.1094E-04 3.7445E-04 9.0097E-04 2.8632E-03 1.0033E-02 4.4398E-02
  9.2205E-02 1.1403E-01 9.5637E-02 8.1766E-02 7.1506E-02 4.2851E-02 1.5498E-02
  7.1816E-03 5.4775E-03 2.9384E-03 1.6123E-03 1.0776E-03 1.2198E-03 1.5370E-03
  1.9622E-04 2.7307E-04 5.7885E-04 1.4471E-03 3.8246E-03 1.0724E-02 3.8479E-02
  7.8305E-02 8.4315E-02 7.3996E-02 6.5348E-02 6.4201E-02 3.4891E-02 1.7689E-02
  1.0071E-02 5.7857E-03 3.9718E-03 2.4773E-03 1.4128E-03 1.3065E-03 1.5370E-03
  1.2427E-04 1.5043E-04 3.0905E-04 8.0940E-04 2.0292E-03 4.8967E-03 1.4695E-02
  3.4060E-02 5.6184E-02 6.7759E-02 6.6594E-02 5.9136E-02 4.0763E-02 2.8568E-02
  1.5416E-02 9.2385E-03 6.1776E-03 4.0258E-03 2.4887E-03 1.7333E-03 1.5370E-03
  0.0000E+00 0.0000E+00 0.0000E+00 0.0000E+00 8.9934E-05 5.8341E-04 2.8043E-03
  1.0432E-02 3.2499E-02 5.3502E-02 6.2291E-02 5.6707E-02 4.9145E-02 3.6317E-02
  2.3416E-02 1.2832E-02 7.1620E-03 4.3822E-03 3.0823E-03 2.0685E-03 1.5370E-03
  0.0000E+00 0.0000E+00 0.0000E+00 0.0000E+00 0.0000E+00 1.1343E-04 1.1184E-03
  5.1279E-03 1.6780E-02 3.4706E-02 5.0706E-02 6.1004E-02 5.5360E-02 4.3881E-02
  3.0317E-02 1.6106E-02 9.0702E-03 4.7567E-03 2.3955E-03 1.5796E-03 1.5370E-03
  0.0000E+00 0.0000E+00 0.0000E+00 0.0000E+00 0.0000E+00 4.5807E-05 4.8237E-04
  2.1797E-03 7.0394E-03 1.6388E-02 3.1945E-02 4.8878E-02 5.4212E-02 4.3422E-02
  2.6091E-02 1.2247E-02 6.2643E-03 3.0430E-03 1.4209E-03 1.2362E-03 1.5370E-03
  0.0000E+00 0.0000E+00 0.0000E+00 0.0000E+00 0.0000E+00 0.0000E+00 2.1094E-04
  1.1757E-03 3.5794E-03 8.9688E-03 1.7643E-02 3.0524E-02 4.0011E-02 2.8264E-02
  1.6868E-02 7.7688E-03 5.0870E-03 2.7389E-03 1.1724E-03 1.1201E-03 1.5370E-03
  0.0000E+00 0.0000E+00 0.0000E+00 0.0000E+00 0.0000E+00 0.0000E+00 4.4149E-05
  3.7118E-04 9.9254E-04 2.9613E-03 7.0377E-03 1.3344E-02 1.7091E-02 1.1057E-02
  6.2218E-03 2.8423E-03 1.8739E-03 2.0685E-03 2.2483E-03 1.8101E-03 1.5370E-03
  0.0000E+00 0.0000E+00 0.0000E+00 0.0000E+00 0.0000E+00 0.0000E+00 0.0000E+00
  1.6352E-05 2.6163E-04 1.0547E-03 2.5427E-03 3.8181E-03 6.3199E-03 7.4481E-03
  5.9847E-03 5.1023E-03 3.0986E-03 1.8477E-03 1.1201E-03 1.1610E-03 1.5370E-03
  0.0000E+00 0.0000E+00 0.0000E+00 0.0000E+00 0.0000E+00 0.0000E+00 0.0000E+00
  0.0000E+00 3.2703E-06 2.0439E-04 9.0097E-04 3.4469E-03 1.4744E-02 2.8553E-02
  1.6208E-02 1.2254E-02 7.3108E-03 4.0061E-03 2.3873E-03 1.6531E-03 1.5370E-03
  0.0000E+00 0.0000E+00 0.0000E+00 2.6162E-05 7.3582E-05 9.4839E-05 1.0138E-04
  0.0000E+00 0.0000E+00 1.1283E-04 6.1956E-03 3.2726E-02 5.3993E-02 5.8221E-02
  2.7253E-02 1.3380E-02 6.6175E-03 3.9571E-03 2.4936E-03 1.6090E-03 1.5370E-03
  6.5406E-05 6.5406E-05 1.1446E-04 2.0930E-04 2.5999E-04 1.3620E-04 3.9244E-05
  0.0000E+00 5.5759E-04 3.9718E-03 2.4312E-02 6.3879E-02 7.6820E-02 6.7462E-02
  3.2067E-02 1.2490E-02 5.4336E-03 3.0627E-03 2.0390E-03 1.5959E-03 1.5370E-03
  2.9433E-05 2.9433E-05 4.4149E-05 8.9934E-05 1.0628E-04 5.0124E-05 1.6351E-06
  5.6413E-04 6.8317E-03 3.1137E-02 7.2300E-02 1.0932E-01 8.2330E-02 4.4321E-02
  1.9825E-02 1.0371E-02 5.5334E-03 4.0356E-03 3.3652E-03 2.2075E-03 1.5370E-03
  0.0000E+00 0.0000E+00 0.0000E+00 0.0000E+00 0.0000E+00 0.0000E+00 5.7231E-05
  2.2238E-03 1.9851E-02 6.1498E-02 1.0519E-01 1.1072E-01 6.4916E-02 2.9923E-02
  1.5632E-02 6.6777E-03 4.4149E-03 3.2540E-03 2.1094E-03 1.4798E-03 1.5370E-03
  0.0000E+00 0.0000E+00 0.0000E+00 0.0000E+00 0.0000E+00 1.9632E-05 7.9796E-04
  8.4930E-03 3.8585E-02 8.1045E-02 1.0247E-01 8.9999E-02 5.0382E-02 2.5685E-02
  1.2326E-02 5.9099E-03 4.4231E-03 3.2049E-03 1.9393E-03 1.4324E-03 1.5370E-03
  0.0000E+00 0.0000E+00 0.0000E+00 0.0000E+00 6.3771E-05 4.7655E-04 3.8917E-03
  2.0114E-02 5.3167E-02 8.5082E-02 9.3701E-02 7.6457E-02 4.6362E-02 2.3845E-02
  1.1377E-02 6.3658E-03 4.3005E-03 2.9318E-03 1.6940E-03 1.2918E-03 1.5370E-03
  0.0000E+00 0.0000E+00 0.0000E+00 5.0690E-05 3.9571E-04 1.9312E-03 9.8829E-03
  3.1714E-02 6.8001E-02 9.1047E-02 8.4554E-02 6.3441E-02 4.1953E-02 2.6611E-02
  1.2587E-02 8.2479E-03 6.4736E-03 3.8148E-03 1.8314E-03 1.3245E-03 1.5370E-03
  0.0000E+00 1.6351E-06 7.8488E-05 6.9658E-04 2.9498E-03 9.3653E-03 2.9511E-02
  6.0879E-02 9.3088E-02 1.0519E-01 9.8168E-02 6.8309E-02 4.0670E-02 2.2012E-02
  9.4872E-03 6.3652E-03 5.0870E-03 3.2589E-03 2.1862E-03 1.7071E-03 1.5370E-03
  1.6412E-04 9.7255E-05 1.1549E-04 6.4431E-04 2.3827E-03 7.1277E-03 2.0527E-02
  3.5723E-02 4.2825E-02 3.9181E-02 3.2416E-02 2.1973E-02 1.3269E-02 5.9386E-03
  2.8143E-03 1.7568E-03 1.3828E-03 1.3160E-03 1.3950E-03 1.3312E-03 1.2400E-03
  2.4314E-06 1.2157E-06 3.1608E-05 3.1912E-04 1.5688E-03 5.7647E-03 1.9416E-02
  3.5550E-02 4.8436E-02 4.1502E-02 3.1337E-02 1.8274E-02 1.3763E-02 6.6528E-03
  2.2083E-03 1.3039E-03 7.4460E-04 7.9263E-04 7.8290E-04 9.4459E-04 1.2400E-03
  5.2274E-05 6.2608E-05 8.9353E-05 2.9298E-04 1.1506E-03 4.1304E-03 1.7228E-02
  3.5717E-02 4.9110E-02 4.1945E-02 3.6193E-02 3.2017E-02 1.9363E-02 7.5336E-03
  4.3783E-03 4.0479E-03 2.2557E-03 1.2455E-03 8.2970E-04 9.6586E-04 1.2400E-03
  6.0784E-05 7.7196E-05 1.7506E-04 5.2457E-04 1.5032E-03 4.2223E-03 1.4616E-02
  2.9207E-02 3.3663E-02 3.1021E-02 2.9644E-02 3.1223E-02 1.8923E-02 1.0630E-02
  7.2600E-03 4.9645E-03 3.3529E-03 2.2533E-03 1.5725E-03 1.2825E-03 1.2400E-03
  3.5255E-05 5.0451E-05 1.1488E-04 3.1912E-04 8.2058E-04 1.9333E-03 5.3861E-03
  1.1246E-02 1.8313E-02 2.6166E-02 3.0272E-02 3.0622E-02 2.2153E-02 1.5862E-02
  1.0551E-02 7.0487E-03 4.7272E-03 2.9347E-03 1.8193E-03 1.3391E-03 1.2400E-03
  0.0000E+00 0.0000E+00 0.0000E+00 0.0000E+00 4.8627E-05 2.7970E-04 1.1671E-03
  3.7261E-03 1.1029E-02 2.0673E-02 2.8760E-02 2.9942E-02 2.7395E-02 2.0208E-02
  1.3780E-02 8.2212E-03 4.7138E-03 2.8082E-03 1.8570E-03 1.3828E-03 1.2400E-03
  0.0000E+00 0.0000E+00 0.0000E+00 0.0000E+00 0.0000E+00 6.6490E-05 5.0147E-04
  1.9785E-03 5.8517E-03 1.2775E-02 2.2544E-02 3.0917E-02 3.3211E-02 2.8584E-02
  1.9991E-02 1.1768E-02 6.3471E-03 2.9772E-03 1.2120E-03 9.5917E-04 1.2400E-03
  0.0000E+00 0.0000E+00 0.0000E+00 0.0000E+00 1.0333E-05 5.6345E-05 2.5894E-04
  9.4398E-04 2.5700E-03 5.7775E-03 1.2686E-02 2.3261E-02 3.1238E-02 3.0106E-02
  1.8579E-02 9.8427E-03 5.5216E-03 3.0337E-03 1.5524E-03 1.1154E-03 1.2400E-03
  0.0000E+00 8.5098E-06 2.1275E-05 3.1608E-05 2.3098E-05 1.3375E-05 1.6837E-04
  5.9933E-04 1.3640E-03 3.0155E-03 6.2213E-03 1.2369E-02 2.0177E-02 1.9120E-02
  1.2403E-02 6.4628E-03 4.0330E-03 2.1888E-03 9.5917E-04 8.7833E-04 1.2400E-03
  0.0000E+00 0.0000E+00 0.0000E+00 0.0000E+00 0.0000E+00 0.0000E+00 4.0118E-05
  1.5682E-04 4.2974E-04 1.0546E-03 2.3730E-03 5.0889E-03 1.0383E-02 9.1893E-03
  6.1896E-03 4.1257E-03 2.6508E-03 2.1992E-03 1.7597E-03 1.2923E-03 1.2400E-03
  6.0784E-06 1.5196E-05 2.7353E-05 2.4314E-05 9.1176E-06 0.0000E+00 0.0000E+00
  2.7353E-05 1.3980E-04 3.8902E-04 8.2058E-04 1.6047E-03 4.3734E-03 6.7531E-03
  4.9843E-03 3.8338E-03 2.6836E-03 1.7901E-03 1.0516E-03 9.5431E-04 1.2400E-03
  2.3098E-05 2.9784E-05 4.2549E-05 5.4098E-05 4.7412E-05 2.6335E-05 1.0941E-05
  0.0000E+00 9.1176E-06 1.0333E-04 7.8351E-04 3.4683E-03 1.0961E-02 1.9797E-02
  1.4068E-02 8.3993E-03 5.0894E-03 2.8356E-03 1.5597E-03 1.1543E-03 1.2400E-03
  9.3608E-05 8.0843E-05 6.6255E-05 7.8412E-05 1.0029E-04 1.0820E-04 8.8137E-05
  7.9019E-06 0.0000E+00 9.6039E-05 3.0100E-03 1.6103E-02 3.1398E-02 3.6822E-02
  2.0368E-02 1.1070E-02 6.0310E-03 3.9370E-03 2.5760E-03 1.4868E-03 1.2400E-03
  1.1184E-04 1.0212E-04 9.2392E-05 1.0941E-04 1.3008E-04 1.0778E-04 5.4098E-05
  3.6470E-06 2.0727E-04 1.8320E-03 9.2599E-03 2.8828E-02 4.1320E-02 3.7546E-02
  2.0234E-02 1.0026E-02 5.6061E-03 3.5310E-03 2.1925E-03 1.4242E-03 1.2400E-03
  3.2823E-05 2.7353E-05 2.7353E-05 3.9510E-05 4.5588E-05 2.2276E-05 6.0783E-07
  2.7961E-04 3.4939E-03 1.3963E-02 2.7506E-02 4.2372E-02 3.8555E-02 2.3851E-02
  1.4950E-02 8.5720E-03 5.4870E-03 3.8555E-03 2.7055E-03 1.7311E-03 1.2400E-03
  0.0000E+00 0.0000E+00 0.0000E+00 0.0000E+00 0.0000E+00 0.0000E+00 2.7353E-05
  8.6010E-04 7.9749E-03 2.3174E-02 3.9643E-02 4.4631E-02 3.0076E-02 1.5746E-02
  7.7713E-03 5.3532E-03 4.3977E-03 3.1821E-03 2.0423E-03 1.3798E-03 1.2400E-03
  0.0000E+00 0.0000E+00 0.0000E+00 0.0000E+00 0.0000E+00 7.2978E-06 3.0088E-04
  3.0854E-03 1.3242E-02 2.6557E-02 3.6780E-02 3.5502E-02 2.0409E-02 1.1576E-02
  5.9246E-03 3.5151E-03 2.8459E-03 2.1122E-03 1.4947E-03 1.2376E-03 1.2400E-03
  0.0000E+00 0.0000E+00 0.0000E+00 0.0000E+00 2.7353E-05 2.1120E-04 1.5652E-03
  7.0661E-03 1.7565E-02 2.8286E-02 3.2867E-02 2.9927E-02 1.9937E-02 1.0725E-02
  4.9472E-03 2.9297E-03 2.1870E-03 1.7743E-03 1.2248E-03 1.0558E-03 1.2400E-03
  0.0000E+00 0.0000E+00 0.0000E+00 2.0667E-05 1.7749E-04 8.4557E-04 3.9759E-03
  1.1452E-02 2.3946E-02 3.2112E-02 3.1817E-02 2.5716E-02 1.8213E-02 1.1483E-02
  5.3174E-03 3.5394E-03 2.9322E-03 2.2277E-03 1.5482E-03 1.2266E-03 1.2400E-03
  0.0000E+00 0.0000E+00 3.4647E-05 2.8569E-04 1.1561E-03 3.4773E-03 1.0242E-02
  2.1513E-02 3.3748E-02 4.0371E-02 3.8696E-02 2.9054E-02 1.7109E-02 8.6879E-03
  3.8610E-03 3.1482E-03 2.8216E-03 2.1852E-03 1.9749E-03 1.6005E-03 1.2400E-03
  5.6116E-05 2.8058E-05 4.2087E-05 3.5540E-04 1.4356E-03 4.4155E-03 1.2832E-02
  2.3035E-02 2.8918E-02 2.6725E-02 2.0721E-02 1.3225E-02 8.1602E-03 3.7317E-03
  1.5946E-03 1.0071E-03 7.3418E-04 6.4066E-04 6.6404E-04 6.8742E-04 6.9210E-04
  1.8705E-05 1.7770E-05 3.5540E-05 2.0856E-04 9.6987E-04 3.5182E-03 1.1932E-02
  2.1965E-02 3.0453E-02 2.6418E-02 1.8920E-02 1.0786E-02 9.0197E-03 4.3855E-03
  1.0971E-03 6.5232E-04 3.3950E-04 3.3669E-04 3.3669E-04 4.8727E-04 6.9210E-04
  1.8144E-04 1.9079E-04 1.5525E-04 2.5626E-04 8.5109E-04 2.6961E-03 1.0685E-02
  2.1971E-02 3.0153E-02 2.5674E-02 2.2048E-02 1.8915E-02 1.2291E-02 4.7100E-03
  2.5159E-03 2.3572E-03 1.3889E-03 8.3145E-04 5.1627E-04 5.3684E-04 6.9210E-04
  1.2345E-04 1.3935E-04 2.1792E-04 4.6108E-04 1.0868E-03 2.7247E-03 9.0608E-03
  1.7764E-02 2.0191E-02 1.9500E-02 1.8556E-02 1.8867E-02 1.1450E-02 6.3317E-03
  4.3321E-03 2.9537E-03 2.4083E-03 1.7761E-03 1.0316E-03 7.0519E-04 6.9210E-04
  5.2375E-05 5.9857E-05 1.0101E-04 2.1043E-04 4.7044E-04 1.0190E-03 3.2061E-03
  6.9312E-03 1.1549E-02 1.7638E-02 2.0599E-02 2.0027E-02 1.3868E-02 9.9821E-03
  6.9920E-03 4.5838E-03 3.1705E-03 2.0407E-03 1.2074E-03 8.0433E-04 6.9210E-04
  0.0000E+00 0.0000E+00 0.0000E+00 0.0000E+00 0.0000E+00 7.4858E-05 5.7519E-04
  2.2400E-03 7.2296E-03 1.3809E-02 1.9079E-02 1.9122E-02 1.6377E-02 1.1742E-02
  8.2630E-03 5.0542E-03 2.9133E-03 1.6788E-03 1.0662E-03 7.8095E-04 6.9210E-04
  0.0000E+00 0.0000E+00 0.0000E+00 0.0000E+00 0.0000E+00 2.3705E-05 2.1417E-04
  1.1205E-03 3.5521E-03 8.0283E-03 1.3789E-02 1.8337E-02 2.0305E-02 1.8316E-02
  1.3050E-02 7.4532E-03 3.9805E-03 1.8378E-03 7.1922E-04 5.4058E-04 6.9210E-04
  0.0000E+00 0.0000E+00 0.0000E+00 0.0000E+00 0.0000E+00 0.0000E+00 1.9641E-05
  4.1713E-04 1.3879E-03 3.3632E-03 7.8048E-03 1.3832E-02 1.9189E-02 1.9528E-02
  1.1618E-02 5.9423E-03 3.3221E-03 1.9220E-03 1.0662E-03 7.0332E-04 6.9210E-04
  0.0000E+00 0.0000E+00 0.0000E+00 0.0000E+00 0.0000E+00 0.0000E+00 0.0000E+00
  2.5439E-04 8.6512E-04 1.8181E-03 3.6625E-03 7.6542E-03 1.2730E-02 1.1820E-02
  7.3708E-03 3.7165E-03 2.1764E-03 1.0540E-03 4.1432E-04 4.5547E-04 6.9210E-04
  0.0000E+00 0.0000E+00 0.0000E+00 0.0000E+00 0.0000E+00 0.0000E+00 0.0000E+00
  8.4174E-06 1.0194E-04 4.7137E-04 1.3804E-03 3.4773E-03 7.1510E-03 5.9408E-03
  3.5007E-03 2.2624E-03 1.4366E-03 1.1625E-03 8.6512E-04 6.5843E-04 6.9210E-04
  0.0000E+00 0.0000E+00 0.0000E+00 0.0000E+00 0.0000E+00 0.0000E+00 0.0000E+00
  0.0000E+00 0.0000E+00 7.9497E-05 6.5936E-04 1.3094E-03 3.3249E-03 4.1947E-03
  3.3810E-03 2.8747E-03 1.8378E-03 1.0849E-03 6.0792E-04 5.4713E-04 6.9210E-04
  0.0000E+00 0.0000E+00 0.0000E+00 0.0000E+00 0.0000E+00 0.0000E+00 0.0000E+00
  0.0000E+00 0.0000E+00 0.0000E+00 6.8274E-04 2.8928E-03 8.4726E-03 1.2505E-02
  8.1330E-03 5.3683E-03 3.3464E-03 1.9566E-03 1.1139E-03 7.0332E-04 6.9210E-04
  0.0000E+00 0.0000E+00 0.0000E+00 0.0000E+00 0.0000E+00 0.0000E+00 0.0000E+00
  0.0000E+00 0.0000E+00 2.8058E-06 1.9510E-03 1.1026E-02 2.0496E-02 2.3045E-02
  1.2057E-02 6.5423E-03 3.5531E-03 2.4438E-03 1.6657E-03 8.9037E-04 6.9210E-04
  3.7411E-05 4.6763E-05 6.5469E-05 7.0145E-05 5.8922E-05 1.7441E-05 0.0000E+00
  0.0000E+00 7.2015E-05 1.3010E-03 6.1007E-03 1.9123E-02 2.6443E-02 2.4010E-02
  1.3269E-02 6.4650E-03 3.3735E-03 2.1099E-03 1.4113E-03 8.8756E-04 6.9210E-04
  1.6835E-05 2.5252E-05 4.2087E-05 6.1727E-05 7.2951E-05 5.7979E-05 0.0000E+00
  1.3748E-04 2.3428E-03 9.2245E-03 1.6688E-02 2.6031E-02 2.3734E-02 1.4518E-02
  8.9159E-03 5.3741E-03 3.2033E-03 2.1128E-03 1.4730E-03 9.4929E-04 6.9210E-04
  0.0000E+00 0.0000E+00 0.0000E+00 0.0000E+00 0.0000E+00 0.0000E+00 0.0000E+00
  4.7231E-04 5.1860E-03 1.5320E-02 2.4279E-02 2.7805E-02 1.9084E-02 9.8156E-03
  4.6950E-03 3.2829E-03 2.6421E-03 1.9547E-03 1.2766E-03 8.0900E-04 6.9210E-04
  0.0000E+00 0.0000E+00 0.0000E+00 0.0000E+00 0.0000E+00 0.0000E+00 1.6367E-04
  1.9482E-03 8.7821E-03 1.7974E-02 2.3254E-02 2.1848E-02 1.2853E-02 6.7217E-03
  3.3230E-03 1.9180E-03 1.5142E-03 1.1878E-03 9.3433E-04 7.5382E-04 6.9210E-04
  0.0000E+00 0.0000E+00 0.0000E+00 0.0000E+00 0.0000E+00 6.8620E-05 9.6519E-04
  4.7399E-03 1.1609E-02 1.9107E-02 2.1136E-02 1.7724E-02 1.1859E-02 6.5468E-03
  2.9975E-03 1.6113E-03 1.2673E-03 1.0335E-03 6.6404E-04 5.6303E-04 6.9210E-04
  0.0000E+00 0.0000E+00 0.0000E+00 0.0000E+00 4.8634E-05 4.0918E-04 2.3129E-03
  7.4036E-03 1.6285E-02 2.2036E-02 2.0108E-02 1.5138E-02 1.1546E-02 6.9864E-03
  3.2940E-03 2.0184E-03 1.6592E-03 1.1953E-03 7.2950E-04 6.0138E-04 6.9210E-04
  0.0000E+00 0.0000E+00 1.1223E-05 1.4590E-04 6.6871E-04 2.0774E-03 6.2709E-03
  1.3961E-02 2.2648E-02 2.8079E-02 2.4938E-02 1.7301E-02 1.0443E-02 5.5087E-03
  2.5168E-03 2.2122E-03 1.9285E-03 1.2851E-03 9.5584E-04 7.8749E-04 6.9210E-04
  1.4201E-04 7.1005E-05 5.6804E-05 5.0414E-04 2.1231E-03 6.4962E-03 1.8752E-02
  3.5034E-02 4.4151E-02 4.2887E-02 3.5013E-02 2.4830E-02 1.6573E-02 8.4851E-03
  3.7420E-03 2.7647E-03 2.1657E-03 1.8745E-03 1.7467E-03 1.9242E-03 2.1586E-03
  0.0000E+00 0.0000E+00 1.4201E-05 2.4568E-04 1.4656E-03 5.2946E-03 1.7518E-02
  3.4435E-02 4.6895E-02 4.2055E-02 3.2069E-02 1.9661E-02 1.7331E-02 9.1654E-03
  2.9936E-03 2.6967E-03 1.6771E-03 1.3789E-03 1.2227E-03 1.6061E-03 2.1586E-03
  3.0390E-04 3.1810E-04 2.5704E-04 4.8142E-04 1.5905E-03 4.4251E-03 1.5178E-02
  3.1599E-02 4.5131E-02 4.2038E-02 3.8103E-02 3.5585E-02 2.3561E-02 9.6880E-03
  6.4288E-03 6.2341E-03 3.7036E-03 2.4610E-03 1.9768E-03 1.9725E-03 2.1586E-03
  2.3574E-04 2.6414E-04 4.3029E-04 9.4153E-04 2.0890E-03 4.7005E-03 1.3867E-02
  2.7461E-02 3.2919E-02 3.4678E-02 3.5761E-02 3.9428E-02 2.4992E-02 1.4450E-02
  1.1846E-02 8.3056E-03 5.8807E-03 4.2774E-03 2.9666E-03 2.2835E-03 2.1586E-03
  1.0793E-04 1.3065E-04 2.1728E-04 4.6011E-04 9.8697E-04 1.8634E-03 5.0755E-03
  1.0671E-02 2.0502E-02 3.1542E-02 3.9733E-02 4.0405E-02 2.9798E-02 2.2609E-02
  1.6561E-02 1.1002E-02 7.1360E-03 4.7091E-03 3.3089E-03 2.4809E-03 2.1586E-03
  0.0000E+00 0.0000E+00 0.0000E+00 0.0000E+00 0.0000E+00 1.7050E-04 1.0722E-03
  3.6284E-03 1.1872E-02 2.4227E-02 3.7228E-02 4.0203E-02 3.8236E-02 2.9964E-02
  2.2331E-02 1.4567E-02 8.5277E-03 5.2828E-03 3.7065E-03 2.6414E-03 2.1586E-03
  0.0000E+00 0.0000E+00 0.0000E+00 0.0000E+00 0.0000E+00 1.7050E-05 4.3881E-04
  1.9569E-03 5.8011E-03 1.3690E-02 2.6846E-02 4.1254E-02 5.1193E-02 4.8808E-02
  3.7369E-02 2.2392E-02 1.2138E-02 6.1562E-03 2.9964E-03 2.0563E-03 2.1586E-03
  0.0000E+00 0.0000E+00 0.0000E+00 0.0000E+00 0.0000E+00 0.0000E+00 3.9763E-05
  6.5609E-04 2.0748E-03 5.4830E-03 1.4820E-02 3.0890E-02 5.0993E-02 5.6777E-02
  4.0010E-02 2.2704E-02 1.2436E-02 6.3919E-03 3.0149E-03 1.9924E-03 2.1586E-03
  0.0000E+00 0.0000E+00 0.0000E+00 0.0000E+00 0.0000E+00 0.0000E+00 0.0000E+00
  2.0592E-04 9.2875E-04 2.4596E-03 7.2170E-03 1.8517E-02 3.6728E-02 4.4949E-02
  3.4631E-02 1.9259E-02 1.1665E-02 5.9758E-03 2.3503E-03 1.6686E-03 2.1586E-03
  0.0000E+00 0.0000E+00 0.0000E+00 0.0000E+00 0.0000E+00 0.0000E+00 0.0000E+00
  0.0000E+00 6.3905E-05 5.9786E-04 2.4227E-03 8.3843E-03 2.5171E-02 3.4971E-02
  2.7845E-02 1.4921E-02 9.3912E-03 6.2911E-03 3.7462E-03 2.3361E-03 2.1586E-03
  0.0000E+00 0.0000E+00 0.0000E+00 0.0000E+00 0.0000E+00 0.0000E+00 0.0000E+00
  0.0000E+00 0.0000E+00 5.6804E-05 1.1929E-03 4.8852E-03 1.9704E-02 3.2726E-02
  2.4049E-02 1.3578E-02 8.7976E-03 5.7301E-03 3.2804E-03 2.1586E-03 2.1586E-03
  0.0000E+00 0.0000E+00 0.0000E+00 0.0000E+00 0.0000E+00 0.0000E+00 0.0000E+00
  0.0000E+00 0.0000E+00 0.0000E+00 2.0393E-03 1.1629E-02 3.1227E-02 4.6125E-02
  3.2932E-02 1.7295E-02 1.0246E-02 6.4672E-03 3.9692E-03 2.4483E-03 2.1586E-03
  0.0000E+00 0.0000E+00 0.0000E+00 0.0000E+00 0.0000E+00 0.0000E+00 0.0000E+00
  0.0000E+00 0.0000E+00 4.6863E-05 4.5742E-03 2.7527E-02 5.6229E-02 6.3408E-02
  3.7207E-02 1.7469E-02 9.7107E-03 7.1005E-03 4.9931E-03 2.7820E-03 2.1586E-03
  7.6686E-05 8.0946E-05 1.1361E-04 1.4059E-04 1.3917E-04 4.6344E-05 0.0000E+00
  0.0000E+00 1.7893E-04 3.1668E-03 1.2774E-02 3.6427E-02 5.9517E-02 5.9171E-02
  3.1073E-02 1.3432E-02 7.9043E-03 5.5498E-03 3.7974E-03 2.5108E-03 2.1586E-03
  5.1124E-05 6.3905E-05 8.9467E-05 1.2071E-04 1.3917E-04 1.1454E-04 1.4201E-06
  4.6295E-04 5.0584E-03 1.6835E-02 2.7493E-02 4.4927E-02 4.5857E-02 3.5621E-02
  2.1465E-02 1.1985E-02 7.6430E-03 5.3041E-03 3.7576E-03 2.6258E-03 2.1586E-03
  0.0000E+00 0.0000E+00 0.0000E+00 0.0000E+00 0.0000E+00 0.0000E+00 1.4201E-05
  9.8697E-04 8.7479E-03 2.3020E-02 3.7264E-02 4.5926E-02 3.5808E-02 2.4071E-02
  1.4002E-02 9.3024E-03 6.6177E-03 4.5585E-03 2.8899E-03 2.1160E-03 2.1586E-03
  0.0000E+00 0.0000E+00 0.0000E+00 0.0000E+00 0.0000E+00 0.0000E+00 3.5503E-04
  3.5630E-03 1.3698E-02 2.7084E-02 3.6874E-02 3.7329E-02 2.4575E-02 1.4911E-02
  9.8612E-03 6.1770E-03 4.4833E-03 3.4665E-03 2.5548E-03 2.1003E-03 2.1586E-03
  0.0000E+00 0.0000E+00 0.0000E+00 0.0000E+00 0.0000E+00 1.4777E-04 1.7169E-03
  7.9455E-03 1.8511E-02 3.0201E-02 3.5237E-02 3.1846E-02 2.3024E-02 1.2689E-02
  7.2567E-03 4.7284E-03 3.5559E-03 2.8658E-03 1.9441E-03 1.7538E-03 2.1586E-03
  0.0000E+00 0.0000E+00 0.0000E+00 0.0000E+00 7.8106E-05 7.1886E-04 4.1850E-03
  1.2809E-02 2.6667E-02 3.5355E-02 3.4710E-02 2.7749E-02 2.1056E-02 1.3910E-02
  6.8421E-03 4.6904E-03 3.8414E-03 3.0490E-03 2.0293E-03 1.7879E-03 2.1586E-03
  0.0000E+00 0.0000E+00 4.2602E-06 2.2722E-04 1.1105E-03 3.5445E-03 1.0709E-02
  2.2894E-02 3.6159E-02 4.5516E-02 4.3096E-02 3.3130E-02 2.0147E-02 1.1624E-02
  5.5498E-03 4.7006E-03 3.8840E-03 2.8019E-03 2.0563E-03 1.9470E-03 2.1586E-03
  1.2516E-04 6.2582E-05 3.3698E-05 3.2254E-04 1.4009E-03 4.2534E-03 1.2213E-02
  2.3786E-02 3.0107E-02 3.0641E-02 2.6150E-02 2.0060E-02 1.4076E-02 7.6687E-03
  3.4372E-03 2.7088E-03 2.1904E-03 1.8919E-03 1.6897E-03 1.9015E-03 2.2145E-03
  0.0000E+00 0.0000E+00 0.0000E+00 1.2613E-04 9.7821E-04 3.5524E-03 1.1479E-02
  2.4073E-02 3.2228E-02 2.9820E-02 2.4007E-02 1.5565E-02 1.4207E-02 7.9229E-03
  2.9394E-03 2.9838E-03 1.9323E-03 1.5309E-03 1.3190E-03 1.6839E-03 2.2145E-03
  1.9256E-04 2.0508E-04 1.6945E-04 3.6875E-04 1.2430E-03 3.1130E-03 9.3902E-03
  2.0228E-02 3.0165E-02 3.0558E-02 2.8979E-02 2.8780E-02 1.9307E-02 8.2743E-03
  6.1369E-03 6.0305E-03 3.5855E-03 2.4773E-03 2.1451E-03 2.1153E-03 2.2145E-03
  1.7908E-04 2.0508E-04 3.4372E-04 7.6735E-04 1.6416E-03 3.3235E-03 8.9502E-03
  1.7771E-02 2.3765E-02 2.6944E-02 2.9392E-02 3.4047E-02 2.2099E-02 1.3088E-02
  1.1614E-02 8.2264E-03 5.4880E-03 3.9552E-03 2.9539E-03 2.3733E-03 2.2145E-03
  1.3094E-04 1.4346E-04 2.1663E-04 4.4193E-04 9.1563E-04 1.5188E-03 3.5816E-03
  7.3423E-03 1.5902E-02 2.4605E-02 3.2687E-02 3.4172E-02 2.6119E-02 2.0383E-02
  1.5250E-02 1.0206E-02 6.4209E-03 4.2758E-03 3.2427E-03 2.5437E-03 2.2145E-03
  0.0000E+00 0.0000E+00 0.0000E+00 0.0000E+00 0.0000E+00 1.5413E-04 8.6652E-04
  2.6092E-03 8.6556E-03 1.8635E-02 3.0829E-02 3.4815E-02 3.4998E-02 2.8533E-02
  2.1774E-02 1.4543E-02 8.5641E-03 5.4398E-03 3.9379E-03 2.7825E-03 2.2145E-03
  0.0000E+00 0.0000E+00 0.0000E+00 0.0000E+00 0.0000E+00 0.0000E+00 3.9282E-04
  1.4933E-03 4.2084E-03 1.0298E-02 2.2207E-02 3.7072E-02 4.8522E-02 4.7316E-02
  3.7229E-02 2.2696E-02 1.2380E-02 6.4662E-03 3.3246E-03 2.2327E-03 2.2145E-03
  0.0000E+00 0.0000E+00 0.0000E+00 0.0000E+00 0.0000E+00 0.0000E+00 3.3698E-05
  4.6022E-04 1.3884E-03 3.9793E-03 1.2053E-02 2.7637E-02 4.9394E-02 5.6890E-02
  4.2292E-02 2.4673E-02 1.3449E-02 6.6857E-03 2.9943E-03 1.9843E-03 2.2145E-03
  0.0000E+00 0.0000E+00 0.0000E+00 0.0000E+00 0.0000E+00 0.0000E+00 0.0000E+00
  1.4442E-05 3.6201E-04 1.4606E-03 6.0117E-03 1.7225E-02 3.6710E-02 4.8784E-02
  3.9367E-02 2.2295E-02 1.3586E-02 7.0217E-03 2.7575E-03 1.7870E-03 2.2145E-03
  0.0000E+00 0.0000E+00 0.0000E+00 0.0000E+00 0.0000E+00 0.0000E+00 0.0000E+00
  0.0000E+00 0.0000E+00 3.1869E-04 1.8640E-03 7.8064E-03 2.6760E-02 4.1311E-02
  3.4145E-02 1.7896E-02 1.1246E-02 7.3327E-03 4.1892E-03 2.4898E-03 2.2145E-03
  0.0000E+00 0.0000E+00 0.0000E+00 0.0000E+00 0.0000E+00 0.0000E+00 0.0000E+00
  0.0000E+00 0.0000E+00 0.0000E+00 9.4836E-04 5.2762E-03 2.3300E-02 4.0057E-02
  2.9130E-02 1.5452E-02 1.0052E-02 6.6578E-03 3.8223E-03 2.3637E-03 2.2145E-03
  0.0000E+00 0.0000E+00 0.0000E+00 0.0000E+00 0.0000E+00 0.0000E+00 0.0000E+00
  0.0000E+00 0.0000E+00 0.0000E+00 2.0623E-03 1.2798E-02 3.3621E-02 4.9680E-02
  3.6273E-02 1.7929E-02 1.0457E-02 6.7550E-03 4.2248E-03 2.5861E-03 2.2145E-03
  0.0000E+00 0.0000E+00 0.0000E+00 0.0000E+00 0.0000E+00 0.0000E+00 0.0000E+00
  0.0000E+00 0.0000E+00 5.7768E-05 4.1978E-03 2.5978E-02 5.5135E-02 6.2268E-02
  3.8038E-02 1.6947E-02 9.5038E-03 7.1122E-03 5.0653E-03 2.8624E-03 2.2145E-03
  1.9256E-04 1.8967E-04 1.9352E-04 1.8101E-04 1.5501E-04 4.9374E-05 0.0000E+00
  0.0000E+00 1.7523E-04 2.9452E-03 1.1031E-02 2.9694E-02 5.3478E-02 5.5510E-02
  2.8481E-02 1.1562E-02 7.2480E-03 5.3561E-03 3.6933E-03 2.4879E-03 2.2145E-03
  1.5597E-04 1.6464E-04 1.8197E-04 2.1952E-04 2.4840E-04 2.2272E-04 1.1554E-05
  5.0355E-04 4.4299E-03 1.3341E-02 2.0093E-02 3.4137E-02 3.7747E-02 3.3361E-02
  1.9937E-02 1.0720E-02 7.0679E-03 5.0085E-03 3.5701E-03 2.5842E-03 2.2145E-03
  0.0000E+00 0.0000E+00 0.0000E+00 0.0000E+00 0.0000E+00 0.0000E+00 3.3698E-05
  8.6171E-04 6.5326E-03 1.5453E-02 2.5534E-02 3.3660E-02 2.8913E-02 2.2525E-02
  1.4158E-02 9.2341E-03 6.2582E-03 4.1834E-03 2.6188E-03 2.0411E-03 2.2145E-03
  0.0000E+00 0.0000E+00 0.0000E+00 0.0000E+00 0.0000E+00 0.0000E+00 3.3217E-04
  2.8239E-03 9.5414E-03 1.8214E-02 2.6061E-02 2.8117E-02 2.0090E-02 1.3282E-02
  9.9515E-03 6.3956E-03 4.5021E-03 3.4584E-03 2.4917E-03 2.0710E-03 2.2145E-03
  0.0000E+00 0.0000E+00 0.0000E+00 0.0000E+00 0.0000E+00 1.2972E-04 1.3412E-03
  5.9010E-03 1.3163E-02 2.1279E-02 2.6021E-02 2.4938E-02 1.9002E-02 1.0459E-02
  6.7444E-03 4.7586E-03 3.5162E-03 2.8114E-03 1.9429E-03 1.7956E-03 2.2145E-03
  0.0000E+00 0.0000E+00 0.0000E+00 0.0000E+00 5.2954E-05 5.6058E-04 3.2870E-03
  9.7407E-03 1.9395E-02 2.5268E-02 2.6365E-02 2.2036E-02 1.6665E-02 1.1665E-02
  5.8856E-03 4.2809E-03 3.5075E-03 2.9067E-03 2.0074E-03 1.8120E-03 2.2145E-03
  0.0000E+00 0.0000E+00 2.8884E-06 1.6753E-04 8.1838E-04 2.6561E-03 8.0741E-03
  1.6662E-02 2.5733E-02 3.2804E-02 3.2764E-02 2.7112E-02 1.6558E-02 1.0097E-02
  4.9421E-03 4.0908E-03 3.2803E-03 2.4840E-03 1.8033E-03 1.8284E-03 2.2145E-03
  2.4873E-04 1.2436E-04 1.5545E-05 2.2696E-04 9.3583E-04 2.5936E-03 6.7591E-03
  1.3130E-02 1.7302E-02 1.9074E-02 1.6941E-02 1.3406E-02 1.0369E-02 6.0285E-03
  2.7080E-03 2.2075E-03 1.9867E-03 1.8312E-03 1.6354E-03 1.7691E-03 2.0271E-03
  0.0000E+00 0.0000E+00 5.5964E-06 1.7287E-04 8.0774E-04 2.4298E-03 7.0900E-03
  1.3862E-02 1.7670E-02 1.7298E-02 1.5248E-02 1.0560E-02 1.0334E-02 5.8799E-03
  2.4500E-03 2.4178E-03 1.7890E-03 1.5004E-03 1.2530E-03 1.5527E-03 2.0271E-03
  1.1566E-04 1.2996E-04 1.6229E-04 3.7869E-04 1.0042E-03 2.2120E-03 6.0496E-03
  1.2548E-02 1.7106E-02 1.8421E-02 1.9018E-02 1.8907E-02 1.3858E-02 6.2549E-03
  4.2470E-03 4.1036E-03 2.8604E-03 2.2255E-03 1.8965E-03 1.8785E-03 2.0271E-03
  1.4550E-04 1.6851E-04 2.8479E-04 6.1249E-04 1.2778E-03 2.4570E-03 6.1069E-03
  1.1444E-02 1.4544E-02 1.7181E-02 2.0022E-02 2.3848E-02 1.6974E-02 1.0407E-02
  8.7894E-03 6.1690E-03 4.4012E-03 3.3535E-03 2.5227E-03 2.0781E-03 2.0271E-03
  1.3431E-04 1.4613E-04 2.2945E-04 4.6077E-04 9.0847E-04 1.5705E-03 2.9735E-03
  5.0361E-03 9.8098E-03 1.6224E-02 2.3674E-02 2.5368E-02 2.0482E-02 1.6103E-02
  1.1786E-02 7.8882E-03 5.5721E-03 4.0841E-03 3.0575E-03 2.3250E-03 2.0271E-03
  0.0000E+00 3.1091E-06 2.4873E-05 7.4618E-05 1.8965E-04 4.6024E-04 1.0136E-03
  2.0240E-03 5.4596E-03 1.2660E-02 2.1213E-02 2.4555E-02 2.5995E-02 2.3331E-02
  1.8508E-02 1.2713E-02 8.1800E-03 5.6647E-03 4.2532E-03 2.8541E-03 2.0271E-03
  3.3578E-05 3.3578E-05 4.6014E-05 7.7105E-05 1.3431E-04 2.7489E-04 6.1933E-04
  1.3083E-03 2.7677E-03 6.7710E-03 1.5287E-02 2.6957E-02 3.8612E-02 3.9776E-02
  3.2129E-02 1.9398E-02 1.0615E-02 5.7953E-03 3.3062E-03 2.2286E-03 2.0271E-03
  1.1566E-04 1.2001E-04 1.2872E-04 1.3742E-04 1.6292E-04 2.3715E-04 4.0978E-04
  7.5489E-04 1.2623E-03 3.0034E-03 9.1960E-03 2.1715E-02 4.2057E-02 5.1795E-02
  3.8785E-02 2.2582E-02 1.2296E-02 6.1491E-03 2.9132E-03 1.9258E-03 2.0271E-03
  9.0785E-05 9.7003E-05 1.1193E-04 1.2685E-04 1.2872E-04 1.4593E-04 2.4935E-04
  4.2408E-04 6.8338E-04 1.3270E-03 4.6730E-03 1.3960E-02 3.4674E-02 4.9595E-02
  4.1935E-02 2.6150E-02 1.4514E-02 7.1521E-03 2.9972E-03 1.8275E-03 2.0271E-03
  1.5172E-04 1.5110E-04 1.5545E-04 1.4737E-04 1.1690E-04 1.0696E-04 1.4240E-04
  2.1515E-04 3.2832E-04 5.9073E-04 1.9867E-03 8.8684E-03 3.1796E-02 5.2977E-02
  4.5319E-02 2.4460E-02 1.3443E-02 7.4556E-03 3.6476E-03 2.1192E-03 2.0271E-03
  9.9491E-05 9.6382E-05 9.9491E-05 1.0571E-04 1.0571E-04 1.0986E-04 1.2436E-04
  1.5234E-04 1.8654E-04 3.6376E-04 1.3804E-03 7.3094E-03 2.9518E-02 4.9904E-02
  3.7645E-02 1.8800E-02 1.0801E-02 6.5788E-03 3.6843E-03 2.2448E-03 2.0271E-03
  5.0989E-05 5.7207E-05 7.0887E-05 8.4567E-05 8.4567E-05 7.7519E-05 9.4516E-05
  1.0820E-04 1.2623E-04 1.9836E-04 1.9158E-03 1.2110E-02 3.3104E-02 4.8302E-02
  3.7906E-02 1.8445E-02 1.0137E-02 6.3637E-03 4.1090E-03 2.5445E-03 2.0271E-03
  3.3578E-05 3.5443E-05 4.9745E-05 7.0265E-05 7.2131E-05 6.5913E-05 8.5189E-05
  2.7360E-05 5.7829E-05 3.7309E-04 4.2744E-03 2.1005E-02 4.2210E-02 4.7413E-02
  3.1323E-02 1.6629E-02 8.8136E-03 5.7226E-03 3.8963E-03 2.4269E-03 2.0271E-03
  1.4924E-04 1.5545E-04 1.7411E-04 1.7597E-04 1.5919E-04 9.7390E-05 9.0163E-05
  6.0938E-05 3.4324E-04 2.3648E-03 8.4343E-03 2.0790E-02 3.8449E-02 4.2000E-02
  2.2910E-02 1.0198E-02 6.0652E-03 4.1618E-03 2.9213E-03 2.1757E-03 2.0271E-03
  1.2312E-04 1.2934E-04 1.4799E-04 1.7287E-04 1.8592E-04 1.7078E-04 6.5913E-05
  5.3476E-04 3.1029E-03 7.3063E-03 1.3109E-02 2.3033E-02 2.8557E-02 2.6756E-02
  1.6550E-02 9.6913E-03 6.5110E-03 4.2445E-03 2.8162E-03 2.1664E-03 2.0271E-03
  0.0000E+00 6.2182E-06 1.8654E-05 3.4200E-05 4.3527E-05 5.1822E-05 1.0571E-04
  7.5551E-04 4.4864E-03 9.7097E-03 1.5766E-02 2.2317E-02 2.1574E-02 1.7675E-02
  1.1528E-02 8.5818E-03 5.6212E-03 3.3827E-03 1.9898E-03 1.7224E-03 2.0271E-03
  0.0000E+00 0.0000E+00 0.0000E+00 6.2181E-07 7.4618E-06 5.1837E-05 3.5879E-04
  2.0209E-03 6.3127E-03 1.1547E-02 1.7026E-02 1.9352E-02 1.5376E-02 1.0943E-02
  8.1557E-03 5.6598E-03 4.1861E-03 3.2254E-03 2.3443E-03 1.9282E-03 2.0271E-03
  0.0000E+00 0.0000E+00 0.0000E+00 0.0000E+00 3.9796E-05 2.6955E-04 1.1889E-03
  4.2259E-03 8.8161E-03 1.3852E-02 1.7255E-02 1.6472E-02 1.3473E-02 8.0364E-03
  5.1026E-03 3.8643E-03 2.9909E-03 2.5034E-03 1.8356E-03 1.6932E-03 2.0271E-03
  0.0000E+00 0.0000E+00 0.0000E+00 0.0000E+00 4.6636E-05 4.0848E-04 2.3237E-03
  7.1789E-03 1.2993E-02 1.6856E-02 1.8447E-02 1.5791E-02 1.2255E-02 9.0673E-03
  4.8284E-03 3.4057E-03 2.7540E-03 2.2945E-03 1.6223E-03 1.5999E-03 2.0271E-03
  0.0000E+00 0.0000E+00 0.0000E+00 7.9592E-05 5.0429E-04 1.7013E-03 4.9863E-03
  1.0782E-02 1.7068E-02 2.1490E-02 2.1915E-02 1.8830E-02 1.2371E-02 8.2957E-03
  4.1139E-03 2.9446E-03 2.4985E-03 1.9780E-03 1.4258E-03 1.5713E-03 2.0271E-03
  1.8290E-04 9.1452E-05 1.5905E-05 1.7098E-04 6.5408E-04 1.7141E-03 4.0795E-03
  7.2843E-03 9.2525E-03 1.0775E-02 1.0630E-02 9.2327E-03 7.5130E-03 4.1869E-03
  2.0020E-03 1.8543E-03 1.6123E-03 1.4434E-03 1.2962E-03 1.3360E-03 1.4712E-03
  3.1809E-05 3.7376E-05 6.6800E-05 1.8648E-04 5.8569E-04 1.5765E-03 4.0406E-03
  7.9460E-03 9.9245E-03 1.0379E-02 9.0665E-03 7.3579E-03 7.2820E-03 4.0859E-03
  1.7726E-03 1.8024E-03 1.4135E-03 1.2044E-03 1.0080E-03 1.1753E-03 1.4712E-03
  1.7495E-04 1.8012E-04 1.9284E-04 3.1929E-04 7.3082E-04 1.5544E-03 4.6867E-03
  1.0039E-02 9.9197E-03 1.1219E-02 1.2155E-02 1.2599E-02 9.2493E-03 4.6867E-03
  3.0616E-03 2.6476E-03 1.9272E-03 1.5459E-03 1.3105E-03 1.3304E-03 1.4712E-03
  1.7495E-04 1.8688E-04 2.5606E-04 4.6998E-04 9.3957E-04 1.8444E-03 5.4457E-03
  1.0192E-02 9.3678E-03 1.0518E-02 1.2322E-02 1.5302E-02 1.1485E-02 7.3945E-03
  6.0656E-03 4.3946E-03 3.0891E-03 2.3253E-03 1.8294E-03 1.5360E-03 1.4712E-03
  1.5666E-04 1.6024E-04 2.0517E-04 3.6104E-04 6.9146E-04 1.1996E-03 2.2696E-03
  3.8294E-03 6.2394E-03 9.8927E-03 1.4770E-02 1.6622E-02 1.4207E-02 1.1862E-02
  8.7034E-03 5.7986E-03 4.0768E-03 2.9674E-03 2.1034E-03 1.5909E-03 1.4712E-03
  4.7714E-05 4.7714E-05 5.5666E-05 9.9404E-05 2.1670E-04 4.5469E-04 8.3499E-04
  1.4274E-03 3.2863E-03 7.3937E-03 1.3493E-02 1.6674E-02 1.8004E-02 1.6304E-02
  1.3384E-02 9.6923E-03 6.2426E-03 4.1372E-03 2.8290E-03 1.8847E-03 1.4712E-03
  1.2962E-04 1.3320E-04 1.3758E-04 1.4712E-04 1.8887E-04 3.0356E-04 5.4434E-04
  9.3440E-04 1.7503E-03 4.4247E-03 1.0511E-02 1.8664E-02 2.7173E-02 2.8909E-02
  2.2936E-02 1.3732E-02 7.7611E-03 4.2915E-03 2.3774E-03 1.5770E-03 1.4712E-03
  1.5427E-04 1.6104E-04 1.6779E-04 1.7018E-04 1.9404E-04 2.6378E-04 3.9762E-04
  5.9682E-04 8.5766E-04 1.9217E-03 6.2760E-03 1.5177E-02 3.0286E-02 3.9222E-02
  2.8501E-02 1.5933E-02 8.8267E-03 4.4943E-03 2.1189E-03 1.4024E-03 1.4712E-03
  1.1372E-04 1.2048E-04 1.4076E-04 1.7296E-04 1.9404E-04 2.0650E-04 2.7157E-04
  3.8927E-04 6.0438E-04 9.3281E-04 3.3352E-03 9.8919E-03 2.6376E-02 4.1298E-02
  3.6444E-02 2.2645E-02 1.2267E-02 6.0895E-03 2.5746E-03 1.4326E-03 1.4712E-03
  1.5348E-04 1.5268E-04 1.5507E-04 1.5467E-04 1.4314E-04 1.4049E-04 1.7575E-04
  2.3420E-04 3.0418E-04 5.1968E-04 1.5921E-03 7.7277E-03 2.8117E-02 5.0434E-02
  4.3902E-02 2.3752E-02 1.2244E-02 6.0994E-03 2.7185E-03 1.5201E-03 1.4712E-03
  1.3519E-04 1.2724E-04 1.1730E-04 1.1928E-04 1.2525E-04 1.3254E-04 1.5109E-04
  1.6501E-04 1.9086E-04 3.8370E-04 1.6183E-03 8.2426E-03 2.8032E-02 4.7988E-02
  3.7056E-02 1.8398E-02 1.0127E-02 5.7833E-03 3.1173E-03 1.7654E-03 1.4712E-03
  1.2644E-04 1.3042E-04 1.5308E-04 1.7933E-04 1.7933E-04 1.6222E-04 1.6819E-04
  1.9006E-04 1.7495E-04 2.6123E-04 1.6231E-03 9.3905E-03 2.6453E-02 4.0532E-02
  3.2342E-02 1.5134E-02 8.0521E-03 4.8219E-03 2.9316E-03 1.8048E-03 1.4712E-03
  1.7495E-04 1.7654E-04 2.0795E-04 2.6839E-04 2.8907E-04 2.5685E-04 2.1113E-04
  2.1948E-04 2.2545E-04 4.8907E-04 3.1435E-03 1.4370E-02 2.7816E-02 3.3316E-02
  2.3267E-02 1.2818E-02 6.8044E-03 4.2434E-03 2.8294E-03 1.7726E-03 1.4712E-03
  2.0835E-04 2.0596E-04 2.0756E-04 2.0596E-04 2.0398E-04 1.8581E-04 1.9205E-04
  1.4632E-04 2.9265E-04 1.6314E-03 5.5988E-03 1.4459E-02 2.4806E-02 2.6361E-02
  1.4887E-02 7.3461E-03 4.3626E-03 3.0243E-03 2.1861E-03 1.6219E-03 1.4712E-03
  1.4155E-04 1.4195E-04 1.4990E-04 1.6581E-04 1.7416E-04 1.6885E-04 1.0696E-04
  5.5467E-04 2.0183E-03 4.2000E-03 7.8104E-03 1.2923E-02 1.8271E-02 1.7734E-02
  1.1419E-02 7.3630E-03 4.7972E-03 3.0060E-03 1.9869E-03 1.5602E-03 1.4712E-03
  6.3619E-05 6.9583E-05 7.5547E-05 7.7535E-05 8.1511E-05 8.6152E-05 1.5308E-04
  8.4692E-04 3.0418E-03 6.1014E-03 9.7933E-03 1.3374E-02 1.3670E-02 1.1608E-02
  8.5905E-03 6.7721E-03 4.2803E-03 2.4553E-03 1.4115E-03 1.2465E-03 1.4712E-03
  7.3957E-05 7.7933E-05 7.7933E-05 6.9583E-05 6.1233E-05 8.6430E-05 3.5308E-04
  1.6414E-03 4.2919E-03 7.3368E-03 1.0530E-02 1.1831E-02 1.0300E-02 8.1913E-03
  6.2370E-03 4.1316E-03 3.0481E-03 2.2696E-03 1.5583E-03 1.3296E-03 1.4712E-03
  0.0000E+00 0.0000E+00 0.0000E+00 0.0000E+00 2.9026E-05 1.8270E-04 9.0060E-04
  3.1288E-03 5.7137E-03 8.5134E-03 1.0511E-02 1.0441E-02 9.0179E-03 5.6899E-03
  3.5463E-03 2.4781E-03 2.0453E-03 1.7607E-03 1.2930E-03 1.2215E-03 1.4712E-03
  0.0000E+00 0.0000E+00 0.0000E+00 0.0000E+00 5.3678E-05 3.3172E-04 1.6441E-03
  4.8827E-03 7.9599E-03 1.0536E-02 1.2016E-02 1.0414E-02 8.1897E-03 6.0426E-03
  3.1555E-03 2.2681E-03 1.8652E-03 1.5917E-03 1.1614E-03 1.1646E-03 1.4712E-03
  0.0000E+00 0.0000E+00 3.9761E-07 6.6402E-05 3.3360E-04 1.0168E-03 3.0386E-03
  6.8175E-03 9.9480E-03 1.3345E-02 1.4569E-02 1.2796E-02 8.4366E-03 5.4807E-03
  2.6919E-03 2.0335E-03 1.6370E-03 1.3030E-03 9.5905E-04 1.1113E-03 1.4712E-03
  1.1260E-04 5.6298E-05 1.3762E-05 1.2386E-04 4.5664E-04 1.1938E-03 2.7223E-03
  4.5890E-03 5.6649E-03 6.3192E-03 6.4843E-03 5.8638E-03 4.9743E-03 2.7899E-03
  1.2548E-03 1.1360E-03 9.6333E-04 8.1946E-04 7.1561E-04 8.1195E-04 9.5582E-04
  5.0043E-07 2.5022E-07 1.4262E-05 1.0784E-04 3.8483E-04 1.0007E-03 2.6215E-03
  4.9433E-03 6.0835E-03 6.3750E-03 5.4014E-03 4.3880E-03 4.6930E-03 2.8467E-03
  1.0927E-03 1.0506E-03 8.8126E-04 7.7016E-04 6.3154E-04 7.4814E-04 9.5582E-04
  6.7558E-05 7.5064E-05 1.0059E-04 2.2444E-04 5.1069E-04 9.6346E-04 2.4076E-03
  4.8332E-03 5.4682E-03 6.5246E-03 7.4216E-03 7.8545E-03 5.8555E-03 3.1232E-03
  1.9562E-03 1.5132E-03 1.1828E-03 9.9786E-04 8.3447E-04 8.4548E-04 9.5582E-04
  1.2260E-04 1.3512E-04 1.9267E-04 3.4355E-04 6.2529E-04 1.1096E-03 2.6866E-03
  4.7088E-03 4.7976E-03 5.9093E-03 7.1792E-03 9.1569E-03 7.0348E-03 4.5924E-03
  3.7187E-03 2.6690E-03 1.9176E-03 1.5040E-03 1.1748E-03 9.7359E-04 9.5582E-04
  1.6514E-04 1.6965E-04 2.0017E-04 2.9651E-04 4.9618E-04 8.2047E-04 1.3982E-03
  2.0843E-03 3.4765E-03 5.8323E-03 8.7708E-03 9.7812E-03 8.8143E-03 7.4497E-03
  5.6904E-03 3.9426E-03 2.6268E-03 1.8463E-03 1.2756E-03 9.7934E-04 9.5582E-04
  1.1760E-04 1.1760E-04 1.2511E-04 1.6139E-04 2.5021E-04 4.2042E-04 6.6807E-04
  9.6458E-04 1.9867E-03 4.3700E-03 8.3359E-03 1.0132E-02 1.1223E-02 1.0336E-02
  8.4623E-03 6.1493E-03 3.9384E-03 2.6022E-03 1.7778E-03 1.1923E-03 9.5582E-04
  1.7165E-04 1.7390E-04 1.8116E-04 1.9942E-04 2.4321E-04 3.2247E-04 4.6065E-04
  6.8984E-04 1.1395E-03 2.7376E-03 6.5917E-03 1.1361E-02 1.6897E-02 1.8376E-02
  1.4965E-02 9.2574E-03 5.2643E-03 3.0161E-03 1.7440E-03 1.0974E-03 9.5582E-04
  2.2519E-04 2.3445E-04 2.4796E-04 2.5322E-04 2.6598E-04 3.0578E-04 3.9734E-04
  4.9117E-04 6.2779E-04 1.2929E-03 4.0237E-03 9.8249E-03 1.9557E-02 2.5384E-02
  1.8914E-02 1.0555E-02 5.8010E-03 3.0309E-03 1.5568E-03 1.0086E-03 9.5582E-04
  1.8966E-04 1.9292E-04 2.0042E-04 2.1068E-04 2.2069E-04 2.4105E-04 3.2128E-04
  3.4505E-04 4.1311E-04 6.4280E-04 2.0520E-03 6.3795E-03 1.7393E-02 2.7976E-02
  2.5190E-02 1.5630E-02 8.6892E-03 4.4120E-03 1.9402E-03 1.0309E-03 9.5582E-04
  1.7965E-04 1.8241E-04 1.9016E-04 1.9542E-04 1.9592E-04 2.1353E-04 2.7574E-04
  2.6898E-04 2.7349E-04 4.0835E-04 1.2323E-03 5.8833E-03 1.9904E-02 3.5864E-02
  3.2480E-02 1.7429E-02 8.9790E-03 4.4103E-03 1.9412E-03 1.0386E-03 9.5582E-04
  1.8516E-04 1.8516E-04 1.9016E-04 1.9767E-04 2.0142E-04 2.1102E-04 2.4021E-04
  2.3270E-04 2.2644E-04 3.4905E-04 1.2573E-03 6.3317E-03 2.0114E-02 3.3888E-02
  2.7400E-02 1.3423E-02 7.2600E-03 3.9634E-03 2.0455E-03 1.1447E-03 9.5582E-04
  1.9517E-04 2.0242E-04 2.2194E-04 2.4146E-04 2.4621E-04 2.3703E-04 2.2194E-04
  2.1469E-04 2.0343E-04 3.1827E-04 1.3539E-03 6.3720E-03 1.7826E-02 2.6693E-02
  2.2630E-02 1.0704E-02 5.5976E-03 3.2295E-03 1.8741E-03 1.1495E-03 9.5582E-04
  1.6064E-04 1.6889E-04 1.8391E-04 1.9567E-04 2.0493E-04 2.0684E-04 1.9642E-04
  1.8566E-04 2.2094E-04 6.4380E-04 2.7073E-03 8.7248E-03 1.6120E-02 1.9821E-02
  1.4678E-02 8.3373E-03 4.4065E-03 2.5922E-03 1.6452E-03 1.0757E-03 9.5582E-04
  1.9166E-04 1.9742E-04 2.1068E-04 2.1744E-04 2.1744E-04 1.9582E-04 1.7715E-04
  1.6689E-04 3.3504E-04 1.4312E-03 4.0868E-03 8.5246E-03 1.3461E-02 1.4856E-02
  8.9897E-03 4.8398E-03 2.8620E-03 1.8574E-03 1.3169E-03 1.0164E-03 9.5582E-04
  1.6965E-04 1.6965E-04 1.7465E-04 1.8716E-04 1.9692E-04 1.9617E-04 1.6514E-04
  4.6015E-04 1.3206E-03 2.7919E-03 5.0551E-03 7.1752E-03 1.0272E-02 1.0258E-02
  6.7416E-03 4.3945E-03 2.8587E-03 1.8468E-03 1.2824E-03 1.0156E-03 9.5582E-04
  1.3011E-04 1.2886E-04 1.3011E-04 1.3637E-04 1.4012E-04 1.4179E-04 1.9517E-04
  7.4064E-04 2.1831E-03 3.7945E-03 6.2066E-03 7.6628E-03 7.8342E-03 6.9535E-03
  5.0018E-03 4.0881E-03 2.6635E-03 1.6289E-03 9.9461E-04 8.4197E-04 9.5582E-04
  9.3080E-05 9.5332E-05 1.0009E-04 1.0534E-04 1.1010E-04 1.5515E-04 4.3738E-04
  1.1918E-03 2.7946E-03 4.5069E-03 6.2361E-03 6.9510E-03 6.2021E-03 4.9192E-03
  3.7502E-03 2.5941E-03 1.9009E-03 1.4775E-03 1.0857E-03 9.0653E-04 9.5582E-04
  1.0509E-05 1.4763E-05 1.9767E-05 2.8024E-05 5.9551E-05 1.8137E-04 7.3463E-04
  2.2189E-03 3.7365E-03 5.2573E-03 6.3607E-03 6.4988E-03 5.5931E-03 3.5511E-03
  2.1831E-03 1.4914E-03 1.2588E-03 1.0944E-03 8.2896E-04 8.0619E-04 9.5582E-04
  0.0000E+00 0.0000E+00 0.0000E+00 1.1760E-05 6.8058E-05 2.7415E-04 1.1815E-03
  3.2213E-03 4.8434E-03 6.1726E-03 7.3078E-03 6.6705E-03 5.0771E-03 3.5453E-03
  1.9374E-03 1.4178E-03 1.1192E-03 8.9827E-04 6.4055E-04 7.2012E-04 9.5582E-04
  0.0000E+00 0.0000E+00 7.5063E-07 5.0293E-05 2.3520E-04 7.0344E-04 2.0713E-03
  4.2724E-03 5.9974E-03 7.9461E-03 9.2199E-03 8.4913E-03 5.6256E-03 3.3979E-03
  1.6269E-03 1.2693E-03 1.0151E-03 7.7917E-04 5.6048E-04 6.9910E-04 9.5582E-04
  7.3748E-05 3.7732E-05 1.5436E-05 9.5186E-05 3.0700E-04 7.5821E-04 1.7785E-03
  3.0108E-03 3.7234E-03 4.2345E-03 4.2928E-03 3.9832E-03 3.4156E-03 1.9492E-03
  8.2409E-04 7.5980E-04 6.3114E-04 4.9566E-04 4.1419E-04 4.9737E-04 6.0713E-04
  6.8603E-07 3.4301E-07 1.6808E-05 9.4672E-05 2.9448E-04 7.0800E-04 1.6521E-03
  3.1701E-03 4.0805E-03 4.3681E-03 3.7042E-03 3.0825E-03 3.3070E-03 2.0032E-03
  6.9855E-04 5.9081E-04 5.1109E-04 4.5844E-04 3.7903E-04 4.6513E-04 6.0713E-04
  4.4935E-05 5.3510E-05 7.9579E-05 1.8042E-04 3.9755E-04 7.1573E-04 1.5863E-03
  3.0269E-03 3.3929E-03 4.1048E-03 4.9241E-03 5.0188E-03 3.8668E-03 2.0353E-03
  1.2487E-03 9.0540E-04 7.0507E-04 6.0045E-04 4.9240E-04 5.1675E-04 6.0713E-04
  1.0256E-04 1.1285E-04 1.6087E-04 2.8607E-04 5.1023E-04 8.5444E-04 1.8171E-03
  3.0871E-03 2.9998E-03 3.4893E-03 4.4518E-03 5.6505E-03 4.5412E-03 3.0084E-03
  2.3917E-03 1.6489E-03 1.1527E-03 8.7554E-04 6.5276E-04 5.7352E-04 6.0713E-04
  1.4098E-04 1.4561E-04 1.7477E-04 2.6241E-04 4.3614E-04 6.9456E-04 1.0462E-03
  1.5261E-03 2.4718E-03 3.7433E-03 5.5102E-03 5.9907E-03 5.5067E-03 4.6300E-03
  3.6835E-03 2.3982E-03 1.5650E-03 1.1337E-03 7.9716E-04 6.1622E-04 6.0713E-04
  1.2005E-04 1.1834E-04 1.2348E-04 1.5521E-04 2.3325E-04 3.7793E-04 5.4711E-04
  7.2033E-04 1.4046E-03 2.9765E-03 5.5920E-03 6.6339E-03 7.0129E-03 6.3809E-03
  5.3081E-03 3.9050E-03 2.5452E-03 1.6696E-03 1.1088E-03 7.4434E-04 6.0713E-04
  1.6842E-04 1.6996E-04 1.7837E-04 2.0101E-04 2.4148E-04 3.0851E-04 4.0064E-04
  5.0354E-04 8.0197E-04 1.9111E-03 4.5487E-03 7.6432E-03 1.0852E-02 1.1586E-02
  9.6121E-03 5.8685E-03 3.3488E-03 1.8500E-03 1.0071E-03 6.5927E-04 6.0713E-04
  2.2364E-04 2.2605E-04 2.2913E-04 2.3565E-04 2.5366E-04 2.9283E-04 3.4987E-04
  3.8966E-04 4.6684E-04 9.4620E-04 2.8868E-03 6.6332E-03 1.2635E-02 1.6030E-02
  1.2291E-02 6.8932E-03 3.6809E-03 1.8578E-03 9.1568E-04 6.1228E-04 6.0713E-04
  2.0992E-04 2.0941E-04 2.1130E-04 2.1833E-04 2.3085E-04 2.4926E-04 2.8676E-04
  3.0906E-04 3.1917E-04 4.4626E-04 1.4605E-03 4.3803E-03 1.1275E-02 1.7885E-02
  1.5848E-02 1.0045E-02 5.9082E-03 3.1969E-03 1.4950E-03 7.4897E-04 6.0713E-04
  2.0924E-04 2.1250E-04 2.2073E-04 2.2090E-04 2.1524E-04 2.3658E-04 3.0151E-04
  2.9739E-04 2.7304E-04 3.7680E-04 9.7965E-04 4.1565E-03 1.3513E-02 2.3628E-02
  2.1526E-02 1.1777E-02 6.1525E-03 3.0302E-03 1.3386E-03 7.0095E-04 6.0713E-04
  2.0752E-04 2.0924E-04 2.1267E-04 2.1696E-04 2.2467E-04 2.4583E-04 2.7270E-04
  2.5897E-04 2.4097E-04 3.1300E-04 8.8240E-04 4.3880E-03 1.3564E-02 2.2818E-02
  1.9011E-02 9.2325E-03 4.9900E-03 2.6721E-03 1.3429E-03 7.4605E-04 6.0713E-04
  1.9586E-04 1.9603E-04 1.9638E-04 1.9843E-04 2.0203E-04 2.0604E-04 2.1010E-04
  2.1507E-04 2.1078E-04 3.5502E-04 1.1889E-03 4.4520E-03 1.1439E-02 1.7041E-02
  1.5346E-02 7.0919E-03 3.7066E-03 2.2181E-03 1.3530E-03 7.9836E-04 6.0713E-04
  1.8111E-04 1.8506E-04 1.8952E-04 1.9106E-04 1.9380E-04 1.9712E-04 2.0203E-04
  2.0787E-04 2.4440E-04 6.8843E-04 2.4289E-03 5.6079E-03 9.8426E-03 1.2431E-02
  9.2967E-03 5.0216E-03 2.6594E-03 1.6092E-03 1.0568E-03 6.9477E-04 6.0713E-04
  1.9175E-04 1.9517E-04 2.0203E-04 2.0547E-04 2.0889E-04 1.9631E-04 1.7837E-04
  1.7785E-04 3.7869E-04 1.4419E-03 3.4409E-03 5.4008E-03 8.0509E-03 9.1977E-03
  5.7493E-03 2.9630E-03 1.7933E-03 1.1784E-03 8.2649E-04 6.3989E-04 6.0713E-04
  1.6019E-04 1.6036E-04 1.6379E-04 1.7219E-04 1.7785E-04 1.8111E-04 1.7236E-04
  4.3477E-04 1.0757E-03 2.2109E-03 3.6774E-03 4.6005E-03 6.0211E-03 6.0612E-03
  4.0837E-03 2.7622E-03 1.8384E-03 1.1875E-03 8.2203E-04 6.5104E-04 6.0713E-04
  1.1148E-04 1.1319E-04 1.1834E-04 1.2434E-04 1.3378E-04 1.4979E-04 1.9980E-04
  5.9513E-04 1.4818E-03 2.4903E-03 3.8486E-03 4.6633E-03 4.8373E-03 4.2628E-03
  2.9208E-03 2.2990E-03 1.5298E-03 9.6901E-04 6.0628E-04 5.2996E-04 6.0713E-04
  8.4038E-05 8.7469E-05 9.4157E-05 9.6044E-05 9.9302E-05 1.4077E-04 3.9532E-04
  8.9870E-04 1.9303E-03 2.9948E-03 3.8162E-03 4.3023E-03 3.9796E-03 3.1235E-03
  2.3560E-03 1.5539E-03 1.1275E-03 8.7160E-04 6.3149E-04 5.5037E-04 6.0713E-04
  2.2982E-05 2.6412E-05 3.2758E-05 4.1333E-05 6.8603E-05 1.5565E-04 5.6786E-04
  1.6235E-03 2.6289E-03 3.4223E-03 4.0661E-03 4.2208E-03 3.5296E-03 2.2402E-03
  1.3201E-03 9.0445E-04 7.8962E-04 6.8791E-04 5.0475E-04 4.9634E-04 6.0713E-04
  5.1452E-06 9.7759E-06 1.9723E-05 3.4301E-05 7.6321E-05 2.2141E-04 9.0916E-04
  2.3145E-03 3.2130E-03 3.9988E-03 4.7507E-03 4.3775E-03 3.3855E-03 2.4301E-03
  1.1990E-03 8.2488E-04 6.6647E-04 5.6151E-04 4.2448E-04 4.7113E-04 6.0713E-04
  0.0000E+00 0.0000E+00 1.0633E-05 5.9856E-05 1.8694E-04 4.9439E-04 1.4400E-03
  2.9124E-03 4.0097E-03 5.3478E-03 6.1674E-03 5.8449E-03 3.9131E-03 2.2634E-03
  9.7039E-04 7.8130E-04 6.3303E-04 4.9257E-04 3.6119E-04 4.4832E-04 6.0713E-04
  9.2725E-05 5.7953E-05 4.7254E-05 1.4800E-04 3.7982E-04 8.5133E-04 1.8438E-03
  2.9868E-03 3.6065E-03 3.9132E-03 4.2484E-03 3.9863E-03 3.4469E-03 1.9553E-03
  8.1669E-04 7.7868E-04 6.3035E-04 4.7165E-04 4.0032E-04 5.7686E-04 7.6320E-04
  2.8531E-05 3.9587E-05 7.6855E-05 1.6994E-04 3.7589E-04 7.7712E-04 1.7015E-03
  3.2784E-03 4.1281E-03 4.1133E-03 3.6814E-03 2.9713E-03 3.3016E-03 2.0111E-03
  6.7993E-04 5.5720E-04 4.8164E-04 4.2244E-04 3.5378E-04 5.3656E-04 7.6320E-04
  2.6106E-04 2.6641E-04 2.7372E-04 3.5860E-04 5.8274E-04 9.1046E-04 1.6382E-03
  2.8219E-03 3.3836E-03 3.9865E-03 4.6202E-03 4.6616E-03 3.7661E-03 2.0708E-03
  1.2555E-03 9.1400E-04 7.2397E-04 5.9415E-04 4.8306E-04 5.9612E-04 7.6320E-04
  6.4979E-04 6.5995E-04 6.7529E-04 7.3164E-04 8.8677E-04 1.1658E-03 1.9251E-03
  2.9351E-03 2.9915E-03 3.3629E-03 4.1848E-03 5.2830E-03 4.2809E-03 2.8554E-03
  2.3146E-03 1.6487E-03 1.1382E-03 8.4951E-04 6.6958E-04 6.8456E-04 7.6320E-04
  1.0267E-03 1.0391E-03 1.0287E-03 1.0020E-03 1.0401E-03 1.1766E-03 1.4547E-03
  1.9148E-03 2.9139E-03 3.8702E-03 5.4465E-03 5.6423E-03 5.1322E-03 4.1523E-03
  3.3258E-03 2.2575E-03 1.4674E-03 1.0460E-03 8.2864E-04 7.6463E-04 7.6320E-04
  9.3974E-04 9.3706E-04 9.0853E-04 8.7019E-04 8.7732E-04 9.4927E-04 9.8966E-04
  1.0449E-03 1.7181E-03 3.2801E-03 5.7811E-03 6.3606E-03 6.5567E-03 6.0450E-03
  4.9064E-03 3.4698E-03 2.2941E-03 1.5781E-03 1.2304E-03 9.5400E-04 7.6320E-04
  6.7725E-04 6.8010E-04 6.8260E-04 6.8973E-04 7.1559E-04 7.5893E-04 7.7390E-04
  8.2222E-04 1.2088E-03 2.4497E-03 5.1067E-03 7.8062E-03 1.0539E-02 1.0694E-02
  8.6810E-03 5.2820E-03 3.0699E-03 1.7664E-03 1.0679E-03 8.0725E-04 7.6320E-04
  5.7383E-04 5.7561E-04 5.7311E-04 5.6973E-04 5.8346E-04 6.1842E-04 6.6334E-04
  7.1327E-04 8.7126E-04 1.4602E-03 3.4003E-03 6.7768E-03 1.2187E-02 1.4925E-02
  1.1454E-02 6.4554E-03 3.4850E-03 1.8049E-03 9.9858E-04 7.6944E-04 7.6320E-04
  4.2297E-04 4.2422E-04 4.3402E-04 4.5685E-04 4.9376E-04 5.4258E-04 6.1555E-04
  6.7154E-04 7.2058E-04 8.8481E-04 1.8854E-03 4.5838E-03 1.0811E-02 1.6435E-02
  1.4449E-02 9.3912E-03 5.6154E-03 3.0384E-03 1.4897E-03 8.6645E-04 7.6320E-04
  6.2661E-04 6.3053E-04 6.3945E-04 6.3891E-04 6.2857E-04 6.2471E-04 6.3303E-04
  6.6209E-04 6.8652E-04 7.9227E-04 1.3513E-03 4.2498E-03 1.2690E-02 2.1149E-02
  1.8999E-02 1.0652E-02 5.6891E-03 2.8697E-03 1.3686E-03 8.3257E-04 7.6320E-04
  1.3427E-03 1.3169E-03 1.2357E-03 1.1181E-03 1.0111E-03 9.1415E-04 7.5428E-04
  6.4462E-04 5.9558E-04 6.8474E-04 1.1929E-03 4.3287E-03 1.2659E-02 2.1082E-02
  1.7254E-02 8.6758E-03 4.8030E-03 2.6560E-03 1.5050E-03 9.5757E-04 7.6320E-04
  1.8509E-03 1.8625E-03 1.8782E-03 1.8775E-03 1.8647E-03 1.8184E-03 1.6017E-03
  1.2019E-03 6.6869E-04 7.1006E-04 1.5526E-03 4.3986E-03 1.0432E-02 1.5439E-02
  1.3427E-02 6.3864E-03 3.5173E-03 2.2800E-03 1.7345E-03 1.1751E-03 7.6320E-04
  1.8121E-03 1.8244E-03 1.8506E-03 1.8859E-03 1.9148E-03 1.9175E-03 1.8729E-03
  1.5961E-03 9.0158E-04 1.1979E-03 3.1077E-03 5.7921E-03 9.0842E-03 1.1143E-02
  8.5207E-03 4.6209E-03 2.4726E-03 1.5473E-03 1.3067E-03 1.0253E-03 7.6320E-04
  1.2693E-03 1.2627E-03 1.2718E-03 1.3165E-03 1.3770E-03 1.4122E-03 1.2502E-03
  8.3221E-04 7.7622E-04 2.1937E-03 4.1306E-03 5.2812E-03 7.3836E-03 8.1821E-03
  5.0360E-03 2.5564E-03 1.6116E-03 1.1389E-03 1.0430E-03 9.2725E-04 7.6320E-04
  4.3474E-04 4.0799E-04 3.6520E-04 3.3506E-04 3.2293E-04 3.4725E-04 3.9729E-04
  7.5749E-04 1.5412E-03 2.9135E-03 3.9538E-03 4.4305E-03 5.3797E-03 5.1234E-03
  3.6461E-03 2.4912E-03 1.6387E-03 1.0938E-03 8.7732E-04 8.0564E-04 7.6320E-04
  3.6199E-04 3.6288E-04 3.6377E-04 3.5753E-04 3.4148E-04 3.2454E-04 3.8606E-04
  8.4523E-04 1.9579E-03 3.0046E-03 3.8392E-03 4.3456E-03 4.3198E-03 3.5262E-03
  2.4956E-03 1.9456E-03 1.2901E-03 8.2829E-04 5.5457E-04 6.0717E-04 7.6320E-04
  5.7490E-04 5.6830E-04 5.4975E-04 5.2211E-04 4.9537E-04 5.1000E-04 7.4680E-04
  1.2621E-03 2.2577E-03 3.1475E-03 3.6384E-03 3.9850E-03 3.6425E-03 2.7347E-03
  2.1371E-03 1.3728E-03 9.5204E-04 7.2005E-04 6.0682E-04 6.6744E-04 7.6320E-04
  2.7568E-04 2.8495E-04 3.0813E-04 3.4308E-04 4.0353E-04 5.3619E-04 1.0107E-03
  2.0608E-03 2.9157E-03 3.5409E-03 3.9776E-03 3.9064E-03 3.2800E-03 2.2077E-03
  1.3028E-03 8.5145E-04 7.1541E-04 6.1234E-04 5.0607E-04 6.0771E-04 7.6320E-04
  2.2539E-04 2.4269E-04 2.8049E-04 3.3096E-04 4.1708E-04 6.1550E-04 1.3026E-03
  2.5952E-03 3.2798E-03 3.9266E-03 4.6978E-03 4.3633E-03 3.4048E-03 2.5027E-03
  1.2475E-03 8.0760E-04 6.5443E-04 5.9219E-04 5.0464E-04 6.0022E-04 7.6320E-04
  5.6705E-05 7.4180E-05 1.3124E-04 2.4394E-04 4.5346E-04 8.8032E-04 1.7696E-03
  3.0102E-03 3.8786E-03 5.1142E-03 5.9485E-03 5.7238E-03 3.8499E-03 2.3880E-03
  1.0670E-03 7.5611E-04 5.9933E-04 4.9269E-04 3.9569E-04 5.4940E-04 7.6320E-04
  0.0000E+00 0.0000E+00 0.0000E+00 2.3251E-03 1.0463E-02 4.2640E-02 1.6950E-01
  3.5411E-01 3.1947E-01 1.5439E-01 6.7428E-02 4.8595E-02 9.3004E-03 0.0000E+00
  0.0000E+00 0.0000E+00 0.0000E+00 0.0000E+00 0.0000E+00 0.0000E+00 0.0000E+00
  0.0000E+00 0.0000E+00 0.0000E+00 0.0000E+00 8.5099E-03 4.8967E-02 2.0484E-01
  3.5439E-01 2.2321E-01 7.2497E-02 3.6783E-02 2.2042E-02 1.0230E-03 0.0000E+00
  0.0000E+00 0.0000E+00 0.0000E+00 0.0000E+00 0.0000E+00 0.0000E+00 0.0000E+00
  3.7202E-03 4.7897E-03 9.5795E-03 1.1672E-02 2.4972E-02 7.7491E-02 2.4483E-01
  2.8576E-01 1.4295E-01 3.1343E-02 4.8362E-03 3.5621E-02 8.9284E-03 0.0000E+00
  0.0000E+00 0.0000E+00 0.0000E+00 0.0000E+00 0.0000E+00 0.0000E+00 0.0000E+00
  4.6502E-03 5.5803E-03 1.0370E-02 2.3530E-02 4.9850E-02 1.0446E-01 2.8585E-01
  3.8885E-01 1.9140E-01 6.2080E-02 3.2924E-02 9.6632E-02 3.1761E-02 0.0000E+00
  0.0000E+00 0.0000E+00 0.0000E+00 0.0000E+00 0.0000E+00 0.0000E+00 0.0000E+00
  2.6041E-03 2.9761E-03 5.4408E-03 1.1719E-02 7.9519E-03 2.1526E-02 1.8475E-01
  4.7865E-01 4.7111E-01 1.7787E-01 4.1294E-02 4.8827E-03 0.0000E+00 0.0000E+00
  0.0000E+00 0.0000E+00 0.0000E+00 0.0000E+00 0.0000E+00 0.0000E+00 0.0000E+00
  0.0000E+00 0.0000E+00 0.0000E+00 0.0000E+00 0.0000E+00 0.0000E+00 3.0924E-02
  1.7787E-01 3.0413E-01 2.3809E-01 1.0114E-01 2.9994E-02 4.6502E-03 0.0000E+00
  1.3951E-03 0.0000E+00 0.0000E+00 0.0000E+00 0.0000E+00 0.0000E+00 0.0000E+00
  0.0000E+00 0.0000E+00 0.0000E+00 0.0000E+00 0.0000E+00 0.0000E+00 5.6268E-03
  9.1842E-02 2.3572E-01 2.7608E-01 1.7197E-01 8.4030E-02 2.2461E-02 0.0000E+00
  0.0000E+00 0.0000E+00 0.0000E+00 0.0000E+00 0.0000E+00 0.0000E+00 0.0000E+00
  0.0000E+00 0.0000E+00 0.0000E+00 0.0000E+00 0.0000E+00 0.0000E+00 6.3708E-03
  5.4454E-02 1.5085E-01 2.1168E-01 1.7568E-01 1.0203E-01 4.3154E-02 1.6741E-03
  0.0000E+00 0.0000E+00 0.0000E+00 0.0000E+00 0.0000E+00 0.0000E+00 0.0000E+00
  0.0000E+00 0.0000E+00 0.0000E+00 0.0000E+00 0.0000E+00 0.0000E+00 0.0000E+00
  1.3160E-02 6.4266E-02 1.1491E-01 1.3076E-01 8.1518E-02 2.9808E-02 1.3021E-03
  0.0000E+00 0.0000E+00 0.0000E+00 0.0000E+00 0.0000E+00 0.0000E+00 0.0000E+00
  0.0000E+00 0.0000E+00 0.0000E+00 0.0000E+00 0.0000E+00 0.0000E+00 0.0000E+00
  3.8132E-03 3.2272E-02 5.5756E-02 6.4452E-02 4.7758E-02 2.0554E-02 1.6741E-03
  0.0000E+00 0.0000E+00 0.0000E+00 0.0000E+00 0.0000E+00 0.0000E+00 0.0000E+00
  0.0000E+00 0.0000E+00 0.0000E+00 0.0000E+00 0.0000E+00 0.0000E+00 0.0000E+00
  0.0000E+00 8.1379E-03 1.5346E-02 2.3484E-02 1.9996E-02 5.3478E-03 0.0000E+00
  0.0000E+00 0.0000E+00 0.0000E+00 0.0000E+00 0.0000E+00 0.0000E+00 0.0000E+00
  0.0000E+00 0.0000E+00 0.0000E+00 0.0000E+00 0.0000E+00 0.0000E+00 0.0000E+00
  1.7206E-03 4.7432E-03 8.3704E-04 1.9996E-03 1.4881E-03 0.0000E+00 0.0000E+00
  0.0000E+00 0.0000E+00 0.0000E+00 0.0000E+00 0.0000E+00 0.0000E+00 0.0000E+00
  2.7901E-04 1.3951E-04 0.0000E+00 0.0000E+00 0.0000E+00 0.0000E+00 0.0000E+00
  2.2786E-03 0.0000E+00 0.0000E+00 0.0000E+00 0.0000E+00 0.0000E+00 0.0000E+00
  0.0000E+00 0.0000E+00 0.0000E+00 0.0000E+00 0.0000E+00 0.0000E+00 0.0000E+00
  9.3005E-04 9.3005E-04 1.5346E-03 2.3716E-03 3.2552E-03 1.3008E-03 0.0000E+00
  0.0000E+00 0.0000E+00 0.0000E+00 0.0000E+00 0.0000E+00 0.0000E+00 0.0000E+00
  0.0000E+00 0.0000E+00 0.0000E+00 0.0000E+00 0.0000E+00 0.0000E+00 0.0000E+00
  0.0000E+00 0.0000E+00 0.0000E+00 4.1852E-04 1.7206E-03 3.2245E-03 0.0000E+00
  0.0000E+00 1.1625E-03 2.1856E-03 1.3950E-04 0.0000E+00 0.0000E+00 0.0000E+00
  0.0000E+00 0.0000E+00 0.0000E+00 0.0000E+00 0.0000E+00 0.0000E+00 0.0000E+00
  0.0000E+00 0.0000E+00 0.0000E+00 0.0000E+00 0.0000E+00 0.0000E+00 0.0000E+00
  0.0000E+00 6.5103E-03 3.4644E-02 1.1393E-01 2.8134E-02 1.1393E-02 0.0000E+00
  0.0000E+00 0.0000E+00 0.0000E+00 0.0000E+00 0.0000E+00 0.0000E+00 0.0000E+00
  0.0000E+00 0.0000E+00 0.0000E+00 0.0000E+00 0.0000E+00 0.0000E+00 1.6741E-03
  3.4737E-02 8.6680E-02 1.1398E-01 2.5023E-01 1.1328E-01 9.2121E-02 1.4741E-02
  0.0000E+00 0.0000E+00 0.0000E+00 0.0000E+00 0.0000E+00 0.0000E+00 0.0000E+00
  0.0000E+00 0.0000E+00 0.0000E+00 0.0000E+00 0.0000E+00 1.6129E-03 3.9062E-02
  1.0658E-01 1.6587E-01 1.8317E-01 1.7885E-01 5.5989E-02 4.1945E-02 2.5437E-02
  1.1161E-03 0.0000E+00 0.0000E+00 0.0000E+00 0.0000E+00 0.0000E+00 0.0000E+00
  0.0000E+00 0.0000E+00 0.0000E+00 0.0000E+00 3.2552E-04 1.0763E-02 6.9800E-02
  1.5615E-01 2.1633E-01 1.9089E-01 1.2844E-01 5.0687E-02 1.6043E-02 7.7194E-03
  0.0000E+00 0.0000E+00 0.0000E+00 0.0000E+00 0.0000E+00 0.0000E+00 0.0000E+00
  0.0000E+00 0.0000E+00 0.0000E+00 4.6501E-05 6.4173E-03 2.9863E-02 1.1686E-01
  1.9596E-01 1.7406E-01 1.1449E-01 1.0742E-01 6.3755E-02 5.0687E-03 0.0000E+00
  0.0000E+00 0.0000E+00 0.0000E+00 0.0000E+00 0.0000E+00 0.0000E+00 0.0000E+00
  0.0000E+00 0.0000E+00 1.9347E-03 1.1746E-02 3.5654E-02 8.7818E-02 2.5110E-01
  5.0082E-01 4.8064E-01 2.3231E-01 1.1373E-01 7.6698E-02 2.7224E-02 2.3493E-03
  0.0000E+00 0.0000E+00 0.0000E+00 0.0000E+00 0.0000E+00 0.0000E+00 0.0000E+00
  0.0000E+00 0.0000E+00 1.8242E-03 1.3515E-02 4.2067E-02 1.0109E-01 2.8855E-01
  4.9825E-01 3.8512E-01 1.7893E-01 9.3337E-02 5.3260E-02 1.6611E-02 8.8445E-04
  0.0000E+00 0.0000E+00 0.0000E+00 0.0000E+00 0.0000E+00 0.0000E+00 0.0000E+00
  5.1408E-03 6.5228E-03 1.2963E-02 2.5207E-02 5.2569E-02 1.1577E-01 3.1296E-01
  4.5029E-01 2.7578E-01 1.1260E-01 3.4410E-02 4.0657E-02 1.4372E-02 1.9347E-04
  0.0000E+00 0.0000E+00 0.0000E+00 0.0000E+00 0.0000E+00 0.0000E+00 0.0000E+00
  5.5278E-03 6.9926E-03 1.3239E-02 2.8026E-02 5.6411E-02 1.1502E-01 3.1812E-01
  4.9617E-01 3.0033E-01 1.4574E-01 6.7080E-02 7.9351E-02 2.8413E-02 3.5931E-04
  0.0000E+00 0.0000E+00 0.0000E+00 0.0000E+00 0.0000E+00 0.0000E+00 0.0000E+00
  3.0956E-03 3.5378E-03 5.9700E-03 1.2437E-02 2.0011E-02 4.4675E-02 2.1310E-01
  5.6817E-01 6.4401E-01 3.0942E-01 9.6985E-02 2.4847E-02 8.8997E-03 2.2387E-03
  0.0000E+00 0.0000E+00 0.0000E+00 0.0000E+00 0.0000E+00 0.0000E+00 0.0000E+00
  0.0000E+00 0.0000E+00 0.0000E+00 0.0000E+00 0.0000E+00 7.1897E-03 6.4537E-02
  2.2968E-01 4.0007E-01 3.3319E-01 1.5602E-01 5.8595E-02 2.1420E-02 4.2840E-03
  2.9021E-03 5.5306E-04 0.0000E+00 0.0000E+00 0.0000E+00 0.0000E+00 0.0000E+00
  0.0000E+00 0.0000E+00 1.1056E-04 1.1056E-04 0.0000E+00 7.3741E-05 2.5455E-02
  1.1268E-01 2.7117E-01 3.4164E-01 2.3186E-01 1.2012E-01 4.3310E-02 1.0807E-02
  1.0503E-03 0.0000E+00 0.0000E+00 0.0000E+00 0.0000E+00 0.0000E+00 0.0000E+00
  0.0000E+00 0.0000E+00 0.0000E+00 0.0000E+00 0.0000E+00 0.0000E+00 1.1829E-02
  5.5637E-02 1.5406E-01 2.3734E-01 2.1943E-01 1.3750E-01 5.6052E-02 1.1111E-02
  7.4625E-04 0.0000E+00 0.0000E+00 0.0000E+00 0.0000E+00 0.0000E+00 0.0000E+00
  0.0000E+00 0.0000E+00 0.0000E+00 0.0000E+00 0.0000E+00 0.0000E+00 4.9750E-04
  1.8408E-02 6.8379E-02 1.3626E-01 1.6901E-01 1.1874E-01 4.8451E-02 8.4299E-03
  0.0000E+00 0.0000E+00 0.0000E+00 0.0000E+00 0.0000E+00 0.0000E+00 0.0000E+00
  0.0000E+00 0.0000E+00 0.0000E+00 0.0000E+00 0.0000E+00 0.0000E+00 0.0000E+00
  6.2188E-03 2.7998E-02 6.0419E-02 8.0402E-02 5.8705E-02 3.1702E-02 6.1358E-03
  0.0000E+00 0.0000E+00 0.0000E+00 0.0000E+00 0.0000E+00 0.0000E+00 0.0000E+00
  0.0000E+00 0.0000E+00 0.0000E+00 0.0000E+00 0.0000E+00 0.0000E+00 0.0000E+00
  4.1458E-04 7.7389E-03 1.6169E-02 2.7224E-02 2.4322E-02 1.3267E-02 2.6257E-03
  0.0000E+00 0.0000E+00 0.0000E+00 0.0000E+00 0.0000E+00 0.0000E+00 0.0000E+00
  0.0000E+00 0.0000E+00 0.0000E+00 0.0000E+00 0.0000E+00 0.0000E+00 2.4875E-04
  3.2614E-03 4.6710E-03 2.5704E-03 4.2288E-03 5.4725E-03 2.3217E-03 8.2917E-05
  0.0000E+00 0.0000E+00 0.0000E+00 0.0000E+00 0.0000E+00 0.0000E+00 0.0000E+00
  3.3167E-04 1.6583E-04 0.0000E+00 0.0000E+00 0.0000E+00 0.0000E+00 1.2990E-03
  4.2011E-03 7.7389E-04 0.0000E+00 0.0000E+00 0.0000E+00 0.0000E+00 0.0000E+00
  0.0000E+00 0.0000E+00 0.0000E+00 0.0000E+00 0.0000E+00 0.0000E+00 0.0000E+00
  5.5278E-04 5.5278E-04 6.3569E-04 7.4625E-04 1.3543E-03 6.4426E-04 0.0000E+00
  0.0000E+00 0.0000E+00 0.0000E+00 0.0000E+00 5.8042E-04 0.0000E+00 0.0000E+00
  0.0000E+00 0.0000E+00 0.0000E+00 0.0000E+00 0.0000E+00 0.0000E+00 0.0000E+00
  4.9750E-04 2.4875E-04 0.0000E+00 2.4875E-04 1.0226E-03 1.5846E-03 0.0000E+00
  2.2664E-03 4.6572E-02 5.7434E-02 2.3548E-02 1.3377E-02 8.0706E-03 3.3166E-04
  0.0000E+00 0.0000E+00 0.0000E+00 0.0000E+00 0.0000E+00 0.0000E+00 0.0000E+00
  0.0000E+00 0.0000E+00 0.0000E+00 0.0000E+00 0.0000E+00 0.0000E+00 0.0000E+00
  7.7389E-03 5.6245E-02 7.6422E-02 8.6510E-02 5.0856E-02 7.3934E-02 1.9900E-02
  0.0000E+00 0.0000E+00 0.0000E+00 0.0000E+00 0.0000E+00 0.0000E+00 0.0000E+00
  0.0000E+00 0.0000E+00 0.0000E+00 0.0000E+00 0.0000E+00 0.0000E+00 1.6501E-02
  8.6565E-02 1.8839E-01 1.8493E-01 2.3656E-01 2.5146E-01 1.8297E-01 3.9468E-02
  0.0000E+00 0.0000E+00 0.0000E+00 0.0000E+00 0.0000E+00 0.0000E+00 0.0000E+00
  0.0000E+00 0.0000E+00 0.0000E+00 0.0000E+00 1.9624E-03 2.0664E-02 1.1647E-01
  2.3407E-01 3.1945E-01 2.8849E-01 1.8258E-01 1.2136E-01 7.4238E-02 3.1785E-02
  3.5931E-03 0.0000E+00 0.0000E+00 0.0000E+00 0.0000E+00 0.0000E+00 0.0000E+00
  0.0000E+00 0.0000E+00 0.0000E+00 9.6736E-04 9.5631E-03 4.0752E-02 1.4997E-01
  2.9073E-01 3.5859E-01 2.9275E-01 1.6827E-01 1.0525E-01 5.6522E-02 3.0928E-02
  5.1685E-03 0.0000E+00 0.0000E+00 0.0000E+00 0.0000E+00 0.0000E+00 0.0000E+00
  0.0000E+00 0.0000E+00 3.8694E-04 5.8594E-03 2.3023E-02 6.4524E-02 1.9408E-01
  3.2122E-01 2.7907E-01 2.0724E-01 1.7578E-01 9.1236E-02 2.2277E-02 5.6383E-03
  0.0000E+00 0.0000E+00 0.0000E+00 0.0000E+00 0.0000E+00 0.0000E+00 0.0000E+00
  6.0968E-04 1.3718E-03 5.7920E-03 1.8062E-02 4.2678E-02 9.3044E-02 2.4349E-01
  5.0062E-01 4.8866E-01 2.6635E-01 1.5676E-01 1.0281E-01 5.5176E-02 1.1813E-02
  3.0484E-04 0.0000E+00 0.0000E+00 0.0000E+00 0.0000E+00 0.0000E+00 0.0000E+00
  0.0000E+00 1.3108E-03 7.0113E-03 2.0958E-02 4.7387E-02 9.9558E-02 2.6167E-01
  4.8538E-01 4.1810E-01 2.1302E-01 1.3076E-01 9.2382E-02 4.5939E-02 7.3466E-03
  0.0000E+00 0.0000E+00 0.0000E+00 0.0000E+00 0.0000E+00 0.0000E+00 0.0000E+00
  5.3652E-03 6.8437E-03 1.3047E-02 2.5942E-02 5.0802E-02 1.0230E-01 2.6702E-01
  4.4350E-01 3.2615E-01 1.5288E-01 6.7781E-02 5.5130E-02 2.4113E-02 4.9537E-03
  5.0299E-04 0.0000E+00 0.0000E+00 0.0000E+00 0.0000E+00 0.0000E+00 0.0000E+00
  5.5786E-03 6.8437E-03 1.2102E-02 2.4082E-02 4.5574E-02 8.8784E-02 2.4424E-01
  4.0128E-01 2.7051E-01 1.6422E-01 7.8557E-02 7.2567E-02 3.1749E-02 7.1790E-03
  1.0822E-03 0.0000E+00 0.0000E+00 0.0000E+00 1.0669E-04 1.0669E-04 0.0000E+00
  2.8655E-03 3.2161E-03 5.0756E-03 9.5262E-03 1.5532E-02 3.1852E-02 1.4789E-01
  4.2957E-01 5.4005E-01 3.2145E-01 1.2805E-01 4.3836E-02 2.2086E-02 9.3586E-03
  1.8748E-03 4.2699E-04 0.0000E+00 0.0000E+00 1.3718E-04 1.3718E-04 0.0000E+00
  0.0000E+00 0.0000E+00 0.0000E+00 0.0000E+00 6.8589E-04 6.4550E-03 4.6564E-02
  1.9388E-01 3.4668E-01 3.0682E-01 1.6210E-01 7.2018E-02 3.0789E-02 1.1050E-02
  4.4964E-03 1.4739E-03 2.2863E-04 0.0000E+00 0.0000E+00 0.0000E+00 0.0000E+00
  0.0000E+00 0.0000E+00 1.3718E-04 1.6766E-04 3.0484E-05 1.7283E-03 2.1659E-02
  9.1117E-02 2.0978E-01 2.6582E-01 2.0183E-01 1.1799E-01 5.2051E-02 2.0729E-02
  5.5328E-03 8.6413E-04 1.5242E-05 0.0000E+00 0.0000E+00 0.0000E+00 0.0000E+00
  0.0000E+00 0.0000E+00 0.0000E+00 0.0000E+00 0.0000E+00 1.9926E-03 1.4190E-02
  4.5894E-02 1.1816E-01 1.8955E-01 1.9054E-01 1.3664E-01 6.4275E-02 1.7422E-02
  3.6428E-03 8.5383E-04 1.9815E-04 4.5726E-05 0.0000E+00 0.0000E+00 0.0000E+00
  0.0000E+00 0.0000E+00 0.0000E+00 0.0000E+00 0.0000E+00 1.2200E-04 4.3440E-03
  1.8443E-02 5.7904E-02 1.2174E-01 1.5777E-01 1.2523E-01 5.5953E-02 1.3108E-02
  1.7681E-03 2.9478E-04 1.9815E-04 3.0484E-04 1.5242E-04 0.0000E+00 0.0000E+00
  0.0000E+00 0.0000E+00 0.0000E+00 0.0000E+00 0.0000E+00 0.0000E+00 1.5852E-03
  8.7641E-03 2.3838E-02 4.6610E-02 6.2340E-02 5.5969E-02 3.3807E-02 9.5110E-03
  1.0822E-03 1.8300E-04 0.0000E+00 0.0000E+00 0.0000E+00 0.0000E+00 0.0000E+00
  0.0000E+00 0.0000E+00 0.0000E+00 0.0000E+00 0.0000E+00 0.0000E+00 4.5726E-04
  3.2008E-03 8.3069E-03 1.3108E-02 1.8976E-02 2.0119E-02 1.3413E-02 5.4109E-03
  9.9073E-04 0.0000E+00 0.0000E+00 0.0000E+00 0.0000E+00 0.0000E+00 0.0000E+00
  0.0000E+00 0.0000E+00 0.0000E+00 0.0000E+00 0.0000E+00 0.0000E+00 2.1644E-03
  4.1001E-03 5.2280E-03 4.3592E-03 5.2585E-03 5.5481E-03 5.9139E-03 4.6031E-03
  3.0484E-04 0.0000E+00 0.0000E+00 0.0000E+00 0.0000E+00 0.0000E+00 0.0000E+00
  9.1452E-05 4.5726E-05 0.0000E+00 0.0000E+00 4.5726E-05 6.2010E-04 3.6581E-03
  5.1213E-03 2.3168E-03 3.2008E-04 4.5726E-04 8.5355E-04 1.3718E-03 8.2307E-04
  0.0000E+00 0.0000E+00 0.0000E+00 0.0000E+00 0.0000E+00 0.0000E+00 0.0000E+00
  3.0484E-04 4.5726E-04 9.1452E-04 1.2498E-03 1.5394E-03 1.3309E-03 8.0782E-04
  1.3718E-04 4.1611E-03 6.4016E-03 1.0898E-02 1.2666E-02 6.5845E-03 1.1889E-03
  1.0669E-04 0.0000E+00 0.0000E+00 0.0000E+00 0.0000E+00 0.0000E+00 0.0000E+00
  2.7436E-04 1.3718E-04 0.0000E+00 2.7436E-04 8.3831E-04 1.1482E-03 1.5242E-05
  1.1584E-02 1.1508E-01 1.3317E-01 1.0191E-01 7.4061E-02 4.7845E-02 9.2671E-03
  8.8404E-04 0.0000E+00 0.0000E+00 0.0000E+00 0.0000E+00 0.0000E+00 0.0000E+00
  0.0000E+00 0.0000E+00 0.0000E+00 0.0000E+00 0.0000E+00 0.0000E+00 1.9052E-03
  2.8350E-02 1.2712E-01 1.4343E-01 1.4587E-01 9.8082E-02 1.3527E-01 4.2830E-02
  1.1432E-03 0.0000E+00 0.0000E+00 0.0000E+00 0.0000E+00 0.0000E+00 0.0000E+00
  0.0000E+00 0.0000E+00 0.0000E+00 0.0000E+00 0.0000E+00 2.0740E-03 2.6155E-02
  1.2463E-01 2.6762E-01 2.6806E-01 2.7961E-01 2.6690E-01 1.5890E-01 3.2526E-02
  2.7436E-03 0.0000E+00 0.0000E+00 0.0000E+00 0.0000E+00 0.0000E+00 0.0000E+00
  0.0000E+00 0.0000E+00 0.0000E+00 3.2008E-04 5.1061E-03 2.9640E-02 1.3052E-01
  2.5283E-01 3.5851E-01 3.8466E-01 2.6414E-01 1.7702E-01 8.3968E-02 3.1353E-02
  4.9079E-03 1.4233E-04 0.0000E+00 0.0000E+00 0.0000E+00 0.0000E+00 0.0000E+00
  0.0000E+00 0.0000E+00 4.2678E-04 4.1458E-03 1.7864E-02 5.8626E-02 1.7461E-01
  3.2072E-01 4.1356E-01 3.5464E-01 2.0877E-01 1.6283E-01 1.0637E-01 5.8392E-02
  1.2148E-02 1.4233E-04 0.0000E+00 0.0000E+00 0.0000E+00 0.0000E+00 0.0000E+00
  3.0484E-05 3.6581E-04 2.7436E-03 1.0852E-02 3.0911E-02 7.7130E-02 2.0176E-01
  3.5337E-01 3.2979E-01 2.3855E-01 2.1482E-01 1.2428E-01 5.7097E-02 1.8641E-02
  1.5699E-03 0.0000E+00 0.0000E+00 0.0000E+00 0.0000E+00 0.0000E+00 0.0000E+00
  0.0000E+00 7.6957E-04 8.2088E-03 4.0189E-02 1.2454E-01 2.9560E-01 5.3216E-01
  5.0454E-01 3.6969E-01 2.4742E-01 1.6105E-01 1.1069E-01 7.1442E-02 1.5263E-02
  8.5508E-04 1.9949E-04 3.4203E-04 5.1305E-04 4.2754E-04 1.2826E-04 0.0000E+00
  0.0000E+00 2.4797E-04 4.8227E-03 2.8628E-02 1.0160E-01 2.6893E-01 5.1348E-01
  4.9583E-01 3.4667E-01 2.0522E-01 1.5814E-01 1.2405E-01 7.1579E-02 1.1381E-02
  7.7812E-04 5.6948E-06 2.0522E-04 7.3537E-04 8.1232E-04 2.7362E-04 0.0000E+00
  5.6435E-04 8.7218E-04 2.7961E-03 1.1509E-02 4.4857E-02 1.5430E-01 4.7556E-01
  4.6964E-01 2.9208E-01 1.5916E-01 1.0707E-01 9.3289E-02 4.7893E-02 1.1620E-02
  1.8726E-03 1.6537E-04 2.5652E-05 0.0000E+00 0.0000E+00 0.0000E+00 0.0000E+00
  1.1458E-03 1.7187E-03 4.7200E-03 1.4690E-02 4.1129E-02 1.1096E-01 2.9681E-01
  3.4211E-01 2.3388E-01 1.5808E-01 9.3905E-02 8.3011E-02 3.7983E-02 1.7153E-02
  3.4631E-03 9.6928E-04 3.7624E-04 1.4536E-04 1.4536E-04 8.5508E-05 0.0000E+00
  9.5769E-04 1.2484E-03 2.5396E-03 5.9428E-03 1.2185E-02 2.8652E-02 1.1227E-01
  3.0953E-01 3.8754E-01 2.7393E-01 1.4588E-01 6.1711E-02 4.2916E-02 3.1484E-02
  5.5751E-03 1.8188E-03 8.9783E-04 4.4464E-04 3.3348E-04 1.6246E-04 0.0000E+00
  0.0000E+00 0.0000E+00 4.2754E-05 4.2754E-05 1.0689E-03 5.5027E-03 3.4716E-02
  1.4754E-01 2.6490E-01 2.5259E-01 1.5443E-01 7.7470E-02 4.4079E-02 3.0398E-02
  8.1660E-03 4.5890E-03 3.4203E-03 1.4109E-03 2.5652E-04 0.0000E+00 0.0000E+00
  0.0000E+00 8.5508E-06 1.4536E-04 1.6246E-04 1.4536E-04 2.1900E-03 1.6845E-02
  7.0390E-02 1.6141E-01 2.0758E-01 1.7354E-01 1.1032E-01 5.5614E-02 2.9859E-02
  8.5679E-03 2.2805E-03 1.1800E-03 3.1638E-04 8.5508E-06 0.0000E+00 0.0000E+00
  0.0000E+00 0.0000E+00 0.0000E+00 0.0000E+00 3.7624E-04 2.1327E-03 1.0962E-02
  3.5973E-02 9.0185E-02 1.4722E-01 1.5641E-01 1.1975E-01 6.4302E-02 2.0719E-02
  4.5490E-03 1.5964E-03 8.8928E-04 5.1305E-04 1.7102E-04 0.0000E+00 0.0000E+00
  0.0000E+00 0.0000E+00 0.0000E+00 0.0000E+00 2.5652E-05 5.7601E-04 3.4460E-03
  1.2638E-02 4.0394E-02 8.7996E-02 1.1866E-01 1.0514E-01 5.1236E-02 1.2929E-02
  2.5225E-03 6.5569E-04 3.3348E-04 2.4797E-04 1.1116E-04 0.0000E+00 0.0000E+00
  0.0000E+00 0.0000E+00 0.0000E+00 0.0000E+00 0.0000E+00 2.1673E-04 1.5734E-03
  5.5067E-03 1.5015E-02 2.9817E-02 4.2566E-02 3.9342E-02 2.5712E-02 8.0035E-03
  1.2997E-03 4.5610E-04 3.4203E-04 2.6508E-04 9.4059E-05 0.0000E+00 0.0000E+00
  0.0000E+00 0.0000E+00 0.0000E+00 0.0000E+00 0.0000E+00 1.1407E-04 8.9783E-04
  2.2232E-03 5.3870E-03 8.7218E-03 1.2698E-02 1.4408E-02 1.2099E-02 5.9856E-03
  1.3254E-03 4.2754E-04 3.8479E-04 3.4203E-04 1.7102E-04 0.0000E+00 0.0000E+00
  0.0000E+00 0.0000E+00 0.0000E+00 0.0000E+00 7.6957E-05 4.8471E-04 1.2399E-03
  2.0009E-03 2.9757E-03 3.1467E-03 4.3181E-03 4.8483E-03 1.2381E-02 1.6417E-02
  2.0436E-03 3.2493E-04 2.4797E-04 1.7957E-04 9.4059E-05 0.0000E+00 0.0000E+00
  1.0261E-04 5.1305E-05 2.5652E-05 2.2232E-04 5.9000E-04 1.2772E-03 1.9667E-03
  2.3173E-03 1.4280E-03 8.6363E-04 1.9667E-03 3.6597E-03 5.8915E-03 4.7115E-03
  8.2088E-04 1.5393E-04 5.9856E-05 0.0000E+00 0.0000E+00 0.0000E+00 0.0000E+00
  3.4203E-04 4.2754E-04 6.2421E-04 8.0377E-04 1.0689E-03 1.2427E-03 1.2313E-03
  3.3348E-04 4.1642E-03 1.0458E-02 2.7448E-02 3.0398E-02 1.2288E-02 6.2677E-03
  2.3258E-03 3.9347E-04 5.9856E-05 0.0000E+00 0.0000E+00 0.0000E+00 0.0000E+00
  1.5392E-04 7.6957E-05 0.0000E+00 1.5392E-04 3.9334E-04 4.7885E-04 2.3942E-04
  1.2800E-02 9.5658E-02 1.2119E-01 1.4911E-01 1.4683E-01 5.9496E-02 2.3301E-02
  7.1912E-03 1.1972E-03 7.4392E-04 2.0522E-04 8.5507E-06 0.0000E+00 0.0000E+00
  0.0000E+00 0.0000E+00 0.0000E+00 0.0000E+00 0.0000E+00 5.7034E-05 2.5652E-03
  3.4588E-02 1.7409E-01 2.1852E-01 2.2578E-01 1.5763E-01 1.3014E-01 4.9253E-02
  8.7218E-03 4.6467E-03 2.1377E-03 6.4131E-04 8.5508E-05 0.0000E+00 0.0000E+00
  0.0000E+00 0.0000E+00 0.0000E+00 0.0000E+00 1.5392E-04 2.4637E-03 2.5473E-02
  1.2782E-01 2.7580E-01 3.0377E-01 3.2856E-01 2.6393E-01 1.6266E-01 5.2810E-02
  7.5931E-03 2.1211E-03 7.4392E-04 2.5652E-04 7.6957E-05 0.0000E+00 0.0000E+00
  0.0000E+00 0.0000E+00 0.0000E+00 5.4725E-04 4.5319E-03 2.1600E-02 1.0193E-01
  2.4271E-01 3.3900E-01 3.7299E-01 3.1308E-01 2.1534E-01 9.9018E-02 3.3553E-02
  6.4815E-03 1.5964E-03 7.7812E-04 3.1638E-04 8.5508E-05 0.0000E+00 0.0000E+00
  1.7102E-04 8.5508E-05 8.5508E-05 1.4878E-03 8.4396E-03 3.2725E-02 1.2585E-01
  2.7461E-01 3.5914E-01 3.5354E-01 2.5441E-01 2.0613E-01 1.3307E-01 5.1570E-02
  9.5683E-03 1.0546E-03 8.0377E-04 4.6174E-04 2.0522E-04 5.9856E-05 0.0000E+00
  0.0000E+00 1.9667E-04 2.5139E-03 1.4553E-02 5.1228E-02 1.3676E-01 3.0355E-01
  3.5436E-01 2.9894E-01 2.4255E-01 2.2590E-01 1.6713E-01 7.6273E-02 2.1343E-02
  2.7790E-03 4.5610E-04 2.5652E-04 1.6246E-04 7.6957E-05 0.0000E+00 0.0000E+00
  4.7202E-05 5.4283E-04 5.0742E-03 2.4356E-02 7.5099E-02 1.7910E-01 3.2964E-01
  3.2017E-01 2.5388E-01 2.1453E-01 1.7717E-01 1.0887E-01 6.1764E-02 1.4397E-02
  2.4781E-03 8.1820E-04 1.1092E-03 1.6285E-03 1.4633E-03 8.9684E-04 6.6083E-04
  0.0000E+00 2.2657E-04 3.3325E-03 1.8843E-02 6.6413E-02 1.7690E-01 3.3262E-01
  3.3218E-01 2.4042E-01 1.7909E-01 1.9123E-01 1.2794E-01 6.1108E-02 1.4633E-02
  1.7512E-03 2.1703E-04 9.1572E-04 2.0627E-03 2.1996E-03 1.1801E-03 6.6083E-04
  4.3426E-04 6.9859E-04 2.4356E-03 9.7189E-03 3.4382E-02 1.0865E-01 3.0309E-01
  3.2011E-01 2.1454E-01 1.4187E-01 1.0789E-01 9.8511E-02 5.9899E-02 1.6983E-02
  2.9265E-03 5.5708E-04 3.3986E-04 3.9178E-04 5.3338E-04 6.2779E-04 6.6083E-04
  8.8740E-04 1.3925E-03 3.8328E-03 1.1305E-02 2.9888E-02 7.6402E-02 1.9299E-01
  2.3320E-01 1.7210E-01 1.2789E-01 9.1605E-02 7.9257E-02 4.5729E-02 1.8588E-02
  4.5361E-03 1.7783E-03 8.9212E-04 6.1835E-04 6.7971E-04 6.9387E-04 6.6083E-04
  7.0803E-04 9.0628E-04 1.8739E-03 4.1963E-03 8.1801E-03 1.9105E-02 7.0010E-02
  1.7868E-01 2.2495E-01 1.9284E-01 1.2218E-01 6.6994E-02 5.2026E-02 3.1068E-02
  8.4869E-03 3.8901E-03 2.1713E-03 1.4727E-03 1.1517E-03 8.4964E-04 6.6083E-04
  0.0000E+00 0.0000E+00 0.0000E+00 2.3601E-05 8.2604E-04 3.9347E-03 2.2822E-02
  8.9873E-02 1.6219E-01 1.6691E-01 1.1298E-01 6.6272E-02 4.4016E-02 3.0162E-02
  1.8645E-02 8.5919E-03 4.9562E-03 2.5253E-03 1.0857E-03 6.3723E-04 6.6083E-04
  0.0000E+00 0.0000E+00 0.0000E+00 0.0000E+00 1.1801E-04 1.4009E-03 1.0512E-02
  4.4563E-02 9.9493E-02 1.2915E-01 1.1928E-01 8.4430E-02 4.9855E-02 3.4033E-02
  1.3240E-02 4.0287E-03 1.7134E-03 6.3251E-04 2.0769E-04 3.8234E-04 6.6083E-04
  0.0000E+00 0.0000E+00 0.0000E+00 0.0000E+00 2.0769E-04 1.1584E-03 6.4903E-03
  2.2733E-02 5.6704E-02 9.6887E-02 1.0762E-01 8.5346E-02 4.7320E-02 1.6922E-02
  7.0614E-03 4.7493E-03 2.2374E-03 9.0628E-04 4.1066E-04 4.7202E-04 6.6083E-04
  2.8321E-05 1.4161E-05 0.0000E+00 0.0000E+00 1.4161E-05 2.7389E-04 1.8362E-03
  7.6703E-03 2.3436E-02 5.1639E-02 7.2842E-02 6.9888E-02 3.5878E-02 1.0705E-02
  2.6528E-03 9.1274E-04 4.9562E-04 3.9178E-04 3.6346E-04 5.0506E-04 6.6083E-04
  0.0000E+00 0.0000E+00 0.0000E+00 0.0000E+00 0.0000E+00 5.6671E-05 6.8443E-04
  2.5348E-03 7.3824E-03 1.5468E-02 2.4149E-02 2.5362E-02 1.8343E-02 6.3959E-03
  1.3405E-03 6.1054E-04 4.4370E-04 3.4930E-04 2.4545E-04 4.2482E-04 6.6083E-04
  0.0000E+00 0.0000E+00 0.0000E+00 0.0000E+00 0.0000E+00 0.0000E+00 2.5961E-04
  9.2044E-04 2.0769E-03 3.6818E-03 6.5375E-03 8.6616E-03 8.7324E-03 4.9798E-03
  1.3925E-03 7.7095E-04 8.4964E-04 8.7324E-04 6.1363E-04 5.1922E-04 6.6083E-04
  0.0000E+00 0.0000E+00 0.0000E+00 0.0000E+00 0.0000E+00 1.1964E-04 2.7377E-04
  4.8618E-04 9.9597E-04 1.1045E-03 2.5772E-03 4.4181E-03 1.4165E-02 1.5969E-02
  2.4309E-03 2.1018E-03 2.0533E-03 1.2367E-03 7.0331E-04 5.6643E-04 6.6083E-04
  2.8321E-05 1.4161E-05 0.0000E+00 1.4161E-05 1.3689E-04 4.5324E-04 4.3426E-04
  3.3514E-04 3.2097E-04 5.2866E-04 2.1949E-03 6.9151E-03 1.4434E-02 1.2759E-02
  3.0115E-03 1.7117E-03 1.4916E-03 8.0716E-04 5.7115E-04 6.1363E-04 6.6083E-04
  9.4404E-05 9.4404E-05 1.5577E-04 2.5489E-04 4.0122E-04 6.0423E-04 7.1747E-04
  1.6049E-04 2.5631E-03 8.0574E-03 2.2794E-02 3.2244E-02 2.2497E-02 2.3592E-02
  1.4354E-02 4.7312E-03 1.0479E-03 3.8234E-04 4.7202E-04 6.1363E-04 6.6083E-04
  0.0000E+00 0.0000E+00 0.0000E+00 4.2482E-05 1.3217E-04 1.7937E-04 2.8793E-04
  8.7465E-03 6.2477E-02 9.3101E-02 1.2253E-01 1.2769E-01 5.5510E-02 2.5791E-02
  1.2400E-02 3.2479E-03 1.6946E-03 7.8355E-04 7.2691E-04 7.5995E-04 6.6083E-04
  0.0000E+00 0.0000E+00 0.0000E+00 0.0000E+00 0.0000E+00 6.2968E-05 2.0297E-03
  2.5300E-02 1.3542E-01 1.9846E-01 2.1288E-01 1.4963E-01 1.0174E-01 5.5769E-02
  2.1312E-02 1.2713E-02 1.0385E-02 4.4370E-03 1.3217E-03 7.0803E-04 6.6083E-04
  0.0000E+00 0.0000E+00 0.0000E+00 0.0000E+00 2.1241E-04 1.9109E-03 1.9197E-02
  9.4777E-02 2.1812E-01 2.5399E-01 2.4582E-01 2.0180E-01 1.3086E-01 4.3756E-02
  1.0507E-02 5.4534E-03 4.7485E-03 2.9124E-03 1.2320E-03 6.4667E-04 6.6083E-04
  0.0000E+00 0.0000E+00 2.8321E-05 5.6170E-04 3.4269E-03 1.4558E-02 6.7362E-02
  1.7607E-01 2.5539E-01 2.6800E-01 2.2181E-01 1.6941E-01 8.7400E-02 2.8841E-02
  8.2840E-03 3.3798E-03 3.1956E-03 2.5489E-03 1.2886E-03 6.7971E-04 6.6083E-04
  2.5489E-04 2.0769E-04 2.6905E-04 1.4822E-03 6.7216E-03 2.3973E-02 8.9396E-02
  1.9798E-01 2.7456E-01 2.7778E-01 2.1816E-01 1.6872E-01 9.2903E-02 3.9527E-02
  7.9583E-03 2.3473E-03 2.4120E-03 1.6615E-03 8.8740E-04 6.2779E-04 6.6083E-04
  0.0000E+00 1.6521E-04 1.8078E-03 9.6103E-03 3.2933E-02 8.8781E-02 2.1351E-01
  2.7362E-01 2.4257E-01 2.1001E-01 2.0158E-01 1.4166E-01 6.5630E-02 1.9934E-02
  3.3561E-03 9.8501E-04 8.1188E-04 7.1275E-04 6.1363E-04 6.1363E-04 6.6083E-04
  1.5273E-04 5.4729E-04 3.7419E-03 1.6444E-02 4.8289E-02 1.1124E-01 2.0294E-01
  2.0596E-01 1.6644E-01 1.5035E-01 1.3068E-01 8.3086E-02 4.3936E-02 1.1455E-02
  2.9783E-03 9.3349E-04 7.8911E-04 1.0437E-03 1.0819E-03 1.0819E-03 1.1709E-03
  0.0000E+00 3.2328E-04 2.6244E-03 1.2501E-02 4.1930E-02 1.0814E-01 1.9435E-01
  2.1069E-01 1.7548E-01 1.4238E-01 1.2089E-01 7.1741E-02 3.8644E-02 1.3715E-02
  1.9346E-03 3.4616E-04 7.0002E-04 1.4077E-03 1.5400E-03 1.2142E-03 1.1709E-03
  6.2111E-04 9.5203E-04 2.3775E-03 6.9569E-03 2.2189E-02 6.6159E-02 1.7118E-01
  1.9785E-01 1.5925E-01 1.3164E-01 1.0027E-01 7.0923E-02 4.6433E-02 1.7254E-02
  4.6736E-03 3.7323E-03 1.7361E-03 7.7384E-04 6.8220E-04 9.3930E-04 1.1709E-03
  9.5203E-04 1.2829E-03 2.8433E-03 7.3464E-03 1.8536E-02 4.5758E-02 1.1040E-01
  1.3687E-01 1.1169E-01 1.0398E-01 9.6343E-02 7.1886E-02 4.2067E-02 2.0049E-02
  8.6497E-03 5.4091E-03 2.9859E-03 1.6622E-03 1.1964E-03 1.1480E-03 1.1709E-03
  5.7529E-04 7.0002E-04 1.3008E-03 2.7135E-03 5.3049E-03 1.2247E-02 4.0611E-02
  9.7382E-02 1.2274E-01 1.2331E-01 9.6091E-02 6.3328E-02 5.1193E-02 3.2667E-02
  1.3738E-02 1.0679E-02 6.4962E-03 3.4543E-03 1.7513E-03 1.2193E-03 1.1709E-03
  0.0000E+00 0.0000E+00 0.0000E+00 1.2728E-04 8.6548E-04 3.1913E-03 1.4980E-02
  5.4003E-02 9.4897E-02 1.0910E-01 8.3786E-02 5.5009E-02 3.9965E-02 2.3966E-02
  1.8608E-02 1.6565E-02 8.7439E-03 3.7546E-03 1.4891E-03 1.0055E-03 1.1709E-03
  0.0000E+00 0.0000E+00 0.0000E+00 0.0000E+00 1.9346E-04 1.1985E-03 6.8042E-03
  2.7092E-02 5.8865E-02 8.0248E-02 8.1396E-02 6.1243E-02 3.9041E-02 2.9699E-02
  1.5334E-02 6.8352E-03 2.9757E-03 1.1353E-03 4.0219E-04 6.9238E-04 1.1709E-03
  1.5273E-05 7.6366E-06 0.0000E+00 0.0000E+00 1.2982E-04 7.2826E-04 3.9023E-03
  1.3013E-02 3.2313E-02 5.8603E-02 7.0259E-02 5.8937E-02 3.6172E-02 2.1321E-02
  1.5762E-02 8.3732E-03 3.1997E-03 1.1557E-03 4.7856E-04 7.3820E-04 1.1709E-03
  1.1200E-04 5.6001E-05 0.0000E+00 0.0000E+00 7.6366E-06 1.7148E-04 1.0080E-03
  3.5510E-03 1.1664E-02 2.8278E-02 4.1871E-02 4.3330E-02 2.5524E-02 1.3369E-02
  4.1365E-03 1.2102E-03 6.2874E-04 4.4801E-04 4.1747E-04 7.9929E-04 1.1709E-03
  0.0000E+00 0.0000E+00 0.0000E+00 0.0000E+00 0.0000E+00 3.0562E-05 3.1819E-04
  1.1684E-03 3.3601E-03 7.5806E-03 1.2883E-02 1.5113E-02 1.1300E-02 5.1038E-03
  2.2986E-03 1.0454E-03 8.3239E-04 6.1093E-04 3.6401E-04 7.1784E-04 1.1709E-03
  0.0000E+00 0.0000E+00 0.0000E+00 0.0000E+00 0.0000E+00 0.0000E+00 8.9093E-05
  3.4365E-04 7.6366E-04 1.5400E-03 3.7165E-03 6.0456E-03 6.0456E-03 5.0401E-03
  2.9146E-03 2.2738E-03 2.9528E-03 3.0419E-03 2.0237E-03 1.1964E-03 1.1709E-03
  0.0000E+00 0.0000E+00 0.0000E+00 0.0000E+00 2.2910E-05 7.9777E-05 1.9346E-04
  5.3456E-05 9.9276E-05 4.3274E-04 2.2299E-03 6.1602E-03 1.2351E-02 1.2259E-02
  6.3205E-03 5.1254E-03 3.7419E-03 3.1081E-03 2.4870E-03 1.5273E-03 1.1709E-03
  1.5273E-05 7.6366E-06 0.0000E+00 0.0000E+00 5.0911E-05 1.9011E-04 3.2837E-04
  9.6730E-05 3.0546E-05 1.0157E-03 2.8255E-03 1.4909E-02 2.4862E-02 2.3482E-02
  1.5291E-02 4.3010E-03 2.1892E-03 1.7335E-03 2.1790E-03 1.8150E-03 1.1709E-03
  5.0911E-05 5.0911E-05 5.8547E-05 8.6548E-05 1.5782E-04 2.4609E-04 3.0546E-04
  1.7819E-05 2.5455E-03 1.1338E-02 2.6593E-02 4.4644E-02 4.8574E-02 4.4167E-02
  2.3734E-02 5.5086E-03 1.2906E-03 1.0386E-03 1.9346E-03 1.8073E-03 1.1709E-03
  0.0000E+00 0.0000E+00 0.0000E+00 2.2910E-05 7.1275E-05 9.6730E-05 1.6037E-04
  4.6990E-03 3.7763E-02 7.6748E-02 1.2100E-01 1.2018E-01 5.8140E-02 2.7509E-02
  1.7546E-02 5.4740E-03 2.2833E-03 1.5782E-03 2.2833E-03 1.9881E-03 1.1709E-03
  0.0000E+00 0.0000E+00 0.0000E+00 0.0000E+00 0.0000E+00 5.0936E-05 1.5273E-03
  1.6800E-02 8.3697E-02 1.3858E-01 1.7089E-01 1.3080E-01 7.0167E-02 4.0728E-02
  1.6610E-02 9.5879E-03 7.6366E-03 3.7801E-03 2.1764E-03 1.6037E-03 1.1709E-03
  0.0000E+00 0.0000E+00 0.0000E+00 0.0000E+00 1.6546E-04 1.2308E-03 1.1287E-02
  5.7811E-02 1.4272E-01 1.7371E-01 1.6169E-01 1.3336E-01 7.6462E-02 3.3698E-02
  1.2170E-02 7.2655E-03 4.9714E-03 3.0546E-03 1.6724E-03 1.1175E-03 1.1709E-03
  3.0546E-05 3.0546E-05 6.3638E-05 4.6074E-04 2.3368E-03 9.3363E-03 4.0779E-02
  1.0455E-01 1.6425E-01 1.7584E-01 1.4189E-01 1.1394E-01 5.8646E-02 2.1606E-02
  7.6722E-03 4.7674E-03 3.2710E-03 2.3877E-03 1.4891E-03 1.0615E-03 1.1709E-03
  3.0546E-04 2.8001E-04 3.3092E-04 1.2168E-03 4.8314E-03 1.6445E-02 5.8560E-02
  1.2101E-01 1.7578E-01 1.8210E-01 1.4792E-01 1.0873E-01 5.8827E-02 2.7825E-02
  7.0969E-03 2.7372E-03 2.5964E-03 1.9702E-03 1.1811E-03 9.8003E-04 1.1709E-03
  0.0000E+00 1.4509E-04 1.2880E-03 6.3613E-03 2.0705E-02 5.4007E-02 1.3265E-01
  1.8646E-01 1.7160E-01 1.5679E-01 1.4697E-01 1.0226E-01 4.9078E-02 1.5594E-02
  3.6757E-03 1.5053E-03 1.3186E-03 1.0742E-03 7.2802E-04 8.6293E-04 1.1709E-03
  2.4527E-04 5.5595E-04 2.8288E-03 1.0898E-02 2.9629E-02 6.5636E-02 1.2488E-01
  1.4053E-01 1.2195E-01 1.0586E-01 9.1070E-02 6.2479E-02 3.3889E-02 9.5085E-03
  3.2540E-03 1.0739E-03 7.6035E-04 8.2576E-04 8.4211E-04 1.1446E-03 1.4716E-03
  0.0000E+00 2.7144E-04 1.9916E-03 8.8315E-03 2.7888E-02 6.8080E-02 1.2367E-01
  1.4626E-01 1.2735E-01 1.1077E-01 9.4846E-02 5.6449E-02 3.0818E-02 1.0967E-02
  2.0456E-03 7.6949E-04 1.1642E-03 1.4013E-03 1.2133E-03 1.1986E-03 1.4716E-03
  5.0690E-04 8.0123E-04 2.0178E-03 5.6184E-03 1.6142E-02 4.2863E-02 1.0240E-01
  1.2612E-01 1.1985E-01 1.0729E-01 8.7053E-02 5.6228E-02 3.8593E-02 1.7424E-02
  5.6037E-03 3.5210E-03 3.1248E-03 2.1927E-03 1.3130E-03 1.2182E-03 1.4716E-03
  7.9796E-04 1.0694E-03 2.2941E-03 5.6658E-03 1.3307E-02 2.9576E-02 6.5846E-02
  8.3218E-02 7.6014E-02 7.8146E-02 6.9944E-02 5.6509E-02 3.9466E-02 2.0541E-02
  1.5689E-02 9.9985E-03 5.8604E-03 3.1591E-03 2.1192E-03 1.7218E-03 1.4716E-03
  4.9055E-04 5.8539E-04 1.0923E-03 2.4200E-03 4.8482E-03 9.5629E-03 2.5136E-02
  5.7211E-02 7.4689E-02 9.3479E-02 7.8872E-02 5.5949E-02 4.8173E-02 3.3100E-02
  1.9736E-02 1.1489E-02 6.5684E-03 3.8312E-03 2.5329E-03 1.8068E-03 1.4716E-03
  0.0000E+00 0.0000E+00 0.0000E+00 1.6352E-04 9.2386E-04 2.9495E-03 1.0735E-02
  3.4428E-02 6.3485E-02 8.4848E-02 7.3975E-02 5.6683E-02 4.1410E-02 2.5574E-02
  1.8592E-02 1.3519E-02 7.7507E-03 4.9136E-03 3.1804E-03 1.8477E-03 1.4716E-03
  0.0000E+00 0.0000E+00 0.0000E+00 1.6352E-06 2.1257E-04 1.1003E-03 5.1377E-03
  1.8423E-02 3.9836E-02 5.7796E-02 6.5982E-02 6.0697E-02 4.5623E-02 3.6085E-02
  2.0906E-02 1.2366E-02 6.4540E-03 2.9956E-03 1.4209E-03 1.2264E-03 1.4716E-03
  0.0000E+00 0.0000E+00 0.0000E+00 0.0000E+00 1.0465E-04 6.2157E-04 3.0627E-03
  8.7661E-03 2.0690E-02 3.8207E-02 5.0515E-02 5.5677E-02 4.2182E-02 2.6898E-02
  1.7869E-02 1.0850E-02 5.1475E-03 1.9262E-03 6.9167E-04 9.3695E-04 1.4716E-03
  0.0000E+00 0.0000E+00 0.0000E+00 0.0000E+00 4.9055E-06 1.0797E-04 7.2437E-04
  2.4200E-03 7.1342E-03 1.7100E-02 2.8390E-02 3.6178E-02 2.4078E-02 1.4412E-02
  6.4491E-03 2.6821E-03 1.4537E-03 8.0940E-04 5.1671E-04 9.4839E-04 1.4716E-03
  0.0000E+00 0.0000E+00 0.0000E+00 0.0000E+00 0.0000E+00 0.0000E+00 1.7333E-04
  7.3419E-04 2.0145E-03 4.6455E-03 7.9452E-03 1.0578E-02 9.3318E-03 5.7182E-03
  3.0708E-03 2.0147E-03 1.3637E-03 7.5871E-04 4.0225E-04 8.8626E-04 1.4716E-03
  0.0000E+00 1.6352E-05 1.6352E-05 0.0000E+00 8.1758E-06 2.0176E-04 4.6602E-04
  1.4716E-04 3.6791E-04 8.7481E-04 2.9106E-03 6.1073E-03 8.1104E-03 7.3664E-03
  5.2407E-03 4.5243E-03 3.6873E-03 2.9351E-03 1.6352E-03 1.1937E-03 1.4716E-03
  2.5509E-04 2.7471E-04 2.1257E-04 6.7042E-05 9.6475E-05 7.1101E-04 1.2395E-03
  8.1758E-06 6.5407E-06 2.5836E-04 1.7790E-03 7.4939E-03 1.9313E-02 1.5907E-02
  8.2641E-03 9.1220E-03 5.4058E-03 3.3226E-03 2.2582E-03 1.6352E-03 1.4716E-03
  1.9295E-04 1.4716E-04 5.0690E-05 0.0000E+00 0.0000E+00 1.3960E-04 3.0905E-04
  0.0000E+00 6.8676E-05 1.5877E-03 3.6628E-03 2.4894E-02 4.0644E-02 3.5025E-02
  1.4782E-02 5.1025E-03 2.5819E-03 1.6515E-03 1.7987E-03 1.7284E-03 1.4716E-03
  1.5043E-04 1.3408E-04 9.6474E-05 7.1947E-05 8.5028E-05 8.8292E-05 1.2427E-04
  5.7231E-05 2.5083E-03 9.2730E-03 2.8267E-02 7.5178E-02 8.1755E-02 6.3958E-02
  2.5373E-02 7.7765E-03 4.6161E-03 2.2909E-03 1.7071E-03 1.6499E-03 1.4716E-03
  2.9433E-05 1.4717E-05 0.0000E+00 1.4717E-05 2.9433E-05 3.1614E-05 7.1947E-05
  2.8370E-03 2.4524E-02 5.1028E-02 8.9893E-02 9.9408E-02 6.4653E-02 4.4212E-02
  2.2353E-02 9.7539E-03 4.0928E-03 2.1453E-03 2.9498E-03 2.5688E-03 1.4716E-03
  0.0000E+00 0.0000E+00 0.0000E+00 0.0000E+00 0.0000E+00 5.4533E-05 1.5125E-03
  1.3964E-02 5.6070E-02 9.6515E-02 1.1627E-01 1.0413E-01 6.0215E-02 3.4207E-02
  1.2681E-02 1.1076E-02 7.5463E-03 3.8426E-03 2.8125E-03 2.1666E-03 1.4716E-03
  0.0000E+00 0.0000E+00 0.0000E+00 0.0000E+00 1.3735E-04 9.5745E-04 7.4727E-03
  3.5696E-02 8.7942E-02 1.1045E-01 1.0462E-01 9.0585E-02 4.8451E-02 2.1548E-02
  8.9656E-03 6.9008E-03 5.1736E-03 3.4976E-03 2.0489E-03 1.4161E-03 1.4716E-03
  7.5217E-05 5.8866E-05 6.8677E-05 3.9898E-04 1.8494E-03 6.6973E-03 2.7449E-02
  6.7702E-02 1.0878E-01 1.2074E-01 1.0039E-01 8.2296E-02 4.2176E-02 1.6169E-02
  8.1022E-03 6.4138E-03 4.3512E-03 3.1689E-03 2.1044E-03 1.4798E-03 1.4716E-03
  2.1911E-04 1.7987E-04 2.1748E-04 8.8953E-04 3.4714E-03 1.1363E-02 3.9582E-02
  7.8195E-02 1.1208E-01 1.2286E-01 1.0557E-01 7.7189E-02 4.2396E-02 2.4313E-02
  8.7334E-03 3.3632E-03 2.9596E-03 2.8746E-03 2.1780E-03 1.5223E-03 1.4716E-03
  0.0000E+00 9.9744E-05 9.1242E-04 4.3234E-03 1.3616E-02 3.4723E-02 8.5167E-02
  1.2994E-01 1.2506E-01 1.0935E-01 1.0113E-01 7.6148E-02 3.7151E-02 1.3546E-02
  5.1491E-03 2.8716E-03 2.0341E-03 1.3686E-03 7.7343E-04 9.9091E-04 1.4716E-03
  1.7627E-04 2.8873E-04 1.2126E-03 4.3643E-03 1.1272E-02 2.4500E-02 4.7199E-02
  5.0658E-02 4.5889E-02 4.2136E-02 3.5413E-02 2.4806E-02 1.5342E-02 4.9144E-03
  1.5986E-03 7.2746E-04 5.6225E-04 5.4706E-04 5.4706E-04 7.4765E-04 9.4823E-04
  1.4588E-05 1.1063E-04 7.8351E-04 3.5206E-03 1.0627E-02 2.4261E-02 4.3013E-02
  5.1271E-02 4.8865E-02 4.9256E-02 3.7775E-02 2.2586E-02 1.4197E-02 6.1070E-03
  1.7384E-03 7.4646E-04 5.9751E-04 5.3915E-04 5.2153E-04 7.1604E-04 9.4823E-04
  8.3882E-05 1.3798E-04 4.8749E-04 1.9390E-03 6.1203E-03 1.5585E-02 3.4796E-02
  4.4177E-02 4.5518E-02 4.4647E-02 3.7712E-02 2.5790E-02 1.7998E-02 9.3401E-03
  3.5006E-03 1.6753E-03 1.1938E-03 1.0224E-03 1.2588E-03 1.1798E-03 9.4823E-04
  1.7506E-04 2.6259E-04 7.0874E-04 2.0205E-03 4.9047E-03 1.0609E-02 2.2524E-02
  2.9274E-02 3.1050E-02 3.9985E-02 3.5440E-02 2.7513E-02 1.9145E-02 9.7741E-03
  6.0249E-03 4.7746E-03 3.4325E-03 2.0241E-03 1.6630E-03 1.3452E-03 9.4823E-04
  1.3737E-04 1.7871E-04 3.7929E-04 9.0264E-04 1.9080E-03 3.8288E-03 9.1833E-03
  1.9853E-02 2.6814E-02 3.9969E-02 3.6314E-02 2.7461E-02 2.2444E-02 1.4732E-02
  9.4775E-03 5.3208E-03 3.3808E-03 2.3286E-03 1.9743E-03 1.3932E-03 9.4823E-04
  0.0000E+00 0.0000E+00 0.0000E+00 9.4215E-05 4.7412E-04 1.4166E-03 4.3613E-03
  1.2379E-02 2.3371E-02 3.4340E-02 3.3179E-02 3.2565E-02 2.5067E-02 1.5327E-02
  1.0446E-02 6.0649E-03 4.3795E-03 4.0087E-03 2.9936E-03 1.5075E-03 9.4823E-04
  0.0000E+00 0.0000E+00 0.0000E+00 1.4588E-05 1.4345E-04 5.7639E-04 2.1974E-03
  7.1865E-03 1.5080E-02 2.2136E-02 2.9563E-02 3.2688E-02 2.8212E-02 2.2961E-02
  1.4937E-02 8.7687E-03 4.9782E-03 2.7286E-03 1.2759E-03 8.4247E-04 9.4823E-04
  0.0000E+00 0.0000E+00 0.0000E+00 1.0333E-05 8.3882E-05 3.4089E-04 1.3676E-03
  3.5990E-03 8.9967E-03 1.5135E-02 2.2621E-02 3.0787E-02 2.9452E-02 2.0877E-02
  1.3399E-02 8.0863E-03 3.9856E-03 1.6096E-03 6.3215E-04 6.7410E-04 9.4823E-04
  0.0000E+00 0.0000E+00 0.0000E+00 0.0000E+00 1.7627E-05 9.6069E-05 3.6957E-04
  1.0382E-03 2.7012E-03 6.1903E-03 1.1850E-02 1.8692E-02 1.6338E-02 1.0636E-02
  7.2108E-03 3.4560E-03 1.7220E-03 9.3486E-04 5.8170E-04 7.0692E-04 9.4823E-04
  2.4314E-06 3.0392E-06 2.4314E-06 6.0784E-07 0.0000E+00 2.2704E-05 1.2400E-04
  3.6288E-04 8.8502E-04 1.8381E-03 3.1869E-03 5.5520E-03 7.3324E-03 5.1089E-03
  3.9279E-03 3.3375E-03 1.7621E-03 7.7925E-04 3.8355E-04 6.2668E-04 9.4823E-04
  7.2941E-05 8.8137E-05 7.2941E-05 2.1274E-05 9.1176E-06 1.5203E-04 3.6470E-04
  1.1549E-04 2.0971E-04 4.1637E-04 1.7020E-03 2.9845E-03 6.1787E-03 5.3824E-03
  3.2702E-03 3.2987E-03 2.6988E-03 1.8448E-03 8.9353E-04 7.2637E-04 9.4823E-04
  1.2157E-05 1.2765E-05 6.6863E-06 1.6412E-05 1.8235E-04 8.4191E-04 1.2187E-03
  8.9353E-05 4.0118E-05 2.4253E-04 1.4771E-03 5.9860E-03 1.4577E-02 1.4247E-02
  6.2820E-03 4.9468E-03 3.1431E-03 1.9475E-03 1.0619E-03 8.1937E-04 9.4823E-04
  1.0941E-05 5.4706E-06 6.0784E-06 5.4706E-05 2.0180E-04 4.9690E-04 4.7229E-04
  1.2765E-05 1.6898E-04 2.0466E-03 3.1431E-03 1.6417E-02 3.0815E-02 3.5610E-02
  1.4775E-02 5.9368E-03 3.0228E-03 2.0654E-03 1.6029E-03 1.0978E-03 9.4823E-04
  2.4314E-05 2.6137E-05 3.8294E-05 6.9294E-05 1.1975E-04 1.3088E-04 6.5039E-05
  1.2704E-04 2.2198E-03 6.3331E-03 1.2478E-02 3.4353E-02 4.3895E-02 3.9878E-02
  1.6879E-02 4.6566E-03 2.5943E-03 1.1780E-03 5.7076E-04 6.9719E-04 9.4823E-04
  1.0941E-05 5.4706E-06 0.0000E+00 1.6412E-05 4.4980E-05 4.2542E-05 5.6529E-05
  1.2862E-03 9.2678E-03 2.0035E-02 2.8528E-02 3.3282E-02 2.9368E-02 2.6217E-02
  1.3618E-02 4.9962E-03 2.1165E-03 9.4154E-04 9.3000E-04 1.0127E-03 9.4823E-04
  0.0000E+00 0.0000E+00 0.0000E+00 0.0000E+00 0.0000E+00 2.8380E-05 9.0264E-04
  6.6103E-03 1.9001E-02 3.3039E-02 4.1500E-02 3.9741E-02 2.7104E-02 2.0208E-02
  7.7804E-03 5.3071E-03 2.9663E-03 1.8357E-03 1.7384E-03 1.3524E-03 9.4823E-04
  0.0000E+00 0.0000E+00 0.0000E+00 1.0941E-05 7.8412E-05 4.0577E-04 2.6508E-03
  1.2213E-02 3.0508E-02 3.9155E-02 3.7783E-02 3.3369E-02 1.9432E-02 1.0748E-02
  5.6286E-03 4.0053E-03 2.5675E-03 1.7129E-03 1.1525E-03 9.1480E-04 9.4823E-04
  5.2274E-05 4.4372E-05 5.6529E-05 2.2369E-04 8.1207E-04 2.5824E-03 9.9637E-03
  2.4467E-02 3.8855E-02 4.3044E-02 3.6870E-02 3.2382E-02 1.7394E-02 8.0040E-03
  4.4202E-03 3.5975E-03 2.7189E-03 2.0004E-03 1.2704E-03 9.1602E-04 9.4823E-04
  8.5098E-05 7.2941E-05 9.1176E-05 3.8902E-04 1.4552E-03 4.4367E-03 1.4678E-02
  2.8091E-02 4.0168E-02 4.4667E-02 4.0631E-02 3.0651E-02 1.7575E-02 9.0052E-03
  3.9874E-03 2.2450E-03 2.3201E-03 2.2271E-03 1.5293E-03 9.8653E-04 9.4823E-04
  3.7686E-05 8.0843E-05 4.4616E-04 1.8539E-03 5.3727E-03 1.3205E-02 3.1292E-02
  4.7351E-02 4.7718E-02 4.2411E-02 4.1632E-02 3.3176E-02 1.8054E-02 5.9885E-03
  2.6356E-03 1.6972E-03 1.2813E-03 9.0872E-04 6.0298E-04 7.1178E-04 9.4823E-04
  3.7411E-05 1.1223E-04 6.9210E-04 2.6749E-03 7.0004E-03 1.5151E-02 2.9699E-02
  3.1888E-02 2.8306E-02 2.6014E-02 2.2329E-02 1.5128E-02 9.8203E-03 3.1565E-03
  8.5577E-04 3.5544E-04 2.7590E-04 2.7123E-04 2.6655E-04 3.8346E-04 5.0504E-04
  0.0000E+00 3.9281E-05 4.4144E-04 2.1436E-03 6.5861E-03 1.5407E-02 2.7636E-02
  3.2538E-02 3.0180E-02 3.1792E-02 2.6292E-02 1.3313E-02 8.7503E-03 3.6223E-03
  9.0534E-04 3.7226E-04 2.8619E-04 3.1892E-04 3.8907E-04 4.5080E-04 5.0504E-04
  9.9138E-05 1.4216E-04 4.0310E-04 1.3599E-03 4.1479E-03 1.0889E-02 2.3248E-02
  2.6838E-02 2.7686E-02 2.7723E-02 2.2503E-02 1.4934E-02 1.0981E-02 5.6705E-03
  2.0548E-03 1.0413E-03 7.3044E-04 4.6296E-04 4.4893E-04 4.9569E-04 5.0504E-04
  1.4403E-04 2.1605E-04 5.4339E-04 1.4506E-03 3.4137E-03 7.3587E-03 1.4806E-02
  1.8116E-02 1.9521E-02 2.5964E-02 2.2231E-02 1.6871E-02 1.1509E-02 6.0035E-03
  4.0693E-03 3.3372E-03 2.3054E-03 1.1756E-03 7.4915E-04 6.1447E-04 5.0504E-04
  1.0475E-04 1.2813E-04 2.6094E-04 5.9950E-04 1.0980E-03 2.1421E-03 5.9361E-03
  1.3690E-02 1.8359E-02 2.8283E-02 2.4714E-02 1.7924E-02 1.4707E-02 1.0062E-02
  6.0960E-03 3.5071E-03 1.9631E-03 1.2691E-03 1.0260E-03 7.0612E-04 5.0504E-04
  0.0000E+00 0.0000E+00 0.0000E+00 4.6763E-06 1.7770E-04 7.2034E-04 2.6094E-03
  8.2116E-03 1.5437E-02 2.4228E-02 2.3110E-02 2.0590E-02 1.5535E-02 9.4415E-03
  6.5515E-03 3.8445E-03 2.4738E-03 2.2025E-03 1.6554E-03 8.1836E-04 5.0504E-04
  0.0000E+00 0.0000E+00 0.0000E+00 0.0000E+00 3.3670E-05 2.4825E-04 1.2299E-03
  4.3742E-03 9.5724E-03 1.4639E-02 1.9086E-02 2.1388E-02 1.7076E-02 1.3153E-02
  9.2872E-03 6.0546E-03 3.1715E-03 1.5974E-03 6.8835E-04 4.3770E-04 5.0504E-04
  0.0000E+00 0.0000E+00 0.0000E+00 0.0000E+00 0.0000E+00 2.6201E-05 5.6584E-04
  1.9164E-03 5.4489E-03 9.3676E-03 1.3950E-02 1.9265E-02 1.8312E-02 1.3075E-02
  9.3452E-03 6.3889E-03 3.0041E-03 1.1102E-03 3.3389E-04 3.2641E-04 5.0504E-04
  0.0000E+00 0.0000E+00 0.0000E+00 0.0000E+00 0.0000E+00 0.0000E+00 1.9640E-05
  3.4511E-04 1.4338E-03 3.9206E-03 8.1087E-03 1.2520E-02 1.0539E-02 7.7431E-03
  5.3983E-03 2.1235E-03 1.0026E-03 5.3965E-04 3.1705E-04 3.8065E-04 5.0504E-04
  1.8705E-06 4.6763E-06 3.7411E-06 0.0000E+00 0.0000E+00 0.0000E+00 0.0000E+00
  0.0000E+00 2.9180E-04 9.9606E-04 1.9248E-03 3.7616E-03 4.6108E-03 3.1911E-03
  2.4579E-03 2.1033E-03 1.3963E-03 7.6598E-04 3.2641E-04 3.4418E-04 5.0504E-04
  2.0576E-04 2.4785E-04 1.9173E-04 4.6763E-05 0.0000E+00 0.0000E+00 4.6763E-06
  0.0000E+00 0.0000E+00 6.5468E-05 7.9030E-04 1.4777E-03 3.3436E-03 3.5213E-03
  1.8846E-03 1.8924E-03 1.6648E-03 1.1036E-03 5.0972E-04 4.0216E-04 5.0504E-04
  0.0000E+00 0.0000E+00 0.0000E+00 0.0000E+00 0.0000E+00 3.8677E-05 1.1691E-04
  0.0000E+00 0.0000E+00 2.5252E-05 5.4152E-04 3.2556E-03 9.7286E-03 1.0327E-02
  3.8514E-03 3.0168E-03 1.9566E-03 1.1541E-03 5.7706E-04 4.2929E-04 5.0504E-04
  1.6835E-05 8.4173E-06 0.0000E+00 0.0000E+00 0.0000E+00 0.0000E+00 0.0000E+00
  0.0000E+00 8.6979E-05 1.7807E-03 2.3578E-03 1.1549E-02 2.1426E-02 2.3724E-02
  8.9009E-03 2.6248E-03 1.4431E-03 1.1102E-03 8.7073E-04 5.7986E-04 5.0504E-04
  5.6116E-05 6.5469E-05 8.4174E-05 7.9497E-05 6.5469E-05 2.1801E-05 0.0000E+00
  6.5469E-06 1.3898E-03 4.1123E-03 8.3762E-03 2.3052E-02 2.8785E-02 2.5532E-02
  1.1026E-02 2.7306E-03 1.6021E-03 6.9210E-04 2.6374E-04 3.4044E-04 5.0504E-04
  3.3670E-05 1.6835E-05 0.0000E+00 4.2087E-05 7.8562E-05 6.0474E-05 1.4029E-05
  8.3051E-04 6.4561E-03 1.4580E-02 1.9705E-02 2.0754E-02 1.8322E-02 1.7166E-02
  1.0221E-02 3.8759E-03 1.5170E-03 5.8173E-04 5.6583E-04 5.8734E-04 5.0504E-04
  0.0000E+00 0.0000E+00 0.0000E+00 0.0000E+00 0.0000E+00 0.0000E+00 6.2195E-04
  5.3684E-03 1.4029E-02 2.4064E-02 2.8077E-02 2.6641E-02 1.8111E-02 1.2907E-02
  4.7698E-03 3.1771E-03 1.9079E-03 1.1083E-03 9.1188E-04 6.8742E-04 5.0504E-04
  0.0000E+00 0.0000E+00 0.0000E+00 0.0000E+00 8.4174E-06 1.8028E-04 1.6994E-03
  8.6484E-03 2.1289E-02 2.6950E-02 2.4381E-02 2.0471E-02 1.2106E-02 7.3035E-03
  3.5128E-03 2.3334E-03 1.5394E-03 9.8764E-04 5.8922E-04 4.5267E-04 5.0504E-04
  1.3281E-04 7.9497E-05 1.3094E-05 9.1656E-05 4.5547E-04 1.5261E-03 6.3205E-03
  1.6339E-02 2.7385E-02 2.9836E-02 2.4506E-02 2.0737E-02 1.0687E-02 4.6015E-03
  2.5046E-03 1.8938E-03 1.3692E-03 9.9232E-04 6.3878E-04 4.8166E-04 5.0504E-04
  1.1223E-05 5.6116E-06 0.0000E+00 1.6180E-04 8.0713E-04 2.6344E-03 9.3601E-03
  1.7942E-02 2.6441E-02 3.1126E-02 2.6577E-02 1.9398E-02 1.0747E-02 5.1019E-03
  2.2297E-03 1.2346E-03 1.2860E-03 1.3823E-03 1.1158E-03 6.7152E-04 5.0504E-04
  0.0000E+00 4.6763E-06 2.0950E-04 1.1429E-03 3.4661E-03 8.3149E-03 2.0016E-02
  3.0684E-02 3.1846E-02 2.7514E-02 2.6693E-02 2.1508E-02 1.1327E-02 3.4521E-03
  1.4188E-03 9.5588E-04 8.5390E-04 8.2023E-04 6.7807E-04 5.2749E-04 5.0504E-04
  3.2662E-04 3.4082E-04 1.1858E-03 4.3242E-03 1.0921E-02 2.3535E-02 4.6686E-02
  4.8752E-02 4.4577E-02 4.2745E-02 3.5929E-02 2.7571E-02 1.9661E-02 7.2212E-03
  2.3929E-03 1.3681E-03 1.3278E-03 1.4556E-03 1.5479E-03 1.5834E-03 1.6189E-03
  3.1810E-04 3.0958E-04 9.2733E-04 3.8059E-03 1.0658E-02 2.3208E-02 4.0590E-02
  4.7483E-02 4.6920E-02 5.1430E-02 4.3915E-02 2.5620E-02 1.6473E-02 8.2181E-03
  2.6996E-03 1.1220E-03 9.7419E-04 1.1659E-03 1.4826E-03 1.6189E-03 1.6189E-03
  1.8745E-04 2.9112E-04 8.3502E-04 2.3517E-03 6.5481E-03 1.6177E-02 3.4056E-02
  4.1801E-02 4.4155E-02 4.5521E-02 3.8137E-02 2.9312E-02 2.3365E-02 1.4072E-02
  5.1564E-03 2.1719E-03 1.7709E-03 1.6530E-03 1.9029E-03 1.8362E-03 1.6189E-03
  3.0390E-04 4.3171E-04 1.0182E-03 2.5661E-03 5.6946E-03 1.1557E-02 2.3375E-02
  3.0433E-02 3.7231E-02 4.9138E-02 4.1170E-02 3.4365E-02 2.5533E-02 1.3210E-02
  6.8662E-03 5.6738E-03 4.6849E-03 3.1115E-03 2.4696E-03 2.0251E-03 1.6189E-03
  2.1302E-04 2.5988E-04 5.1124E-04 1.1545E-03 2.0166E-03 3.9117E-03 1.0865E-02
  2.3821E-02 3.3198E-02 5.0844E-02 4.8995E-02 3.7833E-02 2.9812E-02 2.0127E-02
  1.4161E-02 1.0002E-02 6.2087E-03 3.6795E-03 2.2892E-03 1.7084E-03 1.6189E-03
  0.0000E+00 0.0000E+00 0.0000E+00 7.1005E-06 3.9053E-04 1.5151E-03 4.7290E-03
  1.3981E-02 2.8026E-02 4.6097E-02 4.9100E-02 4.5955E-02 3.9735E-02 2.7507E-02
  1.9782E-02 1.2238E-02 7.2638E-03 4.8923E-03 3.1384E-03 1.8958E-03 1.6189E-03
  0.0000E+00 0.0000E+00 0.0000E+00 0.0000E+00 1.2355E-04 6.7334E-04 2.4852E-03
  7.5464E-03 1.6752E-02 2.8156E-02 4.0236E-02 5.1081E-02 4.9915E-02 4.2963E-02
  2.8959E-02 1.8468E-02 9.8598E-03 4.9207E-03 2.4227E-03 1.6246E-03 1.6189E-03
  0.0000E+00 0.0000E+00 0.0000E+00 0.0000E+00 0.0000E+00 9.2827E-05 1.1773E-03
  3.6255E-03 8.7621E-03 1.7398E-02 2.9781E-02 4.9637E-02 5.8457E-02 5.0500E-02
  3.3317E-02 1.8880E-02 8.9935E-03 4.1652E-03 2.0762E-03 1.4982E-03 1.6189E-03
  0.0000E+00 0.0000E+00 0.0000E+00 0.0000E+00 0.0000E+00 0.0000E+00 3.4082E-05
  5.2260E-04 2.1160E-03 6.5509E-03 1.7345E-02 3.6968E-02 4.4620E-02 3.8674E-02
  3.2185E-02 1.4385E-02 6.0653E-03 3.4210E-03 2.2963E-03 1.7013E-03 1.6189E-03
  0.0000E+00 2.8402E-06 2.8402E-06 0.0000E+00 0.0000E+00 0.0000E+00 0.0000E+00
  0.0000E+00 3.8911E-04 1.9697E-03 6.0411E-03 1.6037E-02 2.8815E-02 3.0220E-02
  2.1780E-02 1.1955E-02 6.3308E-03 2.9425E-03 1.3548E-03 1.2752E-03 1.6189E-03
  1.5621E-04 1.8461E-04 1.4201E-04 3.5503E-05 0.0000E+00 0.0000E+00 0.0000E+00
  0.0000E+00 7.1005E-05 6.9585E-04 5.2402E-03 1.3363E-02 2.3354E-02 2.2842E-02
  1.6274E-02 1.1083E-02 7.1289E-03 4.0118E-03 1.9171E-03 1.4201E-03 1.6189E-03
  0.0000E+00 0.0000E+00 0.0000E+00 0.0000E+00 0.0000E+00 2.0839E-05 7.5266E-05
  0.0000E+00 0.0000E+00 7.2141E-04 7.0366E-03 2.2264E-02 3.9263E-02 3.8438E-02
  2.1350E-02 1.0152E-02 5.8381E-03 3.7462E-03 2.1089E-03 1.5351E-03 1.6189E-03
  3.4082E-05 1.7041E-05 0.0000E+00 0.0000E+00 0.0000E+00 0.0000E+00 0.0000E+00
  0.0000E+00 7.1573E-04 7.7367E-03 1.4454E-02 3.7129E-02 5.4849E-02 6.5119E-02
  3.2340E-02 1.3208E-02 5.8253E-03 3.2364E-03 2.0918E-03 1.5706E-03 1.6189E-03
  1.1361E-04 1.2781E-04 1.5621E-04 1.5479E-04 1.4911E-04 5.2964E-05 0.0000E+00
  9.9407E-06 3.2577E-03 1.3572E-02 2.3078E-02 4.7109E-02 5.9035E-02 5.5928E-02
  2.8026E-02 8.1329E-03 3.9678E-03 1.9143E-03 1.0466E-03 1.2128E-03 1.6189E-03
  7.6686E-05 3.8343E-05 0.0000E+00 7.6686E-05 1.4627E-04 1.2023E-04 4.1183E-05
  1.7737E-03 1.5698E-02 3.5139E-02 3.6907E-02 3.6711E-02 3.8513E-02 3.5527E-02
  2.4513E-02 1.1674E-02 5.0641E-03 2.0932E-03 1.5408E-03 1.5990E-03 1.6189E-03
  0.0000E+00 0.0000E+00 0.0000E+00 0.0000E+00 0.0000E+00 4.7360E-05 1.2852E-03
  9.9265E-03 2.3822E-02 3.8101E-02 4.7865E-02 4.5287E-02 3.3529E-02 2.2438E-02
  1.0743E-02 9.8710E-03 5.3893E-03 3.0248E-03 2.4071E-03 1.9100E-03 1.6189E-03
  0.0000E+00 0.0000E+00 0.0000E+00 0.0000E+00 5.2544E-05 4.6692E-04 3.5829E-03
  1.4728E-02 3.2617E-02 4.1397E-02 4.0616E-02 3.5792E-02 2.2963E-02 1.4529E-02
  7.4470E-03 5.2540E-03 3.5744E-03 2.6797E-03 1.9356E-03 1.5252E-03 1.6189E-03
  9.6567E-05 5.8224E-05 9.9407E-06 1.7609E-04 8.9609E-04 2.9726E-03 1.1386E-02
  2.6549E-02 4.1555E-02 4.7637E-02 4.1745E-02 3.6835E-02 2.0884E-02 1.1314E-02
  6.7640E-03 5.1527E-03 3.4494E-03 2.4128E-03 1.6402E-03 1.4329E-03 1.6189E-03
  8.5206E-06 4.2603E-06 0.0000E+00 2.8260E-04 1.4499E-03 4.6515E-03 1.5955E-02
  3.0708E-02 4.2145E-02 5.0990E-02 4.5033E-02 3.3025E-02 2.0005E-02 9.7292E-03
  4.8781E-03 3.3837E-03 3.2293E-03 3.1058E-03 2.5179E-03 1.8149E-03 1.6189E-03
  0.0000E+00 5.6803E-06 3.5076E-04 1.9157E-03 5.6151E-03 1.2948E-02 3.0636E-02
  4.9177E-02 4.8660E-02 4.5250E-02 4.4931E-02 3.8570E-02 2.1123E-02 7.1091E-03
  3.9152E-03 2.6746E-03 2.3744E-03 2.2253E-03 1.9356E-03 1.6459E-03 1.6189E-03
  4.1401E-04 3.6105E-04 9.0503E-04 3.1147E-03 7.6110E-03 1.6319E-02 3.2745E-02
  3.3284E-02 3.1301E-02 3.1180E-02 2.5731E-02 2.1812E-02 1.6541E-02 6.5278E-03
  2.3637E-03 1.4827E-03 1.5309E-03 1.7042E-03 1.8341E-03 1.7667E-03 1.6945E-03
  4.4867E-04 3.8801E-04 8.0298E-04 2.9442E-03 7.6610E-03 1.5608E-02 2.6578E-02
  3.0888E-02 3.2554E-02 3.7018E-02 3.2498E-02 2.1043E-02 1.3327E-02 7.4232E-03
  2.7276E-03 1.1375E-03 1.0273E-03 1.2622E-03 1.6108E-03 1.7321E-03 1.6945E-03
  1.7908E-04 2.3300E-04 5.6324E-04 1.5983E-03 4.4453E-03 1.0545E-02 2.2050E-02
  2.9052E-02 3.1372E-02 3.3189E-02 2.8542E-02 2.4382E-02 2.0374E-02 1.3250E-02
  4.8766E-03 1.8660E-03 1.6522E-03 1.7619E-03 2.1153E-03 1.9891E-03 1.6945E-03
  2.4455E-04 3.2832E-04 7.0381E-04 1.7186E-03 3.8194E-03 7.7827E-03 1.6146E-02
  2.1591E-02 3.0222E-02 3.9899E-02 3.2929E-02 2.9227E-02 2.2767E-02 1.1732E-02
  5.1240E-03 4.2683E-03 3.9822E-03 3.0155E-03 2.5707E-03 2.1162E-03 1.6945E-03
  2.0219E-04 2.3107E-04 4.0727E-04 8.7134E-04 1.5347E-03 3.0796E-03 8.6383E-03
  1.8208E-02 2.6113E-02 3.9819E-02 4.0985E-02 3.2838E-02 2.5303E-02 1.6942E-02
  1.2926E-02 9.9409E-03 6.3978E-03 3.6741E-03 2.0306E-03 1.5906E-03 1.6945E-03
  0.0000E+00 0.0000E+00 0.0000E+00 9.6280E-06 3.5624E-04 1.3226E-03 3.7309E-03
  1.0523E-02 2.2106E-02 3.7564E-02 4.2782E-02 4.1121E-02 3.7886E-02 2.7579E-02
  2.0070E-02 1.2624E-02 7.3029E-03 4.3711E-03 2.5562E-03 1.7379E-03 1.6945E-03
  0.0000E+00 0.0000E+00 0.0000E+00 0.0000E+00 1.3287E-04 6.4719E-04 2.1114E-03
  5.7374E-03 1.2868E-02 2.3101E-02 3.4919E-02 4.7228E-02 5.0104E-02 4.4714E-02
  2.9705E-02 1.8804E-02 1.0114E-02 5.0364E-03 2.5765E-03 1.7542E-03 1.6945E-03
  0.0000E+00 0.0000E+00 0.0000E+00 0.0000E+00 0.0000E+00 1.0275E-04 1.0100E-03
  2.9529E-03 6.2621E-03 1.3940E-02 2.6010E-02 4.7467E-02 6.0422E-02 5.5020E-02
  3.5556E-02 1.9022E-02 9.0995E-03 4.5050E-03 2.4783E-03 1.7119E-03 1.6945E-03
  0.0000E+00 0.0000E+00 0.0000E+00 0.0000E+00 0.0000E+00 0.0000E+00 2.8884E-05
  3.5335E-04 1.3874E-03 4.8535E-03 1.5182E-02 3.7228E-02 4.9657E-02 4.4469E-02
  3.8082E-02 1.7319E-02 7.1921E-03 4.0900E-03 2.7873E-03 1.9246E-03 1.6945E-03
  0.0000E+00 0.0000E+00 0.0000E+00 0.0000E+00 0.0000E+00 0.0000E+00 0.0000E+00
  0.0000E+00 2.2722E-04 1.6377E-03 6.2082E-03 1.7874E-02 3.4334E-02 3.7699E-02
  2.7011E-02 1.4053E-02 7.1633E-03 3.2100E-03 1.5029E-03 1.3855E-03 1.6945E-03
  0.0000E+00 0.0000E+00 0.0000E+00 0.0000E+00 0.0000E+00 0.0000E+00 0.0000E+00
  0.0000E+00 1.0591E-04 8.7134E-04 6.2967E-03 1.6594E-02 2.8225E-02 2.7334E-02
  2.0123E-02 1.3083E-02 7.9431E-03 4.2989E-03 2.0748E-03 1.5212E-03 1.6945E-03
  0.0000E+00 0.0000E+00 0.0000E+00 0.0000E+00 0.0000E+00 0.0000E+00 0.0000E+00
  0.0000E+00 0.0000E+00 9.4355E-04 8.9907E-03 2.6830E-02 4.3241E-02 4.1488E-02
  2.4985E-02 1.0654E-02 5.8943E-03 3.8916E-03 2.2568E-03 1.6406E-03 1.6945E-03
  4.0438E-05 2.0219E-05 0.0000E+00 0.0000E+00 0.0000E+00 0.0000E+00 0.0000E+00
  0.0000E+00 8.9059E-04 8.6479E-03 1.7174E-02 3.8459E-02 5.2320E-02 6.3873E-02
  3.4698E-02 1.5211E-02 6.4171E-03 3.2495E-03 1.9372E-03 1.5395E-03 1.6945E-03
  1.4827E-04 1.5501E-04 1.8101E-04 1.8101E-04 1.6175E-04 5.3863E-05 0.0000E+00
  6.7396E-06 2.9876E-03 1.4163E-02 2.2669E-02 4.0158E-02 5.0413E-02 4.9546E-02
  2.6651E-02 8.2168E-03 3.7376E-03 1.8900E-03 1.1477E-03 1.3036E-03 1.6945E-03
  1.5597E-04 7.7987E-05 8.6653E-06 1.2228E-04 2.2915E-04 2.1951E-04 5.1028E-05
  1.5665E-03 1.4631E-02 3.2647E-02 2.9759E-02 2.8406E-02 3.3378E-02 3.0492E-02
  2.2724E-02 1.1840E-02 5.3060E-03 2.2414E-03 1.5001E-03 1.5655E-03 1.6945E-03
  0.0000E+00 0.0000E+00 0.0000E+00 0.0000E+00 9.6280E-06 7.7053E-05 1.1024E-03
  7.9335E-03 1.7860E-02 2.6891E-02 3.5990E-02 3.3982E-02 2.6833E-02 1.7143E-02
  9.6617E-03 1.0120E-02 5.3580E-03 2.9751E-03 2.3300E-03 1.8871E-03 1.6945E-03
  0.0000E+00 0.0000E+00 0.0000E+00 0.0000E+00 6.2582E-05 4.4754E-04 3.1176E-03
  1.1060E-02 2.2312E-02 2.8397E-02 2.9966E-02 2.7458E-02 1.8676E-02 1.2193E-02
  6.4893E-03 4.7221E-03 3.2716E-03 2.6265E-03 2.0277E-03 1.6214E-03 1.6945E-03
  0.0000E+00 0.0000E+00 0.0000E+00 1.3768E-04 7.3269E-04 2.4551E-03 8.9300E-03
  1.9189E-02 2.8155E-02 3.3890E-02 3.1361E-02 2.8606E-02 1.7322E-02 1.0618E-02
  6.5894E-03 5.0283E-03 3.2716E-03 2.2568E-03 1.5761E-03 1.4635E-03 1.6945E-03
  0.0000E+00 0.0000E+00 0.0000E+00 2.2626E-04 1.1477E-03 3.5973E-03 1.1992E-02
  2.3182E-02 2.9930E-02 3.7092E-02 3.3698E-02 2.4801E-02 1.6060E-02 7.9431E-03
  4.3230E-03 3.3243E-03 3.0521E-03 2.7815E-03 2.2491E-03 1.7696E-03 1.6945E-03
  0.0000E+00 3.8512E-06 2.6958E-04 1.4201E-03 4.0351E-03 9.0096E-03 2.0937E-02
  3.5094E-02 3.3205E-02 3.3043E-02 3.3437E-02 3.0150E-02 1.6982E-02 6.0772E-03
  3.8387E-03 2.6414E-03 2.3483E-03 2.1721E-03 1.9189E-03 1.6994E-03 1.6945E-03
  2.7982E-04 3.0158E-04 7.9903E-04 2.3785E-03 5.1891E-03 9.8158E-03 1.7554E-02
  1.9168E-02 1.9189E-02 1.9662E-02 1.7579E-02 1.6537E-02 1.1967E-02 4.9465E-03
  2.0054E-03 1.4633E-03 1.5483E-03 1.6820E-03 1.7380E-03 1.7100E-03 1.7038E-03
  4.9745E-06 5.9073E-05 4.6077E-04 1.8854E-03 4.9310E-03 9.7615E-03 1.5097E-02
  1.7063E-02 1.8347E-02 2.2453E-02 2.0677E-02 1.4950E-02 9.7930E-03 5.5597E-03
  2.2342E-03 1.1690E-03 1.1864E-03 1.3580E-03 1.3512E-03 1.4681E-03 1.7038E-03
  1.1068E-04 1.4550E-04 3.6252E-04 1.1174E-03 3.1949E-03 7.8560E-03 1.4921E-02
  1.7208E-02 1.9149E-02 2.0825E-02 1.7356E-02 1.6109E-02 1.4757E-02 1.0598E-02
  4.0965E-03 1.6395E-03 1.7504E-03 1.9550E-03 2.0650E-03 1.8698E-03 1.7038E-03
  1.9152E-04 2.5184E-04 5.3849E-04 1.3301E-03 2.9797E-03 6.0102E-03 1.1004E-02
  1.3793E-02 2.0876E-02 2.5698E-02 2.1903E-02 2.1170E-02 1.7484E-02 1.0418E-02
  4.6201E-03 3.5384E-03 3.4629E-03 2.8032E-03 2.3492E-03 1.9531E-03 1.7038E-03
  1.9276E-04 2.2137E-04 3.8615E-04 8.4629E-04 1.6354E-03 2.8869E-03 6.1610E-03
  1.1463E-02 1.7425E-02 2.6658E-02 2.9478E-02 2.4894E-02 2.0548E-02 1.4597E-02
  1.1903E-02 9.2742E-03 6.1342E-03 3.8963E-03 2.4102E-03 1.7355E-03 1.7038E-03
  0.0000E+00 0.0000E+00 3.7309E-05 2.1453E-04 6.4980E-04 1.4387E-03 3.0904E-03
  7.6732E-03 1.6201E-02 2.6163E-02 3.1293E-02 3.1815E-02 3.0637E-02 2.3231E-02
  1.6357E-02 1.0085E-02 6.0347E-03 3.8086E-03 2.4251E-03 1.7318E-03 1.7038E-03
  3.3578E-05 3.9796E-05 6.5913E-05 1.6167E-04 3.8615E-04 8.3255E-04 1.9370E-03
  4.6997E-03 9.8614E-03 1.7612E-02 2.8429E-02 3.8838E-02 4.3481E-02 3.8695E-02
  2.4355E-02 1.4007E-02 7.6720E-03 4.1438E-03 2.3579E-03 1.7106E-03 1.7038E-03
  1.0695E-04 1.2561E-04 1.6354E-04 2.3318E-04 3.4387E-04 5.7423E-04 1.4122E-03
  3.2788E-03 5.3576E-03 1.1718E-02 2.2243E-02 4.1233E-02 5.4592E-02 4.6963E-02
  2.9812E-02 1.5146E-02 7.6682E-03 4.1394E-03 2.3872E-03 1.6870E-03 1.7038E-03
  1.0322E-04 1.0073E-04 9.8247E-05 1.1255E-04 1.5981E-04 2.5498E-04 4.6698E-04
  8.0028E-04 1.5527E-03 4.6779E-03 1.4396E-02 3.4555E-02 5.1324E-02 4.6422E-02
  3.4858E-02 1.7217E-02 8.9125E-03 5.8768E-03 4.1512E-03 2.4357E-03 1.7038E-03
  1.7162E-04 1.6789E-04 1.4924E-04 1.3804E-04 1.5297E-04 1.8739E-04 2.7547E-04
  3.9610E-04 6.7716E-04 2.0961E-03 9.6885E-03 2.2680E-02 3.8960E-02 4.3887E-02
  3.3162E-02 1.7953E-02 9.7470E-03 4.6935E-03 2.2516E-03 1.6186E-03 1.7038E-03
  3.3578E-04 3.7309E-04 3.6376E-04 2.7360E-04 2.2385E-04 2.5911E-04 3.3267E-04
  2.6427E-04 3.4511E-04 1.3804E-03 7.1975E-03 2.0604E-02 3.6868E-02 3.9712E-02
  2.8731E-02 1.6513E-02 9.2464E-03 4.8440E-03 2.4437E-03 1.6789E-03 1.7038E-03
  1.0820E-04 1.1068E-04 1.0571E-04 9.8247E-05 1.4177E-04 3.0392E-04 5.0802E-04
  3.6252E-04 3.4324E-04 1.7585E-03 1.1132E-02 2.9039E-02 4.4417E-02 4.5327E-02
  2.8081E-02 1.1611E-02 6.1019E-03 3.9647E-03 2.4220E-03 1.7510E-03 1.7038E-03
  2.0769E-04 1.7846E-04 1.3866E-04 1.2188E-04 1.1130E-04 9.8657E-05 7.5240E-05
  1.4613E-04 1.5862E-03 9.0574E-03 1.7572E-02 2.9419E-02 4.1111E-02 4.6830E-02
  2.7704E-02 1.2074E-02 5.9104E-03 3.5245E-03 2.1639E-03 1.6571E-03 1.7038E-03
  2.2261E-04 2.2074E-04 2.1888E-04 1.9401E-04 1.8157E-04 1.5004E-04 1.0820E-04
  3.4946E-04 4.0449E-03 1.6501E-02 2.3410E-02 2.9128E-02 3.5037E-02 3.5879E-02
  2.1121E-02 7.6920E-03 4.5411E-03 2.6222E-03 1.5315E-03 1.4414E-03 1.7038E-03
  1.3431E-04 8.4567E-05 4.7258E-05 1.1628E-04 1.7970E-04 1.8986E-04 1.3183E-04
  1.5135E-03 1.4342E-02 3.0598E-02 2.3473E-02 1.9606E-02 2.2430E-02 2.2006E-02
  1.6144E-02 9.2468E-03 5.0174E-03 2.4686E-03 1.5197E-03 1.5135E-03 1.7038E-03
  0.0000E+00 0.0000E+00 9.3272E-06 3.1091E-05 6.2182E-05 1.6793E-04 1.0167E-03
  5.5435E-03 1.2595E-02 1.7908E-02 2.2933E-02 2.2525E-02 1.9099E-02 1.3593E-02
  8.3261E-03 7.0025E-03 4.0605E-03 2.5899E-03 2.1919E-03 1.8779E-03 1.7038E-03
  0.0000E+00 0.0000E+00 0.0000E+00 1.8033E-05 1.1939E-04 5.2290E-04 2.8392E-03
  8.0780E-03 1.4299E-02 1.7209E-02 1.9327E-02 1.9675E-02 1.3755E-02 1.0146E-02
  5.9216E-03 4.1031E-03 2.9387E-03 2.2591E-03 1.7479E-03 1.5664E-03 1.7038E-03
  0.0000E+00 0.0000E+00 0.0000E+00 1.2809E-04 6.1124E-04 1.9534E-03 7.0172E-03
  1.3991E-02 1.8528E-02 2.2467E-02 2.2212E-02 2.0782E-02 1.3554E-02 8.7558E-03
  5.2065E-03 3.7371E-03 2.5445E-03 1.8860E-03 1.3630E-03 1.3848E-03 1.7038E-03
  0.0000E+00 0.0000E+00 1.8654E-06 1.8903E-04 8.8049E-04 2.6442E-03 8.5686E-03
  1.5375E-02 1.9038E-02 2.4189E-02 2.3418E-02 1.6948E-02 1.1307E-02 5.7754E-03
  3.3883E-03 2.4762E-03 2.1820E-03 1.9569E-03 1.5825E-03 1.5110E-03 1.7038E-03
  0.0000E+00 7.4617E-06 2.1577E-04 9.8744E-04 2.5867E-03 5.5289E-03 1.2786E-02
  2.1230E-02 2.0635E-02 2.2104E-02 2.4156E-02 2.1485E-02 1.1150E-02 4.7407E-03
  2.8759E-03 1.9380E-03 1.8549E-03 1.8723E-03 1.7865E-03 1.6839E-03 1.7038E-03
  2.0278E-04 1.9881E-04 4.8907E-04 1.4692E-03 3.2823E-03 6.3164E-03 1.0728E-02
  1.1720E-02 1.1962E-02 1.2927E-02 1.1684E-02 1.0918E-02 8.3380E-03 3.3678E-03
  1.4712E-03 1.1849E-03 1.1849E-03 1.2207E-03 1.1948E-03 1.2386E-03 1.3280E-03
  2.2982E-04 2.8668E-04 5.9245E-04 1.5396E-03 3.5149E-03 6.5090E-03 9.1305E-03
  1.0489E-02 1.0966E-02 1.2221E-02 1.0745E-02 8.1444E-03 6.2990E-03 3.6227E-03
  1.4326E-03 8.9543E-04 9.3639E-04 1.0187E-03 9.5388E-04 1.0823E-03 1.3280E-03
  2.2823E-04 2.4374E-04 3.6780E-04 8.0398E-04 1.9575E-03 4.1693E-03 7.3468E-03
  9.6132E-03 1.1275E-02 1.1865E-02 9.4581E-03 9.8871E-03 9.4661E-03 7.6255E-03
  3.0489E-03 1.2909E-03 1.2748E-03 1.2839E-03 1.2787E-03 1.2783E-03 1.3280E-03
  2.3618E-04 2.7078E-04 4.5169E-04 9.5229E-04 1.9288E-03 3.4274E-03 6.0505E-03
  8.0346E-03 1.2117E-02 1.4774E-02 1.3212E-02 1.4142E-02 1.1883E-02 7.7368E-03
  3.4274E-03 2.8168E-03 2.8943E-03 2.2219E-03 1.6362E-03 1.3722E-03 1.3280E-03
  2.0994E-04 2.3221E-04 3.6819E-04 7.4831E-04 1.3841E-03 2.1990E-03 4.2040E-03
  8.2024E-03 1.1545E-02 1.7218E-02 1.9411E-02 1.6847E-02 1.3850E-02 1.0508E-02
  9.1146E-03 6.8255E-03 4.6855E-03 2.9137E-03 1.7276E-03 1.3010E-03 1.3280E-03
  5.5666E-05 6.1631E-05 1.0338E-04 2.6640E-04 6.5607E-04 1.3110E-03 2.3658E-03
  5.8688E-03 1.1370E-02 1.7404E-02 2.1278E-02 2.1105E-02 2.1509E-02 1.7076E-02
  1.2499E-02 7.3714E-03 4.5328E-03 2.8847E-03 1.7972E-03 1.3201E-03 1.3280E-03
  1.0099E-04 1.0497E-04 1.3280E-04 2.2744E-04 4.5964E-04 8.9902E-04 1.5622E-03
  3.1988E-03 6.4398E-03 1.2852E-02 2.1084E-02 2.8260E-02 3.1939E-02 2.9775E-02
  1.8710E-02 1.0269E-02 5.8756E-03 3.4282E-03 2.0215E-03 1.3960E-03 1.3280E-03
  1.3996E-04 1.4791E-04 1.7217E-04 2.2465E-04 3.2883E-04 5.5383E-04 1.2322E-03
  2.5153E-03 3.6847E-03 9.2700E-03 1.7979E-02 3.2030E-02 4.2187E-02 3.6578E-02
  2.1957E-02 1.0786E-02 5.7122E-03 3.2314E-03 1.9503E-03 1.3726E-03 1.3280E-03
  1.4235E-04 1.4752E-04 1.4871E-04 1.5388E-04 1.9046E-04 2.7518E-04 4.4652E-04
  6.9026E-04 1.1133E-03 3.7316E-03 1.1693E-02 2.7230E-02 4.1481E-02 3.9236E-02
  2.7532E-02 1.4580E-02 8.3146E-03 5.4943E-03 3.8640E-03 2.1765E-03 1.3280E-03
  1.4871E-04 1.5746E-04 1.6104E-04 1.5507E-04 1.6104E-04 1.8742E-04 2.5527E-04
  3.4394E-04 6.5885E-04 2.3304E-03 9.5631E-03 2.0440E-02 3.4995E-02 4.0482E-02
  2.8509E-02 1.5333E-02 8.2899E-03 4.0076E-03 1.8799E-03 1.2899E-03 1.3280E-03
  2.4652E-04 2.5447E-04 2.3658E-04 1.9682E-04 1.9284E-04 2.3991E-04 2.7833E-04
  2.3261E-04 3.3599E-04 1.3937E-03 7.1988E-03 2.0670E-02 3.5940E-02 3.9322E-02
  2.9324E-02 1.6167E-02 8.4334E-03 4.1690E-03 2.0119E-03 1.3340E-03 1.3280E-03
  1.2247E-04 1.1133E-04 9.5826E-05 9.9404E-05 1.2406E-04 1.7576E-04 2.1670E-04
  2.0000E-04 3.2207E-04 1.8911E-03 1.2001E-02 2.7123E-02 3.7341E-02 3.6897E-02
  2.5568E-02 1.1120E-02 5.9030E-03 3.6752E-03 2.2422E-03 1.5284E-03 1.3280E-03
  4.7873E-04 4.6084E-04 3.6978E-04 2.4255E-04 1.7177E-04 1.4818E-04 1.2406E-04
  1.5865E-04 1.7241E-03 7.9503E-03 1.5362E-02 1.9921E-02 2.8312E-02 3.3283E-02
  2.1224E-02 9.5444E-03 5.2652E-03 3.3885E-03 2.1249E-03 1.4640E-03 1.3280E-03
  5.4951E-04 5.4235E-04 4.5925E-04 3.0617E-04 2.1193E-04 1.5240E-04 1.4950E-04
  3.9881E-04 3.3308E-03 1.3936E-02 2.0017E-02 1.9991E-02 2.0194E-02 2.1723E-02
  1.5166E-02 7.1049E-03 4.9682E-03 2.9245E-03 1.5364E-03 1.2187E-03 1.3280E-03
  2.0756E-04 1.6422E-04 1.1412E-04 1.3678E-04 1.6700E-04 1.7098E-04 1.8569E-04
  1.1050E-03 8.3142E-03 2.0414E-02 1.8041E-02 1.3103E-02 1.3039E-02 1.3021E-02
  1.0313E-02 7.1595E-03 4.6243E-03 2.3980E-03 1.3070E-03 1.1869E-03 1.3280E-03
  4.7714E-05 5.1690E-05 5.9642E-05 7.3559E-05 1.0537E-04 2.3597E-04 1.1471E-03
  3.8708E-03 8.0418E-03 1.0885E-02 1.4316E-02 1.3700E-02 1.2103E-02 9.0895E-03
  5.7754E-03 4.5281E-03 2.5805E-03 1.7137E-03 1.4712E-03 1.3439E-03 1.3280E-03
  4.0557E-05 4.0557E-05 3.6978E-05 4.8907E-05 1.2525E-04 4.3750E-04 2.2032E-03
  5.7774E-03 9.0470E-03 1.0510E-02 1.1939E-02 1.2875E-02 9.6831E-03 6.6263E-03
  4.0831E-03 3.0004E-03 2.1626E-03 1.6624E-03 1.2700E-03 1.1801E-03 1.3280E-03
  5.5666E-06 8.3499E-06 3.0616E-05 1.4990E-04 5.4473E-04 1.6322E-03 5.0943E-03
  9.4191E-03 1.1732E-02 1.3842E-02 1.4227E-02 1.3812E-02 9.2008E-03 6.2485E-03
  3.7618E-03 2.7090E-03 2.0064E-03 1.5678E-03 1.1372E-03 1.0974E-03 1.3280E-03
  0.0000E+00 0.0000E+00 2.0676E-05 1.9960E-04 7.4553E-04 2.0434E-03 6.0736E-03
  1.0089E-02 1.2198E-02 1.5580E-02 1.4834E-02 1.0904E-02 7.8975E-03 4.5261E-03
  2.5376E-03 1.7658E-03 1.5730E-03 1.4660E-03 1.1817E-03 1.1396E-03 1.3280E-03
  0.0000E+00 8.3499E-06 1.6899E-04 7.4394E-04 1.8942E-03 3.8954E-03 8.6808E-03
  1.3514E-02 1.2738E-02 1.4004E-02 1.6344E-02 1.5068E-02 7.9861E-03 3.4839E-03
  1.9014E-03 1.3988E-03 1.3992E-03 1.3459E-03 1.1996E-03 1.2032E-03 1.3280E-03
  1.1510E-04 1.2386E-04 3.4154E-04 1.0184E-03 2.2182E-03 4.1233E-03 6.8934E-03
  8.0607E-03 7.1674E-03 7.9181E-03 7.6628E-03 6.8671E-03 5.4122E-03 2.2707E-03
  9.8084E-04 7.5151E-04 6.6932E-04 6.6807E-04 6.8309E-04 7.5315E-04 8.2571E-04
  2.0017E-06 3.3529E-05 2.2219E-04 8.1971E-04 2.0217E-03 3.7898E-03 5.4522E-03
  6.5882E-03 6.4768E-03 7.0398E-03 6.6677E-03 5.1126E-03 4.0768E-03 2.2629E-03
  8.0519E-04 5.3745E-04 6.0777E-04 6.6532E-04 5.8375E-04 6.5381E-04 8.2571E-04
  7.2062E-05 9.2830E-05 1.9592E-04 5.0969E-04 1.3219E-03 2.9604E-03 4.9075E-03
  5.3368E-03 6.1458E-03 6.4951E-03 5.5300E-03 5.9173E-03 5.6664E-03 4.8512E-03
  1.9071E-03 7.6181E-04 7.8793E-04 7.9718E-04 7.2312E-04 7.3513E-04 8.2571E-04
  1.6314E-04 1.9492E-04 3.3879E-04 7.2312E-04 1.4645E-03 2.5595E-03 4.0532E-03
  4.7784E-03 7.0223E-03 8.0199E-03 7.1531E-03 8.3282E-03 7.3258E-03 4.8797E-03
  2.2387E-03 1.6425E-03 1.6494E-03 1.3271E-03 1.0429E-03 8.7700E-04 8.2571E-04
  2.0818E-04 2.2945E-04 3.4179E-04 6.5106E-04 1.1575E-03 1.7064E-03 2.9893E-03
  5.8413E-03 7.9328E-03 1.0613E-02 1.2024E-02 1.0560E-02 8.4478E-03 6.3998E-03
  5.8293E-03 4.3224E-03 2.9238E-03 1.8318E-03 1.1039E-03 8.3021E-04 8.2571E-04
  1.2761E-04 1.3136E-04 1.6389E-04 2.9150E-04 5.7925E-04 1.0118E-03 1.7227E-03
  4.0235E-03 7.3050E-03 1.1089E-02 1.3680E-02 1.2949E-02 1.3402E-02 1.0738E-02
  7.8955E-03 4.9473E-03 3.1915E-03 2.0368E-03 1.2211E-03 8.4823E-04 8.2571E-04
  1.7715E-04 1.8216E-04 2.0242E-04 2.6723E-04 4.2311E-04 7.2005E-04 1.1780E-03
  2.0993E-03 4.1666E-03 8.6279E-03 1.4400E-02 1.8272E-02 2.0836E-02 1.9836E-02
  1.2507E-02 6.8727E-03 3.9499E-03 2.2882E-03 1.3439E-03 8.9902E-04 8.2571E-04
  2.2669E-04 2.3245E-04 2.4496E-04 2.7023E-04 3.4079E-04 5.0632E-04 9.0553E-04
  1.4848E-03 2.3690E-03 6.1846E-03 1.2414E-02 2.1722E-02 2.7708E-02 2.5071E-02
  1.5834E-02 7.7202E-03 4.0207E-03 2.1976E-03 1.2889E-03 8.8001E-04 8.2571E-04
  1.9617E-04 1.9942E-04 2.0768E-04 2.1919E-04 2.4621E-04 3.0945E-04 4.1761E-04
  5.2095E-04 7.6616E-04 2.4851E-03 8.2121E-03 1.9752E-02 2.9328E-02 2.7618E-02
  1.9728E-02 1.0630E-02 6.0357E-03 3.7235E-03 2.3798E-03 1.2969E-03 8.2571E-04
  1.8616E-04 1.8891E-04 1.9692E-04 2.0968E-04 2.1894E-04 2.3304E-04 2.8299E-04
  3.3429E-04 5.6549E-04 2.1036E-03 7.7234E-03 1.6390E-02 2.7725E-02 3.0885E-02
  1.9426E-02 9.7278E-03 5.0218E-03 2.3830E-03 1.1290E-03 7.9268E-04 8.2571E-04
  2.0518E-04 2.1268E-04 2.2269E-04 2.2644E-04 2.2519E-04 2.4272E-04 2.8274E-04
  2.6273E-04 3.4905E-04 1.4975E-03 6.6044E-03 1.6095E-02 2.7874E-02 2.8797E-02
  2.1395E-02 1.2560E-02 6.2566E-03 2.8775E-03 1.3386E-03 8.5949E-04 8.2571E-04
  1.7515E-04 1.7315E-04 1.7390E-04 1.8166E-04 1.8941E-04 2.0618E-04 2.3770E-04
  2.5447E-04 3.4980E-04 1.7212E-03 9.9748E-03 2.0389E-02 2.7513E-02 2.4391E-02
  1.7865E-02 8.5851E-03 4.3127E-03 2.3931E-03 1.3411E-03 9.1454E-04 8.2571E-04
  3.9084E-04 3.9859E-04 3.8933E-04 3.6431E-04 3.1827E-04 2.4720E-04 2.1443E-04
  2.3545E-04 1.5175E-03 6.1040E-03 1.1016E-02 1.3276E-02 1.8818E-02 2.1466E-02
  1.3962E-02 6.2840E-03 3.6108E-03 2.2377E-03 1.3274E-03 9.0253E-04 8.2571E-04
  4.7791E-04 4.9993E-04 5.5798E-04 6.4230E-04 6.2879E-04 4.6485E-04 2.8775E-04
  4.7341E-04 2.7529E-03 1.0469E-02 1.4248E-02 1.2128E-02 1.1708E-02 1.3186E-02
  1.1133E-02 5.6506E-03 4.3472E-03 2.5492E-03 1.2226E-03 8.1745E-04 8.2571E-04
  2.2870E-04 2.0167E-04 1.7290E-04 1.8941E-04 2.0392E-04 2.1219E-04 2.3145E-04
  8.5674E-04 5.1622E-03 1.3153E-02 1.2174E-02 7.8172E-03 7.5310E-03 7.5738E-03
  6.0820E-03 4.8847E-03 3.7675E-03 1.9387E-03 9.0503E-04 7.4539E-04 8.2571E-04
  1.0509E-04 1.0759E-04 1.1635E-04 1.3011E-04 1.5764E-04 2.6110E-04 8.2196E-04
  2.3383E-03 4.7804E-03 6.4305E-03 8.1670E-03 7.7842E-03 7.2900E-03 5.3909E-03
  3.1277E-03 2.3965E-03 1.5063E-03 1.0459E-03 9.1829E-04 8.4448E-04 8.2571E-04
  8.2070E-05 8.4573E-05 8.9577E-05 1.0409E-04 1.5939E-04 3.8592E-04 1.5451E-03
  3.7335E-03 5.6053E-03 6.3882E-03 7.2465E-03 7.9031E-03 5.8926E-03 3.8130E-03
  2.4556E-03 1.9418E-03 1.4102E-03 1.0742E-03 8.1320E-04 7.4589E-04 8.2571E-04
  2.5522E-05 3.2278E-05 5.7049E-05 1.5188E-04 4.4764E-04 1.2631E-03 3.5816E-03
  5.9381E-03 7.2938E-03 8.5061E-03 8.8916E-03 8.6109E-03 5.5991E-03 3.4687E-03
  2.0650E-03 1.4667E-03 1.1245E-03 8.8126E-04 6.3279E-04 6.5982E-04 8.2571E-04
  2.1518E-05 1.9767E-05 4.4538E-05 1.8891E-04 5.8725E-04 1.5003E-03 4.2857E-03
  6.6610E-03 7.8813E-03 9.6273E-03 9.5159E-03 7.0919E-03 5.2988E-03 2.8117E-03
  1.6677E-03 1.0805E-03 9.3055E-04 8.5098E-04 6.8984E-04 7.0010E-04 8.2571E-04
  0.0000E+00 2.2770E-05 1.5263E-04 5.4497E-04 1.3069E-03 2.5529E-03 5.3724E-03
  8.5694E-03 7.8155E-03 8.8559E-03 1.0589E-02 9.7471E-03 5.1935E-03 2.2885E-03
  1.3384E-03 8.2392E-04 7.3413E-04 7.6316E-04 7.4389E-04 7.6065E-04 8.2571E-04
  7.8893E-05 9.3471E-05 2.6927E-04 7.7864E-04 1.6319E-03 2.8428E-03 4.5235E-03
  5.3853E-03 5.0200E-03 5.5062E-03 5.2961E-03 4.5758E-03 3.6119E-03 1.5101E-03
  6.2857E-04 4.2993E-04 3.8246E-04 3.9875E-04 4.2276E-04 4.7164E-04 5.1795E-04
  1.7151E-06 2.3839E-05 1.6070E-04 5.9701E-04 1.4743E-03 2.7744E-03 3.8013E-03
  4.1798E-03 4.0314E-03 4.6900E-03 4.5223E-03 3.3157E-03 2.6560E-03 1.5261E-03
  5.5688E-04 3.4323E-04 3.9532E-04 4.5261E-04 4.1505E-04 4.3597E-04 5.1795E-04
  5.3853E-05 6.9117E-05 1.4132E-04 3.5330E-04 8.6714E-04 1.8270E-03 3.0249E-03
  3.1907E-03 3.5480E-03 4.1530E-03 3.5824E-03 3.6665E-03 3.6034E-03 3.2631E-03
  1.2626E-03 5.0732E-04 4.9703E-04 5.0131E-04 4.8314E-04 4.8588E-04 5.1795E-04
  1.3378E-04 1.5727E-04 2.6515E-04 5.5139E-04 1.0685E-03 1.7157E-03 2.6541E-03
  3.6500E-03 4.6933E-03 5.2610E-03 4.7098E-03 5.1246E-03 4.6338E-03 3.0271E-03
  1.3818E-03 1.0576E-03 1.0126E-03 8.0625E-04 6.7642E-04 5.7781E-04 5.1795E-04
  1.8077E-04 2.0015E-04 2.9705E-04 5.6271E-04 9.8102E-04 1.3327E-03 2.1737E-03
  4.4635E-03 5.4551E-03 6.8370E-03 7.6941E-03 6.6548E-03 5.5666E-03 4.0609E-03
  3.4639E-03 2.5845E-03 1.7317E-03 1.0597E-03 6.6956E-04 5.3133E-04 5.1795E-04
  1.3034E-04 1.3549E-04 1.6808E-04 2.8041E-04 5.1452E-04 8.2960E-04 1.3472E-03
  2.8745E-03 4.8391E-03 7.4185E-03 8.8866E-03 8.5239E-03 8.7271E-03 6.6133E-03
  4.7687E-03 3.2846E-03 2.2647E-03 1.3763E-03 7.7264E-04 5.3339E-04 5.1795E-04
  1.7905E-04 1.8403E-04 2.0478E-04 2.6326E-04 3.8760E-04 5.9164E-04 8.8635E-04
  1.5178E-03 2.9679E-03 5.7700E-03 9.4109E-03 1.2362E-02 1.4372E-02 1.3425E-02
  8.4151E-03 4.5568E-03 2.6832E-03 1.5039E-03 8.4347E-04 5.6546E-04 5.1795E-04
  2.4388E-04 2.5469E-04 2.6343E-04 2.7424E-04 3.2861E-04 4.5087E-04 7.0455E-04
  1.2000E-03 1.7374E-03 4.2668E-03 8.4510E-03 1.4155E-02 1.8376E-02 1.6510E-02
  1.0688E-02 5.1928E-03 2.6791E-03 1.4166E-03 7.9596E-04 5.5037E-04 5.1795E-04
  2.0718E-04 2.1215E-04 2.1919E-04 2.2399E-04 2.4474E-04 2.9203E-04 3.6445E-04
  4.3803E-04 6.1314E-04 1.7478E-03 5.5308E-03 1.3064E-02 1.9394E-02 1.8532E-02
  1.4155E-02 7.9870E-03 4.3872E-03 2.4786E-03 1.4503E-03 7.8996E-04 5.1795E-04
  2.1816E-04 2.3462E-04 2.6789E-04 2.6978E-04 2.4354E-04 2.4343E-04 2.7767E-04
  3.0957E-04 4.5741E-04 1.4605E-03 5.2322E-03 1.1711E-02 2.0159E-02 2.1385E-02
  1.3489E-02 6.7678E-03 3.5464E-03 1.7094E-03 8.0780E-04 5.3184E-04 5.1795E-04
  1.9723E-04 1.9980E-04 2.0838E-04 2.1696E-04 2.2296E-04 2.3554E-04 2.4440E-04
  2.5812E-04 3.2072E-04 1.0693E-03 4.6856E-03 1.1765E-02 2.0549E-02 2.1077E-02
  1.5459E-02 9.3812E-03 4.6170E-03 2.0521E-03 9.3643E-04 5.7112E-04 5.1795E-04
  1.8214E-04 1.8214E-04 1.8420E-04 1.9020E-04 2.0272E-04 2.2914E-04 2.3582E-04
  2.3822E-04 3.3341E-04 1.3952E-03 7.1494E-03 1.4367E-02 1.9209E-02 1.5778E-02
  1.1849E-02 6.5336E-03 3.2504E-03 1.5966E-03 7.8482E-04 5.3784E-04 5.1795E-04
  1.9552E-04 1.9260E-04 1.9192E-04 1.9740E-04 2.0684E-04 2.1667E-04 1.9792E-04
  2.2107E-04 1.1419E-03 4.0853E-03 7.5854E-03 9.8673E-03 1.2347E-02 1.3705E-02
  8.9324E-03 4.4006E-03 2.7372E-03 1.5463E-03 8.0197E-04 5.3699E-04 5.1795E-04
  2.0547E-04 2.0889E-04 2.1627E-04 2.1953E-04 2.2210E-04 2.1300E-04 2.1541E-04
  5.1040E-04 2.3003E-03 6.8563E-03 8.9316E-03 8.0347E-03 6.9784E-03 8.1034E-03
  7.2078E-03 4.1127E-03 3.3319E-03 1.8576E-03 8.1706E-04 5.1281E-04 5.1795E-04
  1.6945E-04 1.5744E-04 1.4561E-04 1.5984E-04 1.7151E-04 1.7940E-04 2.1884E-04
  7.2736E-04 3.8846E-03 8.9328E-03 7.8516E-03 4.7238E-03 4.2179E-03 4.6168E-03
  3.6502E-03 2.8988E-03 2.2661E-03 1.1712E-03 5.5157E-04 4.6153E-04 5.1795E-04
  1.0290E-04 1.0548E-04 1.1234E-04 1.2263E-04 1.4835E-04 2.5845E-04 7.3405E-04
  1.7022E-03 3.2183E-03 4.3649E-03 4.9308E-03 4.4455E-03 4.2405E-03 3.5056E-03
  1.9303E-03 1.4248E-03 9.0984E-04 6.0456E-04 4.8279E-04 4.7765E-04 5.1795E-04
  8.3695E-05 8.5410E-05 8.8840E-05 9.8959E-05 1.4184E-04 3.1107E-04 1.1652E-03
  2.7851E-03 3.8083E-03 4.1961E-03 4.6947E-03 4.9968E-03 3.8426E-03 2.4669E-03
  1.4621E-03 1.1553E-03 9.1979E-04 6.9546E-04 4.8828E-04 4.5055E-04 5.1795E-04
  3.6702E-05 4.0819E-05 6.0713E-05 1.3703E-04 3.7131E-04 9.8684E-04 2.5599E-03
  4.1242E-03 4.8996E-03 5.4946E-03 5.6837E-03 5.3800E-03 3.4199E-03 2.0415E-03
  1.1585E-03 8.2443E-04 6.4795E-04 5.0011E-04 3.5468E-04 3.9824E-04 5.1795E-04
  5.6254E-05 4.8022E-05 5.5568E-05 1.6002E-04 4.6804E-04 1.2015E-03 3.1739E-03
  4.6869E-03 5.4608E-03 6.3960E-03 6.4713E-03 5.0066E-03 3.6756E-03 1.9504E-03
  1.0743E-03 6.8538E-04 5.8038E-04 5.4316E-04 4.5158E-04 4.4626E-04 5.1795E-04
  3.0871E-06 2.1095E-05 1.3017E-04 4.3837E-04 9.7965E-04 1.7893E-03 3.6468E-03
  5.8367E-03 5.3213E-03 5.7933E-03 7.3300E-03 6.8977E-03 3.6605E-03 1.7013E-03
  1.0169E-03 5.5023E-04 4.7404E-04 4.8725E-04 4.7319E-04 4.7747E-04 5.1795E-04
  1.1234E-04 1.3195E-04 3.2275E-04 8.3631E-04 1.6370E-03 2.7363E-03 4.3206E-03
  5.2185E-03 4.8645E-03 5.2729E-03 5.2194E-03 4.7531E-03 3.7696E-03 1.4649E-03
  6.0896E-04 4.5473E-04 3.8873E-04 3.9408E-04 4.3242E-04 5.5635E-04 6.6334E-04
  3.9230E-05 6.7226E-05 2.1648E-04 6.6067E-04 1.4932E-03 2.6290E-03 3.7844E-03
  4.5642E-03 4.4579E-03 4.5257E-03 4.1500E-03 3.2365E-03 2.7653E-03 1.5886E-03
  5.8542E-04 3.7327E-04 4.1191E-04 4.3848E-04 3.8320E-04 4.9358E-04 6.6334E-04
  2.9672E-04 3.1972E-04 3.9408E-04 5.7686E-04 1.0305E-03 1.9024E-03 2.9981E-03
  3.1689E-03 3.4824E-03 3.8597E-03 3.3631E-03 3.7530E-03 3.7654E-03 3.1067E-03
  1.2420E-03 5.4363E-04 5.3602E-04 5.3745E-04 5.2301E-04 5.8417E-04 6.6334E-04
  7.6249E-04 7.9530E-04 8.6894E-04 1.0000E-03 1.2696E-03 1.7559E-03 2.7703E-03
  5.1785E-03 5.6912E-03 4.8836E-03 4.3335E-03 4.9585E-03 4.6147E-03 2.9381E-03
  1.4051E-03 1.0713E-03 9.7593E-04 7.5268E-04 6.7137E-04 6.7458E-04 6.6334E-04
  1.1858E-03 1.2192E-03 1.2619E-03 1.2866E-03 1.3331E-03 1.4392E-03 2.2584E-03
  5.5972E-03 6.3297E-03 6.7390E-03 7.2968E-03 6.1591E-03 5.2149E-03 3.8110E-03
  3.3684E-03 2.4697E-03 1.6380E-03 1.0225E-03 7.3788E-04 6.8314E-04 6.6334E-04
  1.0432E-03 1.0476E-03 1.0485E-03 1.0770E-03 1.1921E-03 1.3630E-03 1.6584E-03
  3.2454E-03 5.3139E-03 7.7417E-03 8.8722E-03 7.9690E-03 7.9815E-03 6.2206E-03
  4.2448E-03 2.9258E-03 2.0560E-03 1.3374E-03 9.3795E-04 7.5607E-04 6.6334E-04
  7.1006E-04 7.1309E-04 7.3342E-04 7.9387E-04 9.0996E-04 1.0721E-03 1.2682E-03
  1.8982E-03 3.4842E-03 6.3105E-03 9.5976E-03 1.2219E-02 1.3340E-02 1.2417E-02
  7.6796E-03 4.1825E-03 2.5383E-03 1.5066E-03 9.7754E-04 7.4697E-04 6.6334E-04
  6.1056E-04 6.1876E-04 6.4105E-04 6.7547E-04 7.4002E-04 8.5656E-04 1.0416E-03
  1.4619E-03 2.2479E-03 4.9530E-03 8.9963E-03 1.3920E-02 1.7075E-02 1.5599E-02
  9.9435E-03 4.7940E-03 2.5462E-03 1.4255E-03 8.9944E-04 7.0186E-04 6.6334E-04
  4.5935E-04 4.7968E-04 5.3049E-04 5.6384E-04 5.8435E-04 6.4220E-04 7.2736E-04
  8.5111E-04 1.0852E-03 2.2957E-03 6.0029E-03 1.2456E-02 1.7360E-02 1.6918E-02
  1.4130E-02 8.1066E-03 4.2832E-03 2.3738E-03 1.4149E-03 8.7001E-04 6.6334E-04
  7.0828E-04 7.1898E-04 7.5446E-04 7.6463E-04 7.3235E-04 7.1827E-04 7.2700E-04
  7.8638E-04 9.0853E-04 1.7315E-03 5.2224E-03 1.1168E-02 1.8068E-02 1.8779E-02
  1.2480E-02 6.4920E-03 3.3388E-03 1.5653E-03 8.0778E-04 6.4979E-04 6.6334E-04
  1.4051E-03 1.4132E-03 1.4248E-03 1.3588E-03 1.2036E-03 1.0372E-03 8.5325E-04
  7.3645E-04 7.3289E-04 1.4542E-03 4.6951E-03 1.0783E-02 1.9426E-02 1.9594E-02
  1.4486E-02 9.1729E-03 4.5774E-03 2.0230E-03 1.0467E-03 7.6587E-04 6.6334E-04
  1.8274E-03 1.8313E-03 1.8369E-03 1.8251E-03 1.7884E-03 1.7122E-03 1.5321E-03
  1.2340E-03 8.5450E-04 1.7793E-03 7.0279E-03 1.3589E-02 1.8350E-02 1.4822E-02
  1.1453E-02 6.6272E-03 3.2996E-03 1.6751E-03 1.0883E-03 8.5967E-04 6.6334E-04
  1.8249E-03 1.8518E-03 1.9073E-03 1.9499E-03 1.9592E-03 1.9460E-03 1.8731E-03
  1.6366E-03 1.8657E-03 4.3515E-03 7.7431E-03 9.7201E-03 1.1661E-02 1.2922E-02
  8.6061E-03 4.4176E-03 2.6485E-03 1.5130E-03 1.0548E-03 8.5075E-04 6.6334E-04
  1.2639E-03 1.2743E-03 1.3040E-03 1.3435E-03 1.3971E-03 1.4501E-03 1.3698E-03
  1.3681E-03 3.0512E-03 7.4351E-03 8.6559E-03 8.0165E-03 6.6611E-03 7.2475E-03
  6.2812E-03 3.9312E-03 3.2516E-03 1.8311E-03 9.6648E-04 7.3663E-04 6.6334E-04
  4.3688E-04 3.9747E-04 3.4041E-04 3.1651E-04 3.1009E-04 3.3870E-04 4.4223E-04
  1.1976E-03 4.8520E-03 9.3002E-03 7.2648E-03 4.8852E-03 3.7750E-03 3.5585E-03
  3.1626E-03 2.4974E-03 1.9522E-03 1.0583E-03 5.8667E-04 5.8613E-04 6.6334E-04
  2.9422E-04 2.9244E-04 2.9155E-04 3.0225E-04 3.3791E-04 4.5773E-04 9.5311E-04
  2.0079E-03 3.6475E-03 4.5979E-03 4.5177E-03 3.7884E-03 3.5690E-03 2.7889E-03
  1.6156E-03 1.1984E-03 7.6587E-04 5.1177E-04 4.2529E-04 5.3317E-04 6.6334E-04
  5.1748E-04 5.1730E-04 5.1516E-04 5.2176E-04 5.6616E-04 7.4806E-04 1.5863E-03
  3.1705E-03 3.9890E-03 4.1774E-03 4.5555E-03 4.7737E-03 3.7224E-03 2.3700E-03
  1.3902E-03 1.0364E-03 8.1045E-04 6.2179E-04 5.1766E-04 5.7579E-04 6.6334E-04
  3.1669E-04 3.3791E-04 3.9890E-04 5.2336E-04 8.0653E-04 1.4843E-03 3.0337E-03
  4.5045E-03 5.0239E-03 5.4647E-03 5.5063E-03 5.0723E-03 3.1213E-03 1.8723E-03
  1.1156E-03 7.6063E-04 5.9451E-04 4.8092E-04 4.1477E-04 5.2943E-04 6.6334E-04
  2.5820E-04 2.6979E-04 3.1848E-04 4.6594E-04 8.2953E-04 1.6672E-03 3.7190E-03
  4.9055E-03 5.5257E-03 6.5275E-03 6.5387E-03 4.9298E-03 3.6059E-03 1.9248E-03
  1.0396E-03 6.1299E-04 4.9661E-04 4.7789E-04 4.5114E-04 5.4405E-04 6.6334E-04
  9.8788E-05 1.2803E-04 2.6748E-04 6.1537E-04 1.1956E-03 2.0413E-03 3.6630E-03
  5.5733E-03 5.2549E-03 5.8535E-03 7.4655E-03 7.1527E-03 3.8081E-03 1.7470E-03
  1.0291E-03 5.6436E-04 4.5953E-04 4.6791E-04 4.8235E-04 5.6866E-04 6.6334E-04
  0.0000E+00 4.6502E-04 5.3478E-03 2.2786E-02 6.2313E-02 1.4248E-01 3.1250E-01
  3.1343E-01 1.7648E-01 1.1230E-01 1.3323E-01 8.6494E-02 2.1624E-02 1.6276E-02
  3.0226E-03 0.0000E+00 0.0000E+00 1.8601E-03 2.5576E-03 3.0226E-03 4.5727E-03
  0.0000E+00 0.0000E+00 0.0000E+00 1.9159E-02 6.9242E-02 1.6003E-01 3.6128E-01
  3.2542E-01 2.4530E-01 1.0119E-01 3.2180E-02 2.0554E-02 2.6088E-02 1.1254E-02
  2.0461E-03 0.0000E+00 6.0918E-03 6.9753E-03 1.3486E-03 2.7901E-03 4.5727E-03
  1.4230E-02 1.7485E-02 3.2040E-02 5.2269E-02 9.6399E-02 1.9606E-01 4.2005E-01
  3.5588E-01 2.4367E-01 8.7471E-02 4.5154E-02 4.0457E-02 2.1717E-02 3.2552E-04
  0.0000E+00 0.0000E+00 0.0000E+00 6.5103E-04 1.3021E-03 2.9761E-03 4.5727E-03
  1.4881E-02 1.8275E-02 3.2970E-02 6.7196E-02 1.2467E-01 2.2473E-01 4.9074E-01
  4.1908E-01 2.8817E-01 1.0268E-01 7.3613E-02 5.1524E-02 2.2461E-02 0.0000E+00
  0.0000E+00 0.0000E+00 0.0000E+00 0.0000E+00 0.0000E+00 2.3251E-03 4.5727E-03
  9.7655E-03 1.1905E-02 1.9996E-02 4.2131E-02 8.5285E-02 1.4185E-01 4.1940E-01
  4.4242E-01 4.0299E-01 2.1647E-01 7.5520E-02 4.3247E-02 2.6878E-02 0.0000E+00
  0.0000E+00 1.2388E-04 1.8601E-04 0.0000E+00 0.0000E+00 2.3251E-03 4.5727E-03
  0.0000E+00 0.0000E+00 0.0000E+00 0.0000E+00 3.2552E-03 2.6671E-02 1.2067E-01
  2.5390E-01 3.2598E-01 2.2949E-01 9.1144E-02 4.1619E-02 1.4416E-02 0.0000E+00
  1.8601E-03 2.0302E-02 2.1158E-02 8.6029E-03 1.6276E-03 2.3251E-03 4.5727E-03
  0.0000E+00 0.0000E+00 0.0000E+00 0.0000E+00 0.0000E+00 0.0000E+00 3.5016E-02
  1.5732E-01 2.3549E-01 2.0061E-01 1.1221E-01 5.3803E-02 1.2323E-02 0.0000E+00
  4.6502E-05 5.7955E-03 5.4408E-03 7.4404E-04 0.0000E+00 2.3251E-03 4.5727E-03
  0.0000E+00 0.0000E+00 0.0000E+00 0.0000E+00 0.0000E+00 4.7766E-03 3.2970E-02
  1.1737E-01 1.7378E-01 1.7350E-01 1.1054E-01 5.4361E-02 1.6369E-02 0.0000E+00
  0.0000E+00 0.0000E+00 0.0000E+00 0.0000E+00 0.0000E+00 2.3251E-03 4.5727E-03
  0.0000E+00 0.0000E+00 0.0000E+00 0.0000E+00 0.0000E+00 0.0000E+00 4.1387E-03
  5.2501E-02 1.0337E-01 1.0779E-01 8.2820E-02 4.6921E-02 9.7655E-03 0.0000E+00
  0.0000E+00 0.0000E+00 0.0000E+00 0.0000E+00 0.0000E+00 2.3251E-03 4.5727E-03
  0.0000E+00 0.0000E+00 0.0000E+00 0.0000E+00 0.0000E+00 0.0000E+00 0.0000E+00
  6.8823E-03 3.9108E-02 5.0780E-02 3.9155E-02 1.7020E-02 1.7206E-03 0.0000E+00
  0.0000E+00 0.0000E+00 0.0000E+00 0.0000E+00 0.0000E+00 2.3251E-03 4.5727E-03
  0.0000E+00 0.0000E+00 0.0000E+00 0.0000E+00 0.0000E+00 0.0000E+00 0.0000E+00
  0.0000E+00 2.7901E-03 5.5803E-03 1.3486E-02 1.1626E-02 9.3005E-04 0.0000E+00
  0.0000E+00 0.0000E+00 0.0000E+00 0.0000E+00 0.0000E+00 2.3251E-03 4.5727E-03
  0.0000E+00 0.0000E+00 0.0000E+00 0.0000E+00 0.0000E+00 0.0000E+00 0.0000E+00
  0.0000E+00 0.0000E+00 0.0000E+00 2.3251E-04 5.1153E-04 9.3005E-05 0.0000E+00
  0.0000E+00 0.0000E+00 0.0000E+00 0.0000E+00 0.0000E+00 2.3251E-03 4.5727E-03
  8.3704E-04 4.1852E-04 0.0000E+00 0.0000E+00 0.0000E+00 0.0000E+00 0.0000E+00
  8.3704E-04 0.0000E+00 0.0000E+00 0.0000E+00 0.0000E+00 0.0000E+00 0.0000E+00
  0.0000E+00 0.0000E+00 0.0000E+00 0.0000E+00 0.0000E+00 2.0461E-03 4.5727E-03
  2.1391E-03 2.6041E-03 3.5342E-03 3.3017E-03 2.6041E-03 8.6717E-04 0.0000E+00
  0.0000E+00 0.0000E+00 6.8358E-03 1.5904E-02 4.8827E-03 0.0000E+00 0.0000E+00
  0.0000E+00 0.0000E+00 0.0000E+00 0.0000E+00 0.0000E+00 2.3251E-03 4.5727E-03
  8.3704E-04 8.3704E-04 8.8354E-04 1.3486E-03 1.3021E-03 8.3704E-04 0.0000E+00
  6.0453E-03 3.9666E-02 8.4169E-03 3.2551E-04 8.5099E-03 1.7671E-03 1.8136E-03
  7.7659E-03 4.4665E-03 0.0000E+00 0.0000E+00 0.0000E+00 2.3251E-03 4.5727E-03
  0.0000E+00 0.0000E+00 0.0000E+00 0.0000E+00 0.0000E+00 0.0000E+00 4.6502E-04
  2.0694E-02 4.5572E-02 5.5105E-02 3.6272E-02 3.1621E-02 7.7426E-02 1.6043E-02
  0.0000E+00 0.0000E+00 0.0000E+00 0.0000E+00 0.0000E+00 1.8601E-03 4.5727E-03
  0.0000E+00 0.0000E+00 0.0000E+00 0.0000E+00 0.0000E+00 0.0000E+00 3.0273E-02
  1.2904E-01 2.0587E-01 2.6757E-01 2.1047E-01 1.1328E-01 1.6732E-01 4.5851E-02
  0.0000E+00 0.0000E+00 0.0000E+00 0.0000E+00 0.0000E+00 2.3251E-03 4.5727E-03
  0.0000E+00 0.0000E+00 0.0000E+00 7.4404E-04 1.1021E-02 3.6931E-02 1.2356E-01
  2.5795E-01 3.5491E-01 2.0052E-01 2.0284E-01 1.9066E-01 1.3007E-01 4.6921E-02
  4.0922E-03 0.0000E+00 0.0000E+00 0.0000E+00 0.0000E+00 2.3251E-03 4.5727E-03
  0.0000E+00 0.0000E+00 0.0000E+00 5.2082E-03 2.5065E-02 6.9055E-02 2.0010E-01
  2.9031E-01 2.7576E-01 1.8089E-01 1.7555E-01 1.0319E-01 3.8132E-02 4.5572E-03
  0.0000E+00 0.0000E+00 0.0000E+00 0.0000E+00 0.0000E+00 2.3251E-03 4.5727E-03
  0.0000E+00 0.0000E+00 2.0926E-03 1.5997E-02 4.8083E-02 1.0930E-01 2.7208E-01
  3.1715E-01 2.4335E-01 1.6466E-01 1.3128E-01 1.0268E-01 6.3150E-02 2.0554E-02
  4.6501E-05 0.0000E+00 0.0000E+00 0.0000E+00 0.0000E+00 2.3251E-03 4.5727E-03
  4.1458E-03 7.0479E-03 2.0729E-02 5.2790E-02 1.0738E-01 2.0373E-01 4.0878E-01
  4.5024E-01 2.7763E-01 1.7758E-01 1.6735E-01 9.4801E-02 3.1923E-02 2.9021E-02
  1.1470E-02 1.1061E-03 5.5278E-04 2.0729E-03 3.0403E-03 3.1785E-03 3.2936E-03
  3.7036E-03 7.5178E-03 2.3687E-02 5.9977E-02 1.1970E-01 2.2168E-01 4.5261E-01
  4.5204E-01 3.5867E-01 1.9563E-01 7.4293E-02 3.4908E-02 3.3637E-02 2.2249E-02
  2.0453E-02 2.1599E-02 1.0917E-02 5.1685E-03 1.3267E-03 2.2111E-03 3.2936E-03
  1.8021E-02 2.2443E-02 3.9855E-02 7.3768E-02 1.3164E-01 2.3729E-01 4.8556E-01
  4.5952E-01 3.9015E-01 2.3562E-01 1.2584E-01 6.3901E-02 3.0956E-02 8.4299E-03
  2.1835E-03 1.0324E-03 5.8042E-04 1.6031E-03 1.8518E-03 2.4875E-03 3.2936E-03
  1.8573E-02 2.2443E-02 3.8059E-02 7.3271E-02 1.3131E-01 2.3178E-01 5.1489E-01
  4.9347E-01 5.0217E-01 2.7868E-01 1.1169E-01 7.2939E-02 2.4847E-02 1.9071E-03
  0.0000E+00 0.0000E+00 0.0000E+00 0.0000E+00 6.3569E-04 2.2940E-03 3.2936E-03
  1.1608E-02 1.3377E-02 2.0895E-02 4.2619E-02 8.3553E-02 1.5268E-01 4.4792E-01
  5.3454E-01 4.8597E-01 2.8877E-01 1.1951E-01 6.5311E-02 2.6782E-02 5.1408E-03
  0.0000E+00 1.1045E-04 1.6583E-04 0.0000E+00 2.4875E-04 1.9071E-03 3.2936E-03
  0.0000E+00 0.0000E+00 0.0000E+00 1.1056E-03 1.2437E-02 4.9395E-02 1.5243E-01
  3.1108E-01 4.1458E-01 3.1453E-01 1.4193E-01 6.3569E-02 2.1835E-02 4.2840E-03
  1.3819E-03 1.5383E-02 1.5754E-02 6.2188E-03 1.1056E-03 1.6583E-03 3.2936E-03
  0.0000E+00 0.0000E+00 0.0000E+00 0.0000E+00 2.7639E-05 8.0193E-03 6.0640E-02
  1.8452E-01 2.6702E-01 2.5005E-01 1.6561E-01 8.5847E-02 2.7446E-02 4.8368E-03
  1.2990E-03 8.4581E-03 5.8594E-03 2.6810E-03 4.4222E-04 1.6583E-03 3.2936E-03
  1.2106E-02 6.8268E-03 7.7389E-04 0.0000E+00 0.0000E+00 4.5719E-03 3.4963E-02
  1.0876E-01 1.5939E-01 1.7244E-01 1.3164E-01 7.7334E-02 3.1702E-02 5.1961E-03
  0.0000E+00 0.0000E+00 0.0000E+00 0.0000E+00 0.0000E+00 1.6583E-03 3.2936E-03
  0.0000E+00 0.0000E+00 0.0000E+00 0.0000E+00 0.0000E+00 0.0000E+00 7.4901E-03
  4.9695E-02 9.8699E-02 1.1644E-01 1.1238E-01 7.1143E-02 2.2360E-02 2.6257E-03
  0.0000E+00 0.0000E+00 0.0000E+00 0.0000E+00 0.0000E+00 1.6583E-03 3.2936E-03
  0.0000E+00 0.0000E+00 0.0000E+00 0.0000E+00 0.0000E+00 0.0000E+00 0.0000E+00
  9.5907E-03 3.4742E-02 4.8230E-02 5.4891E-02 3.4106E-02 1.3073E-02 2.3217E-03
  0.0000E+00 0.0000E+00 0.0000E+00 0.0000E+00 0.0000E+00 1.6583E-03 3.2936E-03
  0.0000E+00 0.0000E+00 0.0000E+00 0.0000E+00 0.0000E+00 0.0000E+00 0.0000E+00
  4.1458E-04 4.4222E-03 9.2590E-03 1.4649E-02 1.3819E-02 5.1132E-03 0.0000E+00
  0.0000E+00 0.0000E+00 0.0000E+00 0.0000E+00 0.0000E+00 1.6583E-03 3.2936E-03
  0.0000E+00 0.0000E+00 0.0000E+00 0.0000E+00 0.0000E+00 0.0000E+00 0.0000E+00
  0.0000E+00 0.0000E+00 0.0000E+00 1.3819E-03 1.0503E-03 1.3819E-04 0.0000E+00
  0.0000E+00 0.0000E+00 0.0000E+00 0.0000E+00 0.0000E+00 1.6583E-03 3.2936E-03
  3.3167E-04 1.6583E-04 0.0000E+00 0.0000E+00 0.0000E+00 0.0000E+00 0.0000E+00
  4.9750E-04 0.0000E+00 1.2438E-03 4.3669E-03 2.4875E-04 2.8192E-03 4.1458E-04
  0.0000E+00 0.0000E+00 0.0000E+00 0.0000E+00 0.0000E+00 1.5754E-03 3.2936E-03
  1.1056E-03 1.1885E-03 1.8242E-03 2.3493E-03 2.1282E-03 6.4426E-04 0.0000E+00
  0.0000E+00 5.0303E-03 4.2730E-02 5.5748E-02 3.2089E-02 1.1747E-02 2.4875E-04
  1.9347E-04 2.1928E-03 9.6736E-04 0.0000E+00 0.0000E+00 1.6583E-03 3.2936E-03
  4.9750E-04 4.9750E-04 7.7389E-04 1.2990E-03 1.2990E-03 6.8158E-04 0.0000E+00
  2.1724E-02 9.9334E-02 4.2149E-02 1.7689E-02 3.9054E-02 1.5174E-02 6.2464E-03
  1.0696E-02 6.8195E-03 1.4925E-03 0.0000E+00 0.0000E+00 1.6583E-03 3.2936E-03
  0.0000E+00 0.0000E+00 0.0000E+00 0.0000E+00 0.0000E+00 1.8435E-04 5.8042E-03
  4.7953E-02 1.1691E-01 1.1166E-01 9.4525E-02 9.2038E-02 9.1899E-02 2.4737E-02
  4.1458E-04 0.0000E+00 0.0000E+00 0.0000E+00 0.0000E+00 1.5201E-03 3.2936E-03
  0.0000E+00 0.0000E+00 0.0000E+00 0.0000E+00 9.9500E-04 9.4010E-03 6.4122E-02
  2.0931E-01 3.5347E-01 4.9700E-01 4.3957E-01 2.6155E-01 2.2692E-01 9.3392E-02
  2.1282E-03 0.0000E+00 0.0000E+00 0.0000E+00 0.0000E+00 1.6583E-03 3.2936E-03
  0.0000E+00 0.0000E+00 1.6583E-04 7.7942E-03 3.2807E-02 8.1809E-02 2.0718E-01
  3.8833E-01 4.7564E-01 3.1566E-01 2.9850E-01 2.6666E-01 2.0873E-01 9.2452E-02
  7.7665E-03 0.0000E+00 0.0000E+00 0.0000E+00 0.0000E+00 1.6583E-03 3.2936E-03
  0.0000E+00 0.0000E+00 3.7589E-03 2.0397E-02 5.9866E-02 1.3361E-01 2.9952E-01
  4.6624E-01 4.4217E-01 2.6000E-01 2.4803E-01 1.9704E-01 8.5100E-02 2.3493E-02
  9.1208E-04 0.0000E+00 0.0000E+00 0.0000E+00 0.0000E+00 1.6583E-03 3.2936E-03
  1.6583E-04 2.1835E-03 1.1802E-02 3.7036E-02 8.4658E-02 1.6888E-01 3.6682E-01
  4.7475E-01 3.6599E-01 2.2904E-01 1.7078E-01 1.6061E-01 8.8749E-02 3.4493E-02
  2.8468E-03 0.0000E+00 0.0000E+00 0.0000E+00 0.0000E+00 1.6583E-03 3.2936E-03
  6.8589E-03 9.9835E-03 2.3244E-02 5.3347E-02 1.0494E-01 1.9625E-01 3.8387E-01
  4.1451E-01 2.6643E-01 2.0234E-01 1.4876E-01 8.5812E-02 4.0086E-02 4.8546E-02
  2.9265E-02 4.6252E-03 8.3831E-04 1.3718E-03 2.2863E-03 2.2863E-03 2.1212E-03
  8.9623E-03 1.2590E-02 2.7283E-02 5.9642E-02 1.1291E-01 2.0365E-01 4.0361E-01
  4.0923E-01 3.2441E-01 2.2729E-01 9.6558E-02 4.4644E-02 3.1109E-02 2.5591E-02
  3.8242E-02 3.8458E-02 1.4327E-02 3.5666E-03 7.3162E-04 1.3718E-03 2.1212E-03
  1.6431E-02 2.0196E-02 3.5255E-02 6.5693E-02 1.1563E-01 2.0312E-01 4.1172E-01
  4.0989E-01 3.7628E-01 2.9256E-01 1.7966E-01 7.3329E-02 3.5026E-02 2.0592E-02
  9.7244E-03 4.7164E-03 1.4937E-03 1.4480E-03 1.3108E-03 1.5699E-03 2.1212E-03
  1.6431E-02 1.9616E-02 3.2267E-02 5.9916E-02 1.0444E-01 1.8189E-01 4.1420E-01
  4.4168E-01 5.2108E-01 3.2129E-01 1.2319E-01 8.6026E-02 3.3380E-02 9.3586E-03
  2.5302E-03 1.3206E-04 3.2008E-04 3.2008E-04 8.2307E-04 1.7833E-03 2.1212E-03
  9.8768E-03 1.1127E-02 1.6781E-02 3.1917E-02 5.9718E-02 1.1296E-01 3.5288E-01
  5.1257E-01 4.1751E-01 2.7274E-01 1.3410E-01 8.1575E-02 3.2938E-02 1.2392E-02
  3.3380E-03 2.6918E-03 4.9384E-03 3.9172E-03 2.9265E-03 2.6826E-03 2.1212E-03
  0.0000E+00 0.0000E+00 0.0000E+00 1.5242E-03 1.0898E-02 4.0707E-02 1.2948E-01
  2.7032E-01 3.5948E-01 2.9074E-01 1.5090E-01 7.9182E-02 3.1094E-02 1.0212E-02
  4.5726E-03 1.1887E-02 1.2194E-02 6.1730E-03 1.5242E-03 1.2956E-03 2.1212E-03
  0.0000E+00 0.0000E+00 0.0000E+00 0.0000E+00 7.4686E-04 8.3865E-03 5.1640E-02
  1.5355E-01 2.1948E-01 2.1086E-01 1.5210E-01 9.4074E-02 3.8212E-02 1.0822E-02
  4.1458E-03 5.8331E-03 4.0239E-03 2.1034E-03 5.6395E-04 1.0822E-03 2.1212E-03
  1.5394E-02 1.0776E-02 3.2923E-03 2.1339E-04 9.9073E-04 5.7430E-03 2.8076E-02
  8.4197E-02 1.2238E-01 1.3878E-01 1.2299E-01 7.8816E-02 3.4112E-02 8.8251E-03
  1.4480E-03 7.1058E-05 1.0669E-04 4.5726E-05 4.5726E-05 1.0669E-03 2.1212E-03
  3.6581E-04 1.8290E-04 0.0000E+00 0.0000E+00 0.0000E+00 1.0573E-03 1.0136E-02
  3.8288E-02 7.6058E-02 9.8951E-02 9.6238E-02 7.0753E-02 2.6262E-02 5.7920E-03
  8.2307E-04 0.0000E+00 0.0000E+00 4.5726E-05 1.5242E-04 1.1736E-03 2.1212E-03
  0.0000E+00 0.0000E+00 0.0000E+00 0.0000E+00 0.0000E+00 3.8632E-04 2.4844E-03
  1.0639E-02 2.6110E-02 3.7175E-02 3.8562E-02 3.1658E-02 1.5821E-02 5.9901E-03
  9.9073E-04 0.0000E+00 0.0000E+00 0.0000E+00 0.0000E+00 1.0669E-03 2.1212E-03
  0.0000E+00 0.0000E+00 0.0000E+00 0.0000E+00 0.0000E+00 1.0166E-04 1.2194E-03
  3.2770E-03 6.3254E-03 9.1452E-03 1.1127E-02 1.0136E-02 6.5541E-03 2.0577E-03
  1.5242E-04 0.0000E+00 0.0000E+00 0.0000E+00 0.0000E+00 1.0669E-03 2.1212E-03
  0.0000E+00 0.0000E+00 0.0000E+00 0.0000E+00 1.3718E-04 7.0134E-04 1.7223E-03
  1.2956E-03 4.7250E-04 1.4541E-02 3.7389E-02 6.6912E-03 2.7390E-02 1.0547E-02
  0.0000E+00 0.0000E+00 0.0000E+00 0.0000E+00 0.0000E+00 1.0669E-03 2.1212E-03
  2.7436E-04 1.3718E-04 0.0000E+00 0.0000E+00 3.6581E-04 1.5449E-03 2.0119E-03
  1.0365E-03 5.4871E-04 1.4358E-02 3.8623E-02 1.0715E-02 4.5802E-02 1.8382E-02
  0.0000E+00 3.0453E-05 1.9815E-04 1.5242E-04 0.0000E+00 1.0212E-03 2.1212E-03
  7.0113E-04 6.5541E-04 6.0968E-04 6.2492E-04 7.4686E-04 2.8423E-04 4.5726E-05
  1.7986E-03 1.9296E-02 6.9641E-02 6.4413E-02 8.4624E-02 3.9675E-02 3.8105E-03
  1.2803E-03 2.3676E-03 1.5547E-03 4.1153E-04 0.0000E+00 1.0669E-03 2.1212E-03
  2.7436E-04 2.7436E-04 1.3718E-04 1.3718E-04 4.2678E-04 3.7587E-04 9.2976E-04
  4.6793E-02 1.9510E-01 1.1061E-01 6.1273E-02 6.3102E-02 2.7024E-02 9.1909E-03
  1.2346E-02 6.8608E-03 1.7071E-03 1.3718E-04 0.0000E+00 1.0669E-03 2.1212E-03
  0.0000E+00 0.0000E+00 0.0000E+00 0.0000E+00 3.8105E-04 2.5920E-03 1.2498E-02
  6.8284E-02 2.4402E-01 1.8115E-01 1.6919E-01 1.6774E-01 9.0385E-02 2.5302E-02
  3.2770E-03 3.0499E-04 0.0000E+00 0.0000E+00 0.0000E+00 9.9073E-04 2.1212E-03
  0.0000E+00 0.0000E+00 0.0000E+00 4.2678E-04 4.2830E-03 1.8672E-02 8.8586E-02
  2.6108E-01 4.2315E-01 4.5310E-01 4.9407E-01 3.3318E-01 2.1288E-01 7.8237E-02
  3.2008E-03 0.0000E+00 0.0000E+00 0.0000E+00 0.0000E+00 1.0669E-03 2.1212E-03
  0.0000E+00 0.0000E+00 1.5090E-03 1.0197E-02 3.5179E-02 9.1105E-02 2.4564E-01
  4.1749E-01 4.3624E-01 3.4677E-01 3.2037E-01 2.2416E-01 1.8016E-01 6.6836E-02
  7.4838E-03 0.0000E+00 0.0000E+00 0.0000E+00 0.0000E+00 1.0669E-03 2.1212E-03
  2.1339E-04 9.4500E-04 5.5786E-03 2.2055E-02 6.1715E-02 1.4321E-01 3.2889E-01
  4.5532E-01 3.9048E-01 2.7887E-01 2.6128E-01 1.8335E-01 1.0279E-01 3.2511E-02
  2.6064E-03 0.0000E+00 0.0000E+00 0.0000E+00 0.0000E+00 1.0669E-03 2.1212E-03
  2.6216E-03 4.6488E-03 1.3687E-02 3.7770E-02 8.4974E-02 1.7220E-01 3.6642E-01
  4.4656E-01 3.5390E-01 2.6658E-01 1.7688E-01 1.6221E-01 9.8463E-02 7.2034E-02
  1.5714E-02 4.0665E-05 0.0000E+00 4.5725E-05 1.2193E-04 1.1432E-03 2.1212E-03
  1.1971E-03 7.2682E-03 4.7756E-02 1.8059E-01 4.2245E-01 6.7853E-01 6.6889E-01
  5.1159E-01 3.2536E-01 2.3168E-01 1.6276E-01 1.0312E-01 4.7329E-02 4.2797E-02
  4.1942E-02 9.2384E-03 1.3681E-03 1.0261E-03 1.5819E-03 1.5819E-03 1.5249E-03
  1.0261E-04 2.2232E-03 1.8692E-02 9.1664E-02 2.8762E-01 6.1987E-01 7.6759E-01
  6.5359E-01 4.1816E-01 2.4261E-01 1.0787E-01 6.4670E-02 5.7598E-02 3.5101E-02
  4.8551E-02 3.4571E-02 1.0877E-02 2.4883E-03 5.8145E-04 1.0261E-03 1.5249E-03
  1.7957E-03 3.0612E-03 1.0295E-02 3.7453E-02 1.2418E-01 3.5665E-01 8.3880E-01
  8.4886E-01 4.8898E-01 2.8457E-01 1.6913E-01 9.8685E-02 6.7491E-02 4.2976E-02
  1.8718E-02 6.0726E-03 2.2574E-03 1.4023E-03 9.9189E-04 1.1373E-03 1.5249E-03
  4.1899E-03 6.3960E-03 1.7050E-02 4.8090E-02 1.1692E-01 2.6223E-01 5.9570E-01
  5.9874E-01 5.6437E-01 3.2929E-01 1.3886E-01 1.2553E-01 5.5298E-02 1.8008E-02
  6.0027E-03 2.4963E-03 4.9851E-03 4.6687E-03 1.9838E-03 1.2570E-03 1.5249E-03
  4.0873E-03 5.3528E-03 1.1287E-02 2.7269E-02 5.5332E-02 1.0289E-01 2.8850E-01
  4.0924E-01 3.2886E-01 2.4064E-01 1.4519E-01 1.1219E-01 4.8056E-02 2.2001E-02
  7.4563E-03 1.0360E-02 1.9607E-02 1.6665E-02 7.4050E-03 2.5652E-03 1.5249E-03
  0.0000E+00 0.0000E+00 8.5508E-05 2.0522E-03 1.0304E-02 3.3157E-02 1.0440E-01
  2.3134E-01 2.9081E-01 2.3660E-01 1.4404E-01 9.0681E-02 4.0103E-02 1.6546E-02
  5.9000E-03 8.1507E-03 8.8928E-03 5.0450E-03 1.5819E-03 1.0689E-03 1.5249E-03
  0.0000E+00 0.0000E+00 0.0000E+00 0.0000E+00 1.1373E-03 7.0197E-03 3.8761E-02
  1.2376E-01 1.8463E-01 1.7624E-01 1.2965E-01 8.9783E-02 4.4173E-02 1.7238E-02
  5.3442E-03 4.0876E-03 2.7876E-03 1.4622E-03 4.1899E-04 7.7812E-04 1.5249E-03
  0.0000E+00 0.0000E+00 0.0000E+00 2.0522E-04 1.2741E-03 4.7156E-03 2.0479E-02
  6.4080E-02 1.0319E-01 1.1966E-01 1.0741E-01 6.9877E-02 3.2031E-02 1.1458E-02
  4.3096E-03 9.4074E-04 4.8739E-04 2.5652E-04 1.7102E-04 8.5508E-04 1.5249E-03
  0.0000E+00 0.0000E+00 0.0000E+00 0.0000E+00 3.6768E-04 1.5224E-03 6.8235E-03
  2.6182E-02 5.0587E-02 7.3605E-02 7.6376E-02 6.0514E-02 2.6713E-02 6.3618E-03
  1.4793E-03 3.3639E-04 2.5652E-04 2.9073E-04 2.0522E-04 8.2943E-04 1.5249E-03
  0.0000E+00 0.0000E+00 0.0000E+00 0.0000E+00 1.7102E-04 7.9830E-04 1.9923E-03
  7.0544E-03 1.6554E-02 2.6071E-02 2.8064E-02 2.7927E-02 1.9444E-02 8.5593E-03
  1.8042E-03 5.0164E-04 5.0450E-04 4.9595E-04 4.1044E-04 9.3204E-04 1.5249E-03
  0.0000E+00 0.0000E+00 0.0000E+00 4.2754E-05 2.5652E-04 6.5568E-04 1.1116E-03
  2.3087E-03 4.2754E-03 5.6863E-03 7.4392E-03 7.3964E-03 7.1399E-03 3.3776E-03
  7.6957E-04 2.5652E-04 2.9928E-04 2.5652E-04 8.5508E-05 7.6957E-04 1.5249E-03
  7.8667E-04 7.0117E-04 6.2421E-04 6.4131E-04 8.2088E-04 1.1174E-03 1.0346E-03
  8.9783E-04 1.1971E-03 1.3450E-02 3.5794E-02 7.5675E-03 3.7110E-02 1.2689E-02
  6.0711E-04 1.7102E-04 2.5652E-04 2.5652E-04 1.6246E-04 8.4653E-04 1.5249E-03
  1.4707E-03 1.3681E-03 1.4109E-03 1.8470E-03 2.2831E-03 2.0064E-03 1.8384E-03
  2.3600E-03 1.5306E-03 1.5443E-02 5.2049E-02 2.4250E-02 3.5554E-02 1.1561E-02
  3.3348E-04 3.4766E-04 5.9001E-04 5.9856E-04 6.5841E-04 1.1202E-03 1.5249E-03
  1.2997E-03 1.2997E-03 1.2997E-03 1.1971E-03 1.0346E-03 4.2727E-04 3.8479E-04
  4.3695E-03 1.4605E-02 4.7406E-02 8.2190E-02 1.5738E-01 7.0741E-02 7.5161E-03
  4.3267E-03 2.7309E-03 1.4109E-03 5.3870E-04 3.0783E-04 9.6624E-04 1.5249E-03
  4.6174E-04 4.6174E-04 4.7029E-04 4.8740E-04 4.8740E-04 3.6478E-04 1.7273E-03
  4.1087E-02 1.5834E-01 1.0566E-01 9.4666E-02 1.0906E-01 5.9796E-02 1.6854E-02
  3.5571E-02 1.6400E-02 3.5913E-03 4.7885E-04 7.6957E-05 8.4653E-04 1.5249E-03
  0.0000E+00 0.0000E+00 0.0000E+00 4.2754E-05 8.5508E-04 3.6779E-03 1.5007E-02
  6.8962E-02 2.2561E-01 2.2681E-01 2.4943E-01 1.8093E-01 9.0125E-02 2.8902E-02
  1.2527E-02 2.1956E-03 2.1377E-04 0.0000E+00 0.0000E+00 6.8406E-04 1.5249E-03
  0.0000E+00 0.0000E+00 0.0000E+00 8.3798E-04 5.4298E-03 2.0077E-02 8.8176E-02
  2.4669E-01 4.1066E-01 4.1280E-01 3.8762E-01 2.6855E-01 1.7559E-01 6.6551E-02
  3.8308E-03 0.0000E+00 0.0000E+00 0.0000E+00 0.0000E+00 7.6957E-04 1.5249E-03
  0.0000E+00 5.9856E-05 1.5905E-03 9.3717E-03 3.2194E-02 8.6416E-02 2.3155E-01
  3.7954E-01 4.0586E-01 3.4650E-01 2.9265E-01 2.1989E-01 1.5355E-01 5.1655E-02
  5.8915E-03 3.5361E-04 0.0000E+00 0.0000E+00 0.0000E+00 7.6957E-04 1.5249E-03
  0.0000E+00 2.3087E-04 2.8389E-03 1.5836E-02 5.4759E-02 1.3763E-01 2.6651E-01
  3.8240E-01 3.6031E-01 2.8357E-01 2.4272E-01 1.7256E-01 1.1219E-01 3.9274E-02
  3.7880E-03 3.4220E-05 0.0000E+00 0.0000E+00 0.0000E+00 7.6957E-04 1.5249E-03
  5.1304E-05 1.7444E-03 1.7632E-02 8.7192E-02 2.4430E-01 4.5588E-01 5.7855E-01
  5.5655E-01 4.3720E-01 2.8517E-01 2.2061E-01 2.0218E-01 1.0896E-01 5.6692E-02
  1.4203E-02 4.1056E-04 1.7957E-04 2.1377E-04 3.3348E-04 9.8334E-04 1.5249E-03
  1.1801E-03 5.4519E-03 3.3561E-02 1.2374E-01 2.8265E-01 4.4831E-01 4.8611E-01
  4.3183E-01 2.7127E-01 1.7488E-01 1.2178E-01 9.0959E-02 5.0530E-02 3.9131E-02
  4.0075E-02 9.2551E-03 1.3925E-03 8.7324E-04 1.6049E-03 1.4161E-03 8.4964E-04
  7.5523E-05 1.4916E-03 1.1862E-02 5.7629E-02 1.7925E-01 3.8064E-01 4.9344E-01
  5.0291E-01 3.7556E-01 2.6679E-01 9.6052E-02 6.3506E-02 6.0919E-02 4.3945E-02
  5.3522E-02 3.3110E-02 9.1666E-03 1.7701E-03 4.5314E-04 6.1363E-04 8.4964E-04
  1.6804E-03 2.5395E-03 6.8254E-03 2.1472E-02 6.6730E-02 1.9273E-01 4.9001E-01
  5.3904E-01 4.3055E-01 2.5836E-01 1.3507E-01 9.1515E-02 7.2139E-02 5.0964E-02
  2.0368E-02 6.7421E-03 2.6056E-03 1.2886E-03 7.4579E-04 7.2219E-04 8.4964E-04
  2.9737E-03 4.2199E-03 1.0243E-02 2.7396E-02 6.4870E-02 1.4597E-01 3.4978E-01
  3.8020E-01 4.2946E-01 2.5792E-01 1.3363E-01 1.1967E-01 5.0941E-02 1.9924E-02
  6.9623E-03 2.4226E-03 4.2246E-03 3.8564E-03 1.8078E-03 9.7708E-04 8.4964E-04
  2.6150E-03 3.3986E-03 7.0945E-03 1.7219E-02 3.4779E-02 6.2498E-02 1.7344E-01
  2.6758E-01 2.2674E-01 1.8088E-01 1.2677E-01 1.0691E-01 5.0209E-02 2.8581E-02
  1.0238E-02 1.7595E-02 2.7580E-02 2.0519E-02 8.8410E-03 2.6622E-03 8.4964E-04
  0.0000E+00 0.0000E+00 1.1801E-04 1.7701E-03 7.7883E-03 2.2127E-02 6.4431E-02
  1.4805E-01 1.9171E-01 1.7000E-01 1.2242E-01 8.5601E-02 5.0601E-02 2.4238E-02
  1.1352E-02 1.0147E-02 1.0172E-02 5.9711E-03 2.8321E-03 1.3925E-03 8.4964E-04
  0.0000E+00 0.0000E+00 0.0000E+00 4.7202E-06 8.3548E-04 4.7217E-03 2.4885E-02
  7.8304E-02 1.2538E-01 1.3310E-01 1.0299E-01 7.6902E-02 5.1904E-02 2.6410E-02
  7.8072E-03 2.9740E-03 1.9636E-03 1.2367E-03 6.3723E-04 5.9475E-04 8.4964E-04
  0.0000E+00 0.0000E+00 0.0000E+00 2.7377E-04 1.4869E-03 4.4852E-03 1.3504E-02
  3.8994E-02 6.7735E-02 8.4473E-02 7.7279E-02 5.2333E-02 2.8321E-02 2.3606E-02
  1.0531E-02 1.7972E-03 7.8828E-04 4.2482E-04 2.3601E-04 5.1922E-04 8.4964E-04
  0.0000E+00 0.0000E+00 0.0000E+00 0.0000E+00 2.7849E-04 1.1111E-03 4.0499E-03
  1.4727E-02 2.9303E-02 4.5064E-02 5.2352E-02 4.2043E-02 2.0778E-02 6.3817E-03
  1.8126E-03 8.5287E-04 6.6083E-04 6.7027E-04 6.1363E-04 6.8443E-04 8.4964E-04
  0.0000E+00 0.0000E+00 0.0000E+00 0.0000E+00 4.7202E-05 3.9035E-04 1.0432E-03
  3.5402E-03 8.8740E-03 1.5945E-02 1.8645E-02 2.0042E-02 1.9320E-02 9.4027E-03
  1.9070E-03 6.1366E-04 5.9947E-04 8.5908E-04 1.1234E-03 1.0101E-03 8.4964E-04
  0.0000E+00 0.0000E+00 0.0000E+00 2.3601E-05 7.0803E-05 1.5737E-04 3.7762E-04
  1.0621E-03 2.1005E-03 3.1625E-03 4.3898E-03 4.6258E-03 8.1188E-03 4.1774E-03
  9.2044E-04 5.0351E-04 4.7202E-04 3.7762E-04 2.1241E-04 4.9562E-04 8.4964E-04
  9.4405E-06 9.4405E-06 9.4405E-06 9.9125E-05 2.3601E-04 3.4618E-04 3.3042E-04
  2.5017E-04 4.6258E-04 5.3102E-03 1.7569E-02 5.9947E-03 1.9183E-02 8.8362E-03
  8.1660E-04 4.2165E-04 4.7202E-04 4.6730E-04 4.1066E-04 6.0419E-04 8.4964E-04
  3.5874E-04 3.3042E-04 2.8793E-04 2.5961E-04 2.3129E-04 2.1713E-04 8.4964E-04
  2.0297E-03 1.8456E-03 1.0668E-02 5.6789E-02 4.5772E-02 2.5248E-02 9.2705E-03
  1.2839E-03 6.4818E-04 9.6764E-04 1.2414E-03 1.0857E-03 8.4964E-04 8.4964E-04
  6.8915E-04 7.1747E-04 7.3163E-04 6.4667E-04 5.2866E-04 2.4218E-04 4.3426E-04
  4.7580E-03 1.2730E-02 4.6173E-02 7.3621E-02 8.5535E-02 4.7042E-02 1.2381E-02
  8.9118E-03 3.0181E-03 1.7984E-03 9.5820E-04 5.7587E-04 6.7499E-04 8.4964E-04
  2.5489E-04 2.5489E-04 2.5961E-04 2.6433E-04 2.6905E-04 2.1080E-04 1.6851E-03
  3.7044E-02 1.2394E-01 1.1261E-01 1.3308E-01 9.3649E-02 4.5253E-02 3.0899E-02
  5.7483E-02 2.1817E-02 6.3817E-03 2.0061E-03 6.7971E-04 6.5139E-04 8.4964E-04
  0.0000E+00 0.0000E+00 0.0000E+00 7.0803E-05 5.9003E-04 2.3293E-03 1.1376E-02
  6.7310E-02 2.1588E-01 2.7764E-01 2.7193E-01 1.5480E-01 6.8561E-02 4.6353E-02
  3.1389E-02 6.1385E-03 1.0385E-03 3.5402E-04 1.8881E-04 4.9562E-04 8.4964E-04
  0.0000E+00 0.0000E+00 4.7202E-05 8.6852E-04 4.4984E-03 1.5313E-02 6.4804E-02
  1.7739E-01 3.0308E-01 3.4476E-01 3.0328E-01 1.9698E-01 1.0960E-01 4.5059E-02
  5.2583E-03 5.8856E-04 2.7849E-04 1.4161E-04 8.9684E-05 4.6730E-04 8.4964E-04
  0.0000E+00 8.0244E-05 1.2745E-03 7.1558E-03 2.3209E-02 5.6849E-02 1.4536E-01
  2.4452E-01 2.9749E-01 2.9418E-01 2.1731E-01 1.4312E-01 9.1449E-02 3.6129E-02
  6.1835E-03 9.3162E-04 5.5226E-04 4.5314E-04 3.5874E-04 5.8059E-04 8.4964E-04
  0.0000E+00 2.2185E-04 2.1383E-03 1.1163E-02 3.6789E-02 8.7368E-02 1.6844E-01
  2.5278E-01 2.7024E-01 2.2921E-01 1.9445E-01 1.3382E-01 1.0030E-01 3.7219E-02
  3.4363E-03 2.5803E-04 2.9737E-04 4.3898E-04 5.9947E-04 7.4107E-04 8.4964E-04
  3.4929E-04 1.6851E-03 1.3084E-02 5.8502E-02 1.5454E-01 2.8516E-01 4.1376E-01
  4.4293E-01 3.3677E-01 2.2897E-01 2.0184E-01 1.4753E-01 9.3998E-02 4.1014E-02
  1.1074E-02 5.0989E-04 2.9265E-04 4.2954E-04 7.6939E-04 9.1572E-04 8.4964E-04
  8.1457E-04 3.7037E-03 2.1904E-02 7.8530E-02 1.7637E-01 2.7649E-01 3.0205E-01
  2.8539E-01 2.1735E-01 1.1731E-01 8.5695E-02 7.0002E-02 4.1378E-02 3.6465E-02
  3.6999E-02 9.4217E-03 1.7691E-03 5.3456E-04 5.7274E-04 9.4185E-04 1.2218E-03
  1.8837E-04 1.1735E-03 8.0362E-03 3.6396E-02 1.0832E-01 2.2296E-01 2.9131E-01
  3.4945E-01 2.7942E-01 1.7455E-01 8.0446E-02 5.5475E-02 4.3025E-02 3.4721E-02
  3.7200E-02 2.1104E-02 6.1678E-03 1.3899E-03 4.6583E-04 7.8657E-04 1.2218E-03
  1.1404E-03 1.7564E-03 4.6838E-03 1.3792E-02 3.8817E-02 1.0100E-01 2.2831E-01
  2.7778E-01 2.5249E-01 1.8126E-01 1.0478E-01 7.8188E-02 5.2662E-02 3.7356E-02
  1.5141E-02 7.1927E-03 4.5081E-03 2.4946E-03 1.3109E-03 1.0691E-03 1.2218E-03
  1.9957E-03 2.7772E-03 6.4402E-03 1.6301E-02 3.6182E-02 7.4962E-02 1.7300E-01
  2.1324E-01 2.5119E-01 1.7205E-01 1.1258E-01 9.4783E-02 4.0731E-02 1.9483E-02
  7.0867E-03 2.6387E-03 3.3372E-03 2.9426E-03 1.7666E-03 1.3389E-03 1.2218E-03
  1.7004E-03 2.1993E-03 4.5514E-03 1.0936E-02 2.1474E-02 3.6117E-02 1.0065E-01
  1.8236E-01 1.5360E-01 1.3382E-01 1.0903E-01 8.3010E-02 4.7594E-02 2.4811E-02
  1.1636E-02 2.0811E-02 2.5694E-02 1.8962E-02 9.7519E-03 3.8463E-03 1.2218E-03
  2.5455E-05 2.5455E-05 1.9091E-04 1.5782E-03 5.9183E-03 1.4894E-02 3.7292E-02
  9.0353E-02 1.1655E-01 1.1382E-01 1.0276E-01 7.5017E-02 5.3303E-02 2.6372E-02
  1.9308E-02 1.4290E-02 9.8003E-03 5.7274E-03 3.6274E-03 2.2273E-03 1.2218E-03
  0.0000E+00 0.0000E+00 0.0000E+00 1.1455E-04 8.7821E-04 3.5648E-03 1.5439E-02
  4.9620E-02 8.2177E-02 9.2535E-02 7.7369E-02 6.2378E-02 4.1474E-02 2.3231E-02
  1.0164E-02 5.8381E-03 4.0678E-03 2.1535E-03 8.9093E-04 8.5530E-04 1.2218E-03
  0.0000E+00 0.0000E+00 0.0000E+00 2.3419E-04 1.2753E-03 3.7971E-03 9.1512E-03
  2.3075E-02 3.9817E-02 5.0350E-02 5.0004E-02 3.6961E-02 2.3455E-02 2.2569E-02
  1.2323E-02 3.9958E-03 1.3924E-03 6.2620E-04 3.1310E-04 7.1275E-04 1.2218E-03
  0.0000E+00 0.0000E+00 0.0000E+00 7.6366E-06 2.0619E-04 9.0646E-04 2.8713E-03
  8.6573E-03 1.6734E-02 2.4725E-02 3.1654E-02 2.7454E-02 1.4703E-02 6.5293E-03
  3.3499E-03 1.7025E-03 8.5530E-04 6.5420E-04 4.8874E-04 8.0948E-04 1.2218E-03
  0.0000E+00 0.0000E+00 0.0000E+00 0.0000E+00 4.5820E-05 2.8520E-04 6.7711E-04
  1.8506E-03 4.2841E-03 8.2119E-03 1.1297E-02 1.2766E-02 1.3514E-02 8.1330E-03
  1.9931E-03 6.8561E-04 6.8729E-04 7.2802E-04 7.1529E-04 9.5457E-04 1.2218E-03
  0.0000E+00 0.0000E+00 0.0000E+00 0.0000E+00 0.0000E+00 1.6979E-05 1.1455E-04
  3.6910E-04 8.9093E-04 1.7310E-03 3.1565E-03 3.0165E-03 6.9366E-03 4.3783E-03
  1.1709E-03 6.3641E-04 5.3456E-04 4.0728E-04 2.5455E-04 7.0002E-04 1.2218E-03
  0.0000E+00 0.0000E+00 2.5455E-05 7.6366E-05 7.8911E-05 2.2044E-05 7.8911E-05
  5.0911E-06 8.4002E-05 3.6146E-03 1.0096E-02 4.2968E-03 1.2211E-02 7.2497E-03
  1.0819E-03 6.3807E-04 7.7129E-04 1.0589E-03 8.8330E-04 8.7566E-04 1.2218E-03
  1.5273E-05 7.6366E-06 0.0000E+00 0.0000E+00 0.0000E+00 0.0000E+00 5.0911E-05
  6.1092E-04 1.0208E-03 9.3497E-03 5.3703E-02 5.8990E-02 2.8920E-02 3.2527E-02
  1.6666E-02 2.6287E-03 4.1187E-03 7.4991E-03 7.2828E-03 3.2277E-03 1.2218E-03
  5.0911E-05 5.0911E-05 5.0911E-05 4.3274E-05 7.1275E-05 3.5602E-05 1.1964E-04
  3.5841E-03 1.3423E-02 6.0316E-02 9.5075E-02 8.4664E-02 3.8101E-02 3.8924E-02
  2.5875E-02 1.0670E-02 1.0246E-02 5.8445E-03 2.7466E-03 1.3746E-03 1.2218E-03
  0.0000E+00 0.0000E+00 2.5455E-06 7.8911E-05 2.0873E-04 2.3417E-04 1.4382E-03
  2.8869E-02 9.1036E-02 1.2860E-01 1.6011E-01 1.1455E-01 5.8896E-02 1.1440E-01
  7.9667E-02 2.5559E-02 1.3153E-02 5.2463E-03 1.4586E-03 9.3166E-04 1.2218E-03
  0.0000E+00 0.0000E+00 0.0000E+00 1.2728E-04 6.2365E-04 1.7398E-03 7.3438E-03
  4.2281E-02 1.3992E-01 2.1368E-01 2.5239E-01 1.2842E-01 5.3545E-02 4.8276E-02
  2.5226E-02 5.2792E-03 1.5782E-03 6.7456E-04 3.4365E-04 7.3820E-04 1.2218E-03
  0.0000E+00 0.0000E+00 7.3820E-05 6.9238E-04 3.0674E-03 9.9980E-03 4.2131E-02
  1.1419E-01 1.9517E-01 2.2401E-01 2.0569E-01 1.2464E-01 6.7930E-02 2.9666E-02
  5.7122E-03 1.2050E-03 6.7966E-04 3.7419E-04 2.0364E-04 6.8729E-04 1.2218E-03
  0.0000E+00 7.6366E-05 8.9348E-04 4.8009E-03 1.5380E-02 3.6325E-02 8.7528E-02
  1.4202E-01 1.7526E-01 1.8145E-01 1.4213E-01 9.3940E-02 5.8519E-02 2.5985E-02
  6.1678E-03 1.4410E-03 9.3675E-04 6.7202E-04 4.2256E-04 7.7129E-04 1.2218E-03
  3.5637E-05 2.1382E-04 1.5171E-03 7.2471E-03 2.2665E-02 5.1442E-02 9.9499E-02
  1.5419E-01 1.7086E-01 1.5386E-01 1.3437E-01 9.4902E-02 6.5405E-02 2.5236E-02
  2.8535E-03 4.4634E-04 4.2001E-04 4.9129E-04 5.2947E-04 8.6802E-04 1.2218E-03
  1.4255E-04 1.1404E-03 8.3977E-03 3.5052E-02 8.9371E-02 1.6516E-01 2.5552E-01
  2.5972E-01 2.1509E-01 1.6166E-01 1.4359E-01 9.6656E-02 6.5130E-02 3.1638E-02
  9.3853E-03 8.0797E-04 4.4292E-04 5.0910E-04 5.8547E-04 9.1639E-04 1.2218E-03
  9.6474E-04 3.1804E-03 1.6646E-02 5.7525E-02 1.2711E-01 1.9711E-01 2.1579E-01
  1.9884E-01 1.4655E-01 9.2681E-02 7.2201E-02 5.8351E-02 3.3087E-02 2.7912E-02
  2.9833E-02 8.2166E-03 1.8477E-03 9.4022E-04 1.2018E-03 1.3490E-03 1.3081E-03
  1.6025E-04 8.6336E-04 5.6233E-03 2.4743E-02 7.2696E-02 1.4831E-01 1.9630E-01
  2.7706E-01 2.2235E-01 1.4076E-01 7.9062E-02 5.4106E-02 4.0222E-02 2.6318E-02
  2.4294E-02 1.4250E-02 5.2881E-03 2.2271E-03 1.4487E-03 1.2280E-03 1.3081E-03
  9.2550E-04 1.4569E-03 4.0078E-03 1.1440E-02 2.8864E-02 6.4765E-02 1.2635E-01
  1.6695E-01 1.7198E-01 1.3812E-01 8.1904E-02 6.7192E-02 5.0657E-02 3.0591E-02
  1.1315E-02 5.8148E-03 5.5873E-03 5.6576E-03 4.4558E-03 2.2761E-03 1.3081E-03
  1.6646E-03 2.3138E-03 5.2309E-03 1.2560E-02 2.5896E-02 4.8924E-02 1.1519E-01
  1.5031E-01 1.8162E-01 1.3809E-01 1.0514E-01 8.4266E-02 3.7932E-02 1.9625E-02
  6.6649E-03 2.1278E-03 2.7716E-03 2.8779E-03 2.1077E-03 1.5403E-03 1.3081E-03
  1.4062E-03 1.8019E-03 3.6088E-03 8.2821E-03 1.5660E-02 2.5436E-02 8.3781E-02
  1.5852E-01 1.3197E-01 1.1947E-01 1.0557E-01 7.5876E-02 4.1448E-02 2.1867E-02
  8.8478E-03 1.1464E-02 1.4506E-02 1.1688E-02 6.4540E-03 2.8419E-03 1.3081E-03
  3.2703E-05 4.0879E-05 1.9622E-04 1.2754E-03 4.4476E-03 1.0658E-02 2.5770E-02
  6.1874E-02 8.3377E-02 9.5076E-02 9.7390E-02 7.8398E-02 5.3478E-02 2.9539E-02
  1.9998E-02 1.2200E-02 7.0148E-03 4.1206E-03 2.5345E-03 1.6679E-03 1.3081E-03
  0.0000E+00 0.0000E+00 0.0000E+00 1.4226E-04 8.5355E-04 3.1436E-03 1.1554E-02
  3.4708E-02 6.3206E-02 7.7258E-02 6.9470E-02 6.6620E-02 4.7456E-02 3.0038E-02
  1.7877E-02 9.8451E-03 5.2063E-03 2.4004E-03 9.4185E-04 8.9607E-04 1.3081E-03
  0.0000E+00 0.0000E+00 0.0000E+00 1.7823E-04 1.0187E-03 3.2689E-03 7.6166E-03
  1.5513E-02 2.6642E-02 3.4132E-02 3.4291E-02 3.2644E-02 2.8728E-02 2.4653E-02
  1.6978E-02 6.7330E-03 2.5394E-03 1.1561E-03 5.1017E-04 8.0613E-04 1.3081E-03
  0.0000E+00 0.0000E+00 0.0000E+00 4.9055E-06 1.6352E-04 7.4257E-04 2.4086E-03
  5.4909E-03 1.0486E-02 1.5230E-02 2.1296E-02 2.2443E-02 1.3842E-02 8.1398E-03
  7.3876E-03 4.5782E-03 2.3841E-03 1.4422E-03 7.9796E-04 9.2386E-04 1.3081E-03
  0.0000E+00 0.0000E+00 0.0000E+00 0.0000E+00 1.4716E-05 1.5377E-04 4.7910E-04
  1.0236E-03 2.5361E-03 5.5988E-03 9.0637E-03 1.0383E-02 1.0316E-02 7.8439E-03
  3.1722E-03 2.2508E-03 2.7258E-03 2.2369E-03 1.3441E-03 1.1381E-03 1.3081E-03
  0.0000E+00 0.0000E+00 0.0000E+00 0.0000E+00 0.0000E+00 0.0000E+00 2.4527E-05
  8.9934E-05 3.8426E-04 1.6025E-03 3.7772E-03 4.2105E-03 9.5984E-03 6.1809E-03
  2.0031E-03 1.0355E-03 1.2591E-03 1.0547E-03 5.3960E-04 8.0940E-04 1.3081E-03
  0.0000E+00 0.0000E+00 0.0000E+00 0.0000E+00 0.0000E+00 0.0000E+00 0.0000E+00
  0.0000E+00 3.7609E-05 4.7158E-03 1.3559E-02 6.9216E-03 1.3022E-02 9.6932E-03
  1.1561E-03 7.4557E-04 8.9607E-04 1.0792E-03 8.7645E-04 9.1569E-04 1.3081E-03
  0.0000E+00 0.0000E+00 0.0000E+00 0.0000E+00 0.0000E+00 0.0000E+00 9.8109E-06
  6.0991E-04 1.2967E-03 1.8575E-02 6.1819E-02 4.7866E-02 4.5799E-02 4.7483E-02
  8.5175E-03 3.4135E-03 5.4434E-03 6.6764E-03 5.6397E-03 2.6212E-03 1.3081E-03
  0.0000E+00 4.9055E-06 2.1257E-05 3.9244E-05 8.0123E-05 3.8116E-05 7.6852E-05
  3.2458E-03 1.8556E-02 9.1379E-02 1.3836E-01 7.8285E-02 4.7684E-02 5.6989E-02
  2.8357E-02 9.0148E-03 7.8962E-03 4.3185E-03 1.8494E-03 1.1364E-03 1.3081E-03
  0.0000E+00 0.0000E+00 1.6352E-05 8.1758E-05 2.3383E-04 3.8483E-04 1.9753E-03
  2.6287E-02 8.4358E-02 1.4254E-01 1.7633E-01 1.1761E-01 7.1841E-02 1.0155E-01
  5.6868E-02 1.5130E-02 7.6983E-03 3.5957E-03 1.2329E-03 9.3858E-04 1.3081E-03
  0.0000E+00 0.0000E+00 0.0000E+00 8.9934E-05 5.3143E-04 1.7882E-03 8.1022E-03
  3.6178E-02 1.0504E-01 1.7887E-01 2.6054E-01 1.4882E-01 5.4892E-02 4.3275E-02
  1.6499E-02 3.4074E-03 1.4389E-03 9.4022E-04 5.4778E-04 8.4211E-04 1.3081E-03
  0.0000E+00 0.0000E+00 6.3771E-05 5.4124E-04 2.2696E-03 7.2619E-03 2.8865E-02
  7.4437E-02 1.2141E-01 1.4565E-01 1.5118E-01 9.4339E-02 5.0873E-02 2.4491E-02
  5.2930E-03 1.4294E-03 9.2877E-04 9.7783E-04 8.5519E-04 9.9418E-04 1.3081E-03
  0.0000E+00 4.9055E-05 6.2300E-04 3.2965E-03 1.0334E-02 2.4103E-02 5.4714E-02
  8.8076E-02 1.1119E-01 1.1144E-01 9.5657E-02 6.9641E-02 4.3261E-02 2.3478E-02
  6.8938E-03 1.7030E-03 1.1348E-03 9.7455E-04 6.2954E-04 8.6500E-04 1.3081E-03
  0.0000E+00 1.3735E-04 1.1005E-03 5.1279E-03 1.5657E-02 3.4850E-02 6.2625E-02
  1.0206E-01 1.1634E-01 1.0247E-01 8.8706E-02 6.3655E-02 4.6115E-02 2.0732E-02
  3.1052E-03 5.9632E-04 5.8212E-04 7.1129E-04 8.5192E-04 1.1070E-03 1.3081E-03
  2.3219E-04 9.0751E-04 5.9749E-03 2.4065E-02 6.0208E-02 1.1116E-01 1.6287E-01
  1.6583E-01 1.4443E-01 1.1346E-01 9.7815E-02 6.5086E-02 4.6450E-02 2.5278E-02
  7.6100E-03 9.1473E-04 6.7532E-04 9.1405E-04 1.3376E-03 1.4308E-03 1.3081E-03
  3.9510E-04 1.2400E-03 6.2152E-03 2.1062E-02 4.6861E-02 7.5754E-02 9.1435E-02
  8.3958E-02 6.2088E-02 4.2819E-02 3.1252E-02 2.3946E-02 1.3983E-02 1.2771E-02
  1.2792E-02 4.2156E-03 1.2977E-03 8.3578E-04 9.1784E-04 8.7529E-04 7.7804E-04
  5.4706E-05 3.5316E-04 2.3031E-03 9.5182E-03 2.6380E-02 5.3210E-02 8.1025E-02
  1.0920E-01 8.3240E-02 5.4623E-02 3.5386E-02 2.4453E-02 1.4668E-02 1.1557E-02
  1.1422E-02 7.0415E-03 2.8307E-03 1.3889E-03 9.9686E-04 8.0174E-04 7.7804E-04
  3.0149E-04 5.6347E-04 1.8551E-03 5.3612E-03 1.2543E-02 2.6146E-02 5.1790E-02
  5.9812E-02 6.1120E-02 5.1393E-02 3.7023E-02 3.0909E-02 2.2364E-02 1.7473E-02
  6.3544E-03 2.9408E-03 2.7541E-03 2.5450E-03 1.8831E-03 1.0704E-03 7.7804E-04
  7.1360E-04 1.0400E-03 2.4514E-03 5.7684E-03 1.1310E-02 2.0421E-02 4.8412E-02
  6.1336E-02 7.6604E-02 6.9997E-02 5.0856E-02 3.9397E-02 1.9351E-02 1.3506E-02
  4.7539E-03 2.0165E-03 2.1293E-03 2.1426E-03 1.5366E-03 9.5796E-04 7.7804E-04
  6.5161E-04 8.4551E-04 1.7099E-03 3.7966E-03 6.8558E-03 1.0632E-02 3.5184E-02
  7.1535E-02 6.2169E-02 5.9859E-02 5.4605E-02 4.2187E-02 2.2021E-02 1.4604E-02
  5.5642E-03 5.7956E-03 6.4018E-03 4.7794E-03 2.3608E-03 1.0832E-03 7.7804E-04
  3.0392E-05 3.6470E-05 1.3069E-04 6.5647E-04 2.0758E-03 4.7075E-03 1.0418E-02
  2.4496E-02 3.6139E-02 4.5114E-02 4.6105E-02 4.0136E-02 2.6940E-02 1.6789E-02
  1.0048E-02 5.5422E-03 3.1000E-03 1.6138E-03 7.9627E-04 6.6862E-04 7.7804E-04
  0.0000E+00 0.0000E+00 6.0784E-07 9.1176E-05 4.4008E-04 1.4199E-03 4.9448E-03
  1.4707E-02 2.7191E-02 3.5467E-02 3.5694E-02 3.4811E-02 2.5972E-02 1.8445E-02
  1.0348E-02 5.2055E-03 2.8289E-03 1.3597E-03 5.8778E-04 5.6529E-04 7.7804E-04
  0.0000E+00 0.0000E+00 4.2549E-06 7.4157E-05 3.3614E-04 1.0733E-03 3.1814E-03
  6.3137E-03 1.0689E-02 1.4252E-02 1.7592E-02 2.1567E-02 1.9690E-02 1.7021E-02
  1.0885E-02 6.0385E-03 3.2003E-03 1.7621E-03 7.5676E-04 5.8231E-04 7.7804E-04
  0.0000E+00 0.0000E+00 0.0000E+00 1.5804E-05 9.9078E-05 3.5223E-04 1.1841E-03
  2.3718E-03 3.9370E-03 5.9854E-03 1.0136E-02 1.4698E-02 1.1311E-02 7.6205E-03
  5.9818E-03 5.6226E-03 4.0045E-03 2.4915E-03 1.0996E-03 6.7106E-04 7.7804E-04
  0.0000E+00 0.0000E+00 0.0000E+00 0.0000E+00 2.3098E-05 1.1593E-04 2.8508E-04
  5.1059E-04 1.0637E-03 2.2490E-03 3.8294E-03 5.8705E-03 6.2468E-03 5.1095E-03
  3.0714E-03 2.1800E-03 2.3688E-03 1.7919E-03 9.7619E-04 7.2151E-04 7.7804E-04
  0.0000E+00 0.0000E+00 0.0000E+00 3.0392E-06 1.2157E-05 3.0398E-05 6.6863E-05
  9.1176E-05 2.0363E-04 7.2333E-04 2.2733E-03 3.1972E-03 3.5893E-03 4.0482E-03
  2.3250E-03 1.3008E-03 1.2005E-03 8.8745E-04 4.8019E-04 5.5010E-04 7.7804E-04
  0.0000E+00 5.4706E-06 1.1549E-05 2.9784E-05 6.4431E-05 6.7666E-05 4.8627E-05
  1.8235E-06 4.8020E-05 1.5530E-03 5.8480E-03 8.5055E-03 1.1587E-02 1.0920E-02
  1.9171E-03 1.0510E-03 1.1999E-03 1.0692E-03 7.9566E-04 6.6133E-04 7.7804E-04
  2.3098E-05 1.7627E-05 1.8235E-05 4.8627E-05 9.3000E-05 6.1163E-05 6.1392E-05
  2.7657E-04 1.0200E-03 1.1186E-02 2.8864E-02 3.5478E-02 2.9940E-02 2.6146E-02
  6.6881E-03 2.2544E-03 3.0428E-03 3.3753E-03 2.7347E-03 1.3397E-03 7.7804E-04
  4.0118E-05 4.4372E-05 5.4706E-05 8.6313E-05 1.7749E-04 2.2124E-04 1.8053E-04
  1.9183E-03 1.1740E-02 4.9224E-02 6.0845E-02 4.3989E-02 2.9875E-02 3.1115E-02
  1.8326E-02 5.1427E-03 4.3296E-03 2.6107E-03 1.2515E-03 7.4886E-04 7.7804E-04
  1.0941E-05 1.6412E-05 4.0725E-05 1.3373E-04 3.5376E-04 5.5722E-04 1.0048E-03
  1.1286E-02 3.8379E-02 6.6065E-02 6.4338E-02 4.2785E-02 2.4706E-02 3.0021E-02
  2.3542E-02 7.0713E-03 4.8846E-03 3.3401E-03 1.4059E-03 7.0753E-04 7.7804E-04
  0.0000E+00 0.0000E+00 0.0000E+00 8.5098E-05 4.3765E-04 1.2078E-03 3.4009E-03
  1.4640E-02 4.6901E-02 6.9358E-02 7.6776E-02 4.8159E-02 2.3405E-02 1.8424E-02
  8.6982E-03 2.1784E-03 1.8114E-03 1.6108E-03 9.2392E-04 6.9598E-04 7.7804E-04
  0.0000E+00 0.0000E+00 3.0392E-05 2.6684E-04 1.0175E-03 2.8076E-03 1.0080E-02
  2.6937E-02 4.4102E-02 5.3891E-02 5.2968E-02 3.4164E-02 1.9974E-02 1.0027E-02
  2.9547E-03 1.2086E-03 7.6953E-04 7.5190E-04 7.7013E-04 7.6831E-04 7.7804E-04
  0.0000E+00 2.8569E-05 2.9116E-04 1.4211E-03 4.1613E-03 8.9886E-03 1.9126E-02
  3.2090E-02 3.9684E-02 4.0218E-02 3.5809E-02 2.9030E-02 1.9672E-02 1.0387E-02
  3.5072E-03 1.2576E-03 9.4215E-04 8.1147E-04 5.2092E-04 5.6590E-04 7.7804E-04
  0.0000E+00 6.3215E-05 4.7655E-04 2.1068E-03 6.1744E-03 1.3476E-02 2.3971E-02
  3.6890E-02 4.1564E-02 3.7117E-02 3.4164E-02 2.8342E-02 2.0588E-02 8.6672E-03
  1.8570E-03 5.9732E-04 5.8535E-04 6.1453E-04 5.5496E-04 6.3641E-04 7.7804E-04
  1.1063E-04 4.2002E-04 2.3973E-03 8.9504E-03 2.1976E-02 4.0835E-02 5.9802E-02
  5.5931E-02 5.3506E-02 4.2807E-02 3.8713E-02 2.8849E-02 2.0036E-02 1.1380E-02
  3.4738E-03 7.2984E-04 7.7074E-04 9.2696E-04 1.0127E-03 9.0811E-04 7.7804E-04
  2.1511E-04 7.3418E-04 3.7738E-03 1.2860E-02 2.8675E-02 4.6265E-02 5.9025E-02
  5.5017E-02 4.1586E-02 2.9470E-02 1.9954E-02 1.4688E-02 8.5717E-03 7.8515E-03
  7.3699E-03 2.0239E-03 5.6584E-04 4.0216E-04 4.9569E-04 4.5828E-04 3.7410E-04
  5.0504E-05 2.3288E-04 1.4600E-03 6.0960E-03 1.7301E-02 3.5454E-02 5.1829E-02
  6.5252E-02 5.0877E-02 3.8331E-02 2.1971E-02 1.3087E-02 8.1536E-03 7.1931E-03
  6.8358E-03 3.8990E-03 1.6358E-03 9.6052E-04 7.7346E-04 5.0411E-04 3.7410E-04
  2.9554E-04 4.8166E-04 1.3963E-03 3.7121E-03 8.2154E-03 1.6363E-02 3.0975E-02
  3.5548E-02 3.6725E-02 3.2339E-02 2.0783E-02 1.8098E-02 1.3420E-02 1.0546E-02
  3.5091E-03 1.5551E-03 1.4506E-03 1.3720E-03 1.0578E-03 5.7145E-04 3.7410E-04
  5.3871E-04 7.6318E-04 1.7031E-03 3.8234E-03 7.2156E-03 1.2844E-02 3.2809E-02
  4.3494E-02 4.9987E-02 4.5111E-02 3.1759E-02 2.5571E-02 1.2808E-02 7.5495E-03
  2.6692E-03 1.2109E-03 1.1270E-03 9.9325E-04 6.2101E-04 4.0684E-04 3.7410E-04
  4.6389E-04 5.7799E-04 1.0915E-03 2.3241E-03 4.1451E-03 6.6848E-03 2.6506E-02
  5.9485E-02 5.2108E-02 4.2987E-02 3.6843E-02 2.6398E-02 1.2849E-02 7.5719E-03
  2.9199E-03 3.5866E-03 4.3565E-03 3.2697E-03 1.5385E-03 6.1353E-04 3.7410E-04
  0.0000E+00 0.0000E+00 1.4029E-05 2.6655E-04 1.0943E-03 2.7689E-03 6.6591E-03
  1.7279E-02 2.6613E-02 3.1322E-02 3.1280E-02 2.4588E-02 1.6573E-02 1.0190E-02
  6.3598E-03 4.0719E-03 2.4410E-03 1.1410E-03 4.3957E-04 3.1799E-04 3.7410E-04
  0.0000E+00 0.0000E+00 0.0000E+00 1.8705E-06 1.6274E-04 7.8710E-04 2.9227E-03
  9.4434E-03 1.8708E-02 2.4059E-02 2.3362E-02 2.2108E-02 1.6818E-02 1.2164E-02
  6.8106E-03 3.2746E-03 1.5460E-03 6.3037E-04 2.1511E-04 2.3382E-04 3.7410E-04
  0.0000E+00 0.0000E+00 0.0000E+00 0.0000E+00 1.3748E-04 7.0416E-04 2.0361E-03
  3.9608E-03 7.3194E-03 9.5836E-03 1.1637E-02 1.4739E-02 1.2910E-02 1.1489E-02
  6.0409E-03 3.6076E-03 1.8808E-03 9.4088E-04 3.4885E-04 2.6468E-04 3.7410E-04
  0.0000E+00 0.0000E+00 0.0000E+00 0.0000E+00 0.0000E+00 6.2382E-05 5.1814E-04
  1.2420E-03 2.3569E-03 3.7008E-03 6.5235E-03 9.7595E-03 6.1999E-03 3.9477E-03
  3.5662E-03 3.7159E-03 2.5495E-03 1.5207E-03 5.9483E-04 3.1331E-04 3.7410E-04
  1.1223E-05 5.1440E-05 9.3526E-05 1.0756E-04 5.9857E-05 0.0000E+00 0.0000E+00
  8.5109E-05 4.4519E-04 1.8107E-03 2.7805E-03 3.7747E-03 3.3090E-03 2.9564E-03
  1.7302E-03 1.2052E-03 1.3842E-03 1.0746E-03 5.4432E-04 3.5727E-04 3.7410E-04
  0.0000E+00 4.6763E-06 4.6763E-06 0.0000E+00 0.0000E+00 0.0000E+00 0.0000E+00
  0.0000E+00 9.3526E-06 4.6296E-04 1.1036E-03 1.9220E-03 2.0108E-03 2.8806E-03
  1.5385E-03 6.2041E-04 6.0792E-04 4.6763E-04 2.2914E-04 2.6187E-04 3.7410E-04
  0.0000E+00 0.0000E+00 0.0000E+00 0.0000E+00 0.0000E+00 0.0000E+00 0.0000E+00
  0.0000E+00 0.0000E+00 1.1223E-03 4.2844E-03 5.9221E-03 7.3521E-03 6.9434E-03
  9.4368E-04 4.4075E-04 5.1720E-04 4.6576E-04 3.4231E-04 2.9180E-04 3.7410E-04
  4.4893E-05 2.2446E-05 0.0000E+00 4.7699E-05 1.6086E-04 1.1654E-04 2.1511E-05
  4.7698E-05 4.8634E-04 8.7559E-03 2.1089E-02 2.7041E-02 2.0919E-02 1.7044E-02
  3.7934E-03 1.5729E-03 2.0454E-03 2.0464E-03 1.5610E-03 7.1361E-04 3.7410E-04
  1.1784E-04 1.2065E-04 1.2626E-04 1.0381E-04 7.8562E-05 2.9904E-05 0.0000E+00
  9.8296E-04 8.3865E-03 3.7559E-02 4.4764E-02 3.1590E-02 2.1595E-02 2.4937E-02
  1.3425E-02 2.4692E-03 1.8191E-03 1.0999E-03 5.2749E-04 3.3202E-04 3.7410E-04
  3.3670E-05 3.3670E-05 3.5540E-05 4.8634E-05 7.8562E-05 1.9084E-04 7.8562E-04
  9.0019E-03 2.7969E-02 4.6388E-02 4.5179E-02 3.0729E-02 1.7638E-02 1.9031E-02
  1.4744E-02 4.0984E-03 2.4691E-03 1.6246E-03 6.3130E-04 3.0677E-04 3.7410E-04
  0.0000E+00 0.0000E+00 0.0000E+00 3.2734E-05 2.8993E-04 1.1195E-03 3.5961E-03
  1.3243E-02 3.7527E-02 4.8363E-02 4.9756E-02 3.0635E-02 1.5207E-02 1.0798E-02
  4.8353E-03 1.0757E-03 8.5577E-04 7.2483E-04 3.5540E-04 2.8525E-04 3.7410E-04
  0.0000E+00 0.0000E+00 0.0000E+00 1.0007E-04 5.4245E-04 1.8779E-03 8.5885E-03
  2.0372E-02 3.1014E-02 3.6753E-02 3.4000E-02 2.0641E-02 1.2649E-02 6.0268E-03
  1.6002E-03 4.9891E-04 2.8339E-04 2.8432E-04 3.0490E-04 3.3950E-04 3.7410E-04
  0.0000E+00 0.0000E+00 1.2345E-04 8.0900E-04 2.5551E-03 5.6730E-03 1.2756E-02
  2.1399E-02 2.7253E-02 2.8294E-02 2.4652E-02 1.7590E-02 1.1022E-02 5.6490E-03
  1.8621E-03 5.9117E-04 4.1245E-04 3.4044E-04 1.9079E-04 2.4223E-04 3.7410E-04
  0.0000E+00 1.3094E-05 2.4504E-04 1.2289E-03 3.7205E-03 8.1144E-03 1.4403E-02
  2.3028E-02 2.7498E-02 2.5991E-02 2.3213E-02 1.7648E-02 1.1671E-02 4.2396E-03
  8.4922E-04 2.7686E-04 2.3662E-04 2.4223E-04 2.1324E-04 2.8058E-04 3.7410E-04
  5.6115E-06 2.0482E-04 1.4693E-03 5.6658E-03 1.3627E-02 2.3357E-02 3.4828E-02
  3.5035E-02 3.5241E-02 2.8765E-02 2.5954E-02 1.7713E-02 1.1416E-02 6.7330E-03
  1.7723E-03 2.7809E-04 3.1238E-04 4.0123E-04 4.8540E-04 4.4893E-04 3.7410E-04
  4.9704E-04 1.3704E-03 6.3195E-03 2.0407E-02 4.4371E-02 7.1793E-02 9.1583E-02
  8.7734E-02 6.9180E-02 5.4142E-02 3.9202E-02 2.7167E-02 1.7048E-02 1.7112E-02
  1.8774E-02 7.2539E-03 2.5562E-03 1.7325E-03 1.7964E-03 1.6828E-03 1.5337E-03
  4.5443E-05 3.4367E-04 2.4312E-03 9.9024E-03 2.6897E-02 5.4289E-02 8.1517E-02
  1.1166E-01 8.7170E-02 5.6475E-02 3.6754E-02 2.1925E-02 1.5113E-02 1.5554E-02
  1.4930E-02 9.7532E-03 4.6011E-03 2.7394E-03 2.0009E-03 1.5706E-03 1.5337E-03
  7.2993E-04 1.1261E-03 2.9751E-03 6.9031E-03 1.3879E-02 2.7158E-02 5.3463E-02
  5.6968E-02 5.6177E-02 4.5199E-02 3.0058E-02 2.7300E-02 2.5015E-02 2.2764E-02
  1.0159E-02 4.6905E-03 3.6440E-03 3.0944E-03 2.2991E-03 1.6246E-03 1.5337E-03
  1.2071E-03 1.6416E-03 3.4367E-03 7.2795E-03 1.3136E-02 2.3142E-02 5.9897E-02
  7.6538E-02 8.0213E-02 7.2732E-02 5.5413E-02 4.5831E-02 2.4179E-02 1.6186E-02
  7.6174E-03 4.0267E-03 3.8187E-03 3.4594E-03 2.2736E-03 1.5692E-03 1.5337E-03
  9.7987E-04 1.2327E-03 2.2381E-03 4.5486E-03 7.8645E-03 1.2421E-02 5.0080E-02
  1.1082E-01 9.7335E-02 8.5266E-02 7.3081E-02 5.2099E-02 2.5580E-02 1.5935E-02
  8.5150E-03 8.7842E-03 9.9308E-03 7.7623E-03 3.8613E-03 1.8646E-03 1.5337E-03
  0.0000E+00 0.0000E+00 5.6804E-05 6.2485E-04 2.2793E-03 5.3737E-03 1.2817E-02
  3.5027E-02 5.7997E-02 7.2014E-02 6.3812E-02 5.0037E-02 3.6269E-02 2.3261E-02
  1.4840E-02 9.2080E-03 5.6946E-03 3.1313E-03 1.6757E-03 1.3917E-03 1.5337E-03
  0.0000E+00 0.0000E+00 0.0000E+00 7.6686E-05 5.3964E-04 1.8106E-03 5.8025E-03
  2.0298E-02 4.3481E-02 5.6121E-02 5.6134E-02 5.1550E-02 4.3021E-02 3.3137E-02
  1.9258E-02 8.6468E-03 4.9050E-03 2.8700E-03 1.5848E-03 1.3022E-03 1.5337E-03
  0.0000E+00 0.0000E+00 0.0000E+00 0.0000E+00 2.4284E-04 1.2264E-03 3.7576E-03
  7.5820E-03 1.7655E-02 3.2478E-02 4.1065E-02 5.2605E-02 4.6027E-02 3.9297E-02
  2.2952E-02 1.1528E-02 7.2241E-03 4.2063E-03 2.0080E-03 1.3576E-03 1.5337E-03
  0.0000E+00 0.0000E+00 0.0000E+00 0.0000E+00 0.0000E+00 9.8510E-05 9.2591E-04
  2.3375E-03 4.6892E-03 1.1109E-02 2.3305E-02 3.8197E-02 3.7772E-02 2.7047E-02
  1.5650E-02 1.0769E-02 8.0080E-03 4.8113E-03 2.2026E-03 1.4116E-03 1.5337E-03
  8.5207E-06 3.8343E-05 6.3905E-05 6.8165E-05 3.8343E-05 0.0000E+00 7.1006E-06
  1.8319E-04 8.5916E-04 5.4362E-03 1.4300E-02 2.0300E-02 1.8852E-02 1.8762E-02
  1.5444E-02 1.2831E-02 1.1987E-02 8.1514E-03 4.0075E-03 1.9910E-03 1.5337E-03
  0.0000E+00 0.0000E+00 0.0000E+00 0.0000E+00 0.0000E+00 0.0000E+00 1.2781E-04
  2.8402E-05 2.7692E-04 2.2509E-03 8.7834E-03 2.1934E-02 1.5415E-02 1.9008E-02
  1.4066E-02 5.1889E-03 3.2236E-03 2.4923E-03 1.8461E-03 1.5124E-03 1.5337E-03
  0.0000E+00 0.0000E+00 0.0000E+00 0.0000E+00 0.0000E+00 0.0000E+00 0.0000E+00
  0.0000E+00 5.3680E-04 6.7242E-03 1.7523E-02 3.5233E-02 3.6062E-02 2.9801E-02
  1.2983E-02 3.7434E-03 3.5389E-03 3.4963E-03 2.9325E-03 1.8845E-03 1.5337E-03
  8.5206E-05 4.2603E-05 0.0000E+00 3.4083E-05 1.1503E-04 8.2326E-05 1.4201E-05
  9.3727E-05 1.3122E-03 1.7680E-02 3.9500E-02 5.5170E-02 5.5150E-02 4.2538E-02
  1.8062E-02 8.7580E-03 8.1670E-03 5.9275E-03 3.6198E-03 1.9441E-03 1.5337E-03
  1.8745E-04 1.8745E-04 2.0166E-04 1.9740E-04 1.8887E-04 6.6205E-05 1.3008E-03
  5.9062E-03 1.9055E-02 6.0357E-02 7.3939E-02 5.8497E-02 4.1196E-02 4.4351E-02
  2.5284E-02 1.0192E-02 6.7242E-03 3.8556E-03 2.0734E-03 1.4641E-03 1.5337E-03
  7.6686E-05 7.6686E-05 8.0946E-05 1.1077E-04 3.0248E-04 8.1342E-04 2.7664E-03
  1.8393E-02 4.4201E-02 7.3310E-02 7.6397E-02 5.4732E-02 3.0012E-02 2.7509E-02
  2.2683E-02 8.1373E-03 5.5540E-03 3.9777E-03 2.1273E-03 1.4229E-03 1.5337E-03
  0.0000E+00 0.0000E+00 7.1005E-06 1.7041E-04 9.4437E-04 2.8598E-03 6.7739E-03
  2.5888E-02 6.3223E-02 7.5109E-02 7.4861E-02 5.3197E-02 3.0369E-02 2.0109E-02
  9.9407E-03 4.1800E-03 3.7349E-03 2.8686E-03 1.5692E-03 1.2639E-03 1.5337E-03
  0.0000E+00 0.0000E+00 1.4201E-06 2.6414E-04 1.3065E-03 4.0729E-03 1.5063E-02
  3.3918E-02 5.1225E-02 6.0337E-02 5.5063E-02 3.7817E-02 2.5190E-02 1.3217E-02
  4.1922E-03 2.5411E-03 2.4255E-03 2.0591E-03 1.3988E-03 1.2994E-03 1.5337E-03
  0.0000E+00 9.9407E-06 2.6414E-04 1.5721E-03 4.8596E-03 1.0666E-02 2.2487E-02
  3.4743E-02 4.2541E-02 4.5233E-02 4.4218E-02 3.3993E-02 2.4515E-02 1.3441E-02
  5.1039E-03 2.3935E-03 1.9881E-03 1.6317E-03 1.0296E-03 1.1190E-03 1.5337E-03
  0.0000E+00 9.9407E-06 4.1893E-04 2.1543E-03 6.3038E-03 1.3328E-02 2.3602E-02
  3.7302E-02 4.4615E-02 4.0886E-02 3.9019E-02 3.2370E-02 2.2395E-02 9.5417E-03
  3.3216E-03 1.6777E-03 1.5479E-03 1.4130E-03 1.1545E-03 1.2610E-03 1.5337E-03
  1.7041E-05 3.7775E-04 2.5207E-03 8.9722E-03 2.0428E-02 3.4563E-02 5.1426E-02
  5.3727E-02 6.2933E-02 5.3666E-02 4.9119E-02 3.3194E-02 2.0786E-02 1.6016E-02
  7.5166E-03 1.9146E-03 1.4741E-03 1.6984E-03 1.8348E-03 1.6871E-03 1.5337E-03
  4.5252E-04 1.1024E-03 4.6840E-03 1.4432E-02 3.0651E-02 4.9730E-02 6.3420E-02
  6.2337E-02 5.1004E-02 4.3081E-02 3.2615E-02 2.1716E-02 1.4283E-02 1.5121E-02
  1.7870E-02 7.7461E-03 2.8788E-03 1.9256E-03 1.9256E-03 1.8053E-03 1.6753E-03
  9.6280E-06 2.2626E-04 1.8014E-03 7.1671E-03 1.8669E-02 3.7129E-02 5.7177E-02
  8.4227E-02 6.5831E-02 3.7109E-02 2.7219E-02 1.6286E-02 1.2107E-02 1.3679E-02
  1.3207E-02 9.2240E-03 4.5454E-03 2.7170E-03 1.9179E-03 1.6011E-03 1.6753E-03
  5.1414E-04 7.9142E-04 2.1201E-03 5.0961E-03 1.0058E-02 1.9409E-02 3.8344E-02
  3.9786E-02 3.8380E-02 2.8000E-02 1.9368E-02 1.8400E-02 2.0107E-02 2.0004E-02
  1.0157E-02 4.7650E-03 3.4507E-03 2.7902E-03 2.0325E-03 1.6021E-03 1.6753E-03
  9.0889E-04 1.2391E-03 2.6044E-03 5.4706E-03 9.7176E-03 1.7147E-02 4.5648E-02
  5.5634E-02 5.4865E-02 5.2190E-02 4.2449E-02 3.5808E-02 1.9587E-02 1.4189E-02
  7.5744E-03 4.2076E-03 4.0178E-03 3.6673E-03 2.4426E-03 1.7022E-03 1.6753E-03
  8.1453E-04 1.0254E-03 1.8688E-03 3.7222E-03 6.3362E-03 9.9604E-03 4.0637E-02
  8.9033E-02 7.8341E-02 7.1348E-02 6.1152E-02 4.3461E-02 2.1459E-02 1.3803E-02
  8.5401E-03 8.2130E-03 8.9820E-03 7.1507E-03 3.6510E-03 1.8871E-03 1.6753E-03
  0.0000E+00 0.0000E+00 5.7768E-05 5.7768E-04 1.9786E-03 4.4329E-03 1.0523E-02
  2.9707E-02 5.1240E-02 6.5394E-02 5.4331E-02 4.2532E-02 3.2114E-02 2.1057E-02
  1.3585E-02 8.2971E-03 5.2184E-03 3.0762E-03 1.8149E-03 1.5453E-03 1.6753E-03
  0.0000E+00 0.0000E+00 0.0000E+00 1.0109E-04 5.5554E-04 1.6410E-03 4.8679E-03
  1.7800E-02 3.9691E-02 5.1331E-02 5.2055E-02 4.7140E-02 4.1004E-02 3.2401E-02
  1.9112E-02 8.3557E-03 5.0528E-03 3.2350E-03 1.9275E-03 1.5155E-03 1.6753E-03
  0.0000E+00 0.0000E+00 0.0000E+00 0.0000E+00 1.8775E-04 9.4190E-04 2.9924E-03
  6.1976E-03 1.6407E-02 3.4163E-02 4.3707E-02 5.6160E-02 4.9123E-02 4.1468E-02
  2.4910E-02 1.1916E-02 7.8497E-03 4.7283E-03 2.3637E-03 1.5588E-03 1.6753E-03
  0.0000E+00 0.0000E+00 0.0000E+00 0.0000E+00 0.0000E+00 6.5503E-05 7.1825E-04
  1.9044E-03 3.9350E-03 1.1251E-02 2.4895E-02 4.1753E-02 4.4832E-02 3.2614E-02
  1.7546E-02 1.0771E-02 8.2377E-03 4.9652E-03 2.3772E-03 1.5848E-03 1.6753E-03
  0.0000E+00 0.0000E+00 0.0000E+00 0.0000E+00 0.0000E+00 0.0000E+00 9.6281E-06
  1.7812E-04 7.0766E-04 5.4966E-03 1.6537E-02 2.3633E-02 2.2149E-02 2.2389E-02
  1.9169E-02 1.6159E-02 1.4819E-02 9.9381E-03 4.8756E-03 2.3232E-03 1.6753E-03
  0.0000E+00 0.0000E+00 0.0000E+00 0.0000E+00 0.0000E+00 0.0000E+00 1.7331E-04
  4.3326E-05 3.7068E-04 2.5755E-03 1.0783E-02 2.7762E-02 1.8832E-02 2.2814E-02
  1.7499E-02 6.4101E-03 3.7453E-03 2.8884E-03 2.2578E-03 1.7716E-03 1.6753E-03
  0.0000E+00 0.0000E+00 0.0000E+00 0.0000E+00 0.0000E+00 0.0000E+00 0.0000E+00
  0.0000E+00 7.3751E-04 7.9778E-03 1.9358E-02 4.1678E-02 4.1332E-02 3.3269E-02
  1.6633E-02 4.6029E-03 4.2652E-03 4.2700E-03 3.6250E-03 2.2462E-03 1.6753E-03
  5.1991E-05 2.5996E-05 0.0000E+00 0.0000E+00 0.0000E+00 0.0000E+00 0.0000E+00
  1.2709E-04 1.2911E-03 1.4964E-02 3.1867E-02 4.6971E-02 5.3249E-02 4.0144E-02
  2.0577E-02 1.0267E-02 8.9685E-03 5.9309E-03 3.3053E-03 1.8987E-03 1.6753E-03
  1.8678E-04 1.9352E-04 2.2915E-04 2.2337E-04 1.8871E-04 6.2840E-05 1.7793E-03
  6.9900E-03 1.7203E-02 4.3176E-02 5.4161E-02 4.6806E-02 3.3632E-02 3.4467E-02
  2.0473E-02 1.1259E-02 7.2422E-03 4.1092E-03 2.2684E-03 1.6271E-03 1.6753E-03
  2.0989E-04 2.2722E-04 2.7440E-04 3.1099E-04 3.9379E-04 6.8819E-04 2.9279E-03
  1.5682E-02 3.1142E-02 5.1653E-02 5.7091E-02 4.2590E-02 2.2520E-02 1.7700E-02
  1.5579E-02 6.8205E-03 5.0066E-03 3.7386E-03 2.2433E-03 1.6040E-03 1.6753E-03
  0.0000E+00 0.0000E+00 1.4442E-05 2.0219E-04 9.8206E-04 2.7253E-03 5.4832E-03
  2.1475E-02 4.7095E-02 5.2054E-02 5.0292E-02 4.0587E-02 2.5534E-02 1.6151E-02
  8.5016E-03 4.5669E-03 4.1978E-03 3.1484E-03 1.7619E-03 1.4105E-03 1.6753E-03
  0.0000E+00 0.0000E+00 1.0591E-05 2.6477E-04 1.2054E-03 3.5940E-03 1.1584E-02
  2.5027E-02 3.7521E-02 4.3972E-02 3.9680E-02 3.0022E-02 2.1135E-02 1.1726E-02
  4.0447E-03 2.9339E-03 2.9982E-03 2.5004E-03 1.5934E-03 1.4124E-03 1.6753E-03
  0.0000E+00 1.3479E-05 2.3492E-04 1.2959E-03 3.9562E-03 8.6339E-03 1.7367E-02
  2.5084E-02 2.9625E-02 3.2224E-02 3.4569E-02 2.7995E-02 2.1894E-02 1.2420E-02
  5.0104E-03 2.6408E-03 2.2741E-03 1.8621E-03 1.1968E-03 1.2584E-03 1.6753E-03
  0.0000E+00 0.0000E+00 3.1869E-04 1.6685E-03 4.7274E-03 9.7232E-03 1.7173E-02
  2.6861E-02 3.2195E-02 2.8687E-02 2.9008E-02 2.5725E-02 1.8359E-02 8.5670E-03
  3.6269E-03 1.9982E-03 1.8621E-03 1.6570E-03 1.3364E-03 1.4115E-03 1.6753E-03
  1.5405E-05 3.0810E-04 1.9121E-03 6.3420E-03 1.3673E-02 2.2816E-02 3.3888E-02
  3.6775E-02 4.9057E-02 4.3148E-02 3.9877E-02 2.6776E-02 1.6424E-02 1.4786E-02
  8.3764E-03 2.2982E-03 1.6695E-03 1.8910E-03 2.0055E-03 1.8245E-03 1.6753E-03
  6.4669E-04 1.1130E-03 3.5910E-03 9.7998E-03 1.9015E-02 2.8309E-02 3.4051E-02
  3.2773E-02 3.1905E-02 3.2487E-02 2.4981E-02 1.6456E-02 1.0198E-02 1.1140E-02
  1.1895E-02 5.4815E-03 2.4562E-03 1.8064E-03 1.6820E-03 1.6851E-03 1.7629E-03
  2.5370E-04 4.9310E-04 1.7411E-03 5.3314E-03 1.2451E-02 2.4024E-02 3.7926E-02
  5.7805E-02 4.2713E-02 2.2572E-02 1.8532E-02 1.1857E-02 8.7272E-03 1.0793E-02
  1.0904E-02 9.1459E-03 4.7420E-03 2.7310E-03 1.8854E-03 1.6522E-03 1.7629E-03
  3.2707E-04 5.2481E-04 1.4190E-03 3.3186E-03 6.0571E-03 1.0344E-02 2.1116E-02
  2.6336E-02 2.3600E-02 1.6453E-02 1.0860E-02 1.2417E-02 1.4828E-02 1.5759E-02
  8.5904E-03 4.4376E-03 3.3889E-03 2.9424E-03 2.2429E-03 1.7237E-03 1.7629E-03
  6.4172E-04 8.7614E-04 1.8002E-03 3.6184E-03 6.1634E-03 1.0793E-02 3.4463E-02
  4.0942E-02 2.9036E-02 3.1557E-02 2.8233E-02 2.4239E-02 1.4595E-02 9.6500E-03
  6.2325E-03 3.9432E-03 4.2669E-03 4.5013E-03 3.4075E-03 2.1229E-03 1.7629E-03
  6.3798E-04 8.0587E-04 1.4737E-03 2.8616E-03 4.7762E-03 7.9089E-03 3.6210E-02
  7.0390E-02 5.5297E-02 5.3174E-02 4.4157E-02 3.1071E-02 1.5798E-02 1.0490E-02
  9.0126E-03 6.7176E-03 7.1869E-03 6.1031E-03 3.4542E-03 1.9705E-03 1.7629E-03
  4.9745E-05 9.0163E-05 2.7360E-04 8.0836E-04 1.9121E-03 3.7356E-03 9.1531E-03
  2.4904E-02 3.9492E-02 5.0075E-02 4.0723E-02 3.3550E-02 2.5109E-02 1.6621E-02
  1.2166E-02 7.2843E-03 4.7662E-03 3.2397E-03 2.1981E-03 1.7660E-03 1.7629E-03
  1.0447E-04 9.9491E-05 1.3493E-04 3.3019E-04 8.1147E-04 1.7111E-03 4.0698E-03
  1.4992E-02 3.3926E-02 4.4695E-02 4.6540E-02 4.4579E-02 3.8719E-02 2.9171E-02
  1.7748E-02 8.5356E-03 5.5721E-03 3.7583E-03 2.3610E-03 1.7318E-03 1.7629E-03
  1.4675E-04 1.4053E-04 1.5483E-04 2.8604E-04 6.4358E-04 1.3790E-03 2.6707E-03
  5.2556E-03 1.5177E-02 3.1854E-02 4.2401E-02 5.6836E-02 5.0738E-02 3.8719E-02
  2.2598E-02 1.1178E-02 7.6987E-03 4.6786E-03 2.4319E-03 1.6665E-03 1.7629E-03
  8.7054E-05 9.3272E-05 1.1379E-04 1.7287E-04 3.1339E-04 5.7671E-04 1.1392E-03
  2.1291E-03 4.3763E-03 1.1477E-02 2.6101E-02 4.2001E-02 4.8653E-02 3.9449E-02
  1.9037E-02 1.1555E-02 9.1351E-03 5.3122E-03 2.5743E-03 1.7342E-03 1.7629E-03
  1.1690E-04 1.1628E-04 1.2125E-04 1.4426E-04 1.9774E-04 2.7694E-04 5.1797E-04
  7.2690E-04 1.3046E-03 8.9797E-03 2.2518E-02 3.0165E-02 3.3553E-02 3.0753E-02
  2.4192E-02 1.7652E-02 1.6084E-02 1.0576E-02 5.1275E-03 2.4469E-03 1.7629E-03
  3.5444E-04 3.3889E-04 2.9536E-04 2.5184E-04 2.4251E-04 3.0264E-04 8.1147E-04
  5.5031E-04 1.5390E-03 7.3747E-03 2.0029E-02 3.4691E-02 2.6471E-02 2.5516E-02
  2.0753E-02 7.8403E-03 4.4957E-03 3.3640E-03 2.5463E-03 1.9339E-03 1.7629E-03
  4.4273E-04 4.1164E-04 3.4013E-04 2.6738E-04 2.2758E-04 2.1680E-04 2.1950E-04
  2.0831E-04 2.4649E-03 1.4381E-02 2.5502E-02 3.9098E-02 3.6562E-02 3.3983E-02
  2.2532E-02 5.9432E-03 4.8209E-03 4.1562E-03 3.4554E-03 2.3200E-03 1.7629E-03
  2.4500E-04 2.2199E-04 2.0893E-04 2.2448E-04 2.4686E-04 2.9766E-04 4.4709E-04
  3.8553E-04 1.2356E-03 1.1701E-02 2.2778E-02 3.5108E-02 4.4320E-02 3.4191E-02
  1.9876E-02 1.7116E-02 1.3197E-02 6.5322E-03 2.8187E-03 1.7834E-03 1.7629E-03
  2.8106E-04 2.8728E-04 3.1588E-04 3.5257E-04 3.8801E-04 6.1819E-04 4.1960E-03
  7.5072E-03 1.3058E-02 2.9099E-02 3.4585E-02 2.8544E-02 2.3669E-02 2.5208E-02
  1.9852E-02 2.2284E-02 1.1821E-02 4.6530E-03 2.1247E-03 1.6708E-03 1.7629E-03
  1.9525E-04 1.9525E-04 2.0271E-04 2.2012E-04 2.7982E-04 5.0376E-04 3.0158E-03
  1.1976E-02 1.9363E-02 3.3552E-02 3.7474E-02 2.9671E-02 1.7050E-02 1.3822E-02
  1.0521E-02 5.4440E-03 4.0263E-03 3.2235E-03 2.0992E-03 1.6435E-03 1.7629E-03
  1.8654E-05 2.1764E-05 4.6636E-05 1.9587E-04 7.6794E-04 2.1084E-03 4.7662E-03
  1.7078E-02 3.4464E-02 3.6317E-02 3.3068E-02 2.6828E-02 1.7815E-02 1.2809E-02
  6.7654E-03 4.2905E-03 4.2221E-03 3.3018E-03 1.8717E-03 1.4986E-03 1.7629E-03
  0.0000E+00 6.2181E-07 3.9174E-05 2.9599E-04 1.1267E-03 3.1181E-03 9.1911E-03
  1.7569E-02 2.3950E-02 2.8449E-02 2.7477E-02 2.1129E-02 1.5693E-02 9.5088E-03
  3.5276E-03 2.7430E-03 2.7907E-03 2.3262E-03 1.5657E-03 1.4737E-03 1.7629E-03
  0.0000E+00 0.0000E+00 1.9090E-04 1.0857E-03 3.2216E-03 6.7532E-03 1.2646E-02
  1.6618E-02 1.8614E-02 2.2564E-02 2.5531E-02 2.1342E-02 1.7174E-02 9.8514E-03
  4.8968E-03 2.8705E-03 2.1577E-03 1.7224E-03 1.2206E-03 1.3500E-03 1.7629E-03
  0.0000E+00 8.7054E-06 2.5619E-04 1.2542E-03 3.4604E-03 6.8476E-03 1.2041E-02
  1.8275E-02 2.1129E-02 1.9751E-02 2.1616E-02 1.9998E-02 1.4306E-02 7.3536E-03
  3.3709E-03 2.1225E-03 1.9270E-03 1.6926E-03 1.3661E-03 1.4675E-03 1.7629E-03
  8.7053E-06 2.3132E-04 1.4140E-03 4.6375E-03 9.8085E-03 1.5605E-02 2.2407E-02
  2.2523E-02 3.1176E-02 3.1325E-02 3.0437E-02 2.0402E-02 1.2749E-02 1.1406E-02
  6.0640E-03 2.0335E-03 1.7324E-03 1.9003E-03 1.8101E-03 1.7075E-03 1.7629E-03
  6.9185E-04 1.0338E-03 2.6799E-03 6.5050E-03 1.1825E-02 1.6746E-02 1.8758E-02
  1.7451E-02 2.0153E-02 2.2344E-02 1.7819E-02 1.2708E-02 7.4792E-03 8.9205E-03
  8.2307E-03 3.3128E-03 1.6461E-03 1.3280E-03 1.2903E-03 1.3360E-03 1.4155E-03
  4.1909E-04 5.4990E-04 1.2839E-03 3.4887E-03 7.9499E-03 1.4814E-02 2.1597E-02
  3.4442E-02 2.6691E-02 1.3799E-02 1.2417E-02 7.8012E-03 5.6306E-03 8.6903E-03
  8.3225E-03 6.7222E-03 3.2911E-03 1.8179E-03 1.3984E-03 1.3404E-03 1.4155E-03
  2.2426E-04 3.6024E-04 9.4394E-04 2.1308E-03 3.8422E-03 6.3568E-03 1.1491E-02
  1.5238E-02 1.5446E-02 1.1371E-02 7.1714E-03 8.0963E-03 9.4883E-03 1.1347E-02
  7.0235E-03 3.2982E-03 2.3022E-03 2.0990E-03 1.7360E-03 1.3805E-03 1.4155E-03
  4.6124E-04 6.1909E-04 1.2326E-03 2.4012E-03 3.9825E-03 6.8517E-03 2.1910E-02
  2.6456E-02 1.6639E-02 1.8433E-02 1.8435E-02 1.6441E-02 1.0706E-02 6.7531E-03
  4.5225E-03 3.3346E-03 3.8096E-03 3.9941E-03 3.0056E-03 1.7889E-03 1.4155E-03
  4.8827E-04 6.1074E-04 1.0851E-03 2.0422E-03 3.3062E-03 5.4062E-03 2.4366E-02
  4.8128E-02 3.8034E-02 3.3654E-02 2.9096E-02 2.0045E-02 1.0233E-02 6.6231E-03
  5.7686E-03 4.6958E-03 5.0119E-03 4.3165E-03 2.5058E-03 1.5149E-03 1.4155E-03
  1.0736E-04 1.3718E-04 2.8628E-04 7.1173E-04 1.5229E-03 2.7439E-03 6.5269E-03
  1.7760E-02 2.7831E-02 3.4545E-02 2.8742E-02 2.3404E-02 1.7704E-02 1.2304E-02
  9.4573E-03 5.4387E-03 3.5348E-03 2.5467E-03 1.7793E-03 1.4215E-03 1.4155E-03
  1.3837E-04 1.5030E-04 2.1113E-04 3.8768E-04 7.6939E-04 1.4489E-03 3.2326E-03
  1.1357E-02 2.6597E-02 3.3558E-02 3.4024E-02 3.2561E-02 2.9651E-02 2.2500E-02
  1.4158E-02 7.2101E-03 4.5805E-03 2.9471E-03 1.8000E-03 1.3591E-03 1.4155E-03
  1.6541E-04 1.7495E-04 2.2187E-04 3.4434E-04 6.1074E-04 1.1278E-03 2.2056E-03
  4.1555E-03 1.2921E-02 2.4699E-02 3.1219E-02 4.3141E-02 3.9683E-02 3.1708E-02
  1.8562E-02 8.7654E-03 5.6633E-03 3.3034E-03 1.7761E-03 1.3121E-03 1.4155E-03
  1.1928E-04 1.2445E-04 1.5070E-04 2.1471E-04 3.4076E-04 5.5063E-04 9.0378E-04
  1.5960E-03 3.2954E-03 8.5169E-03 2.0218E-02 3.4388E-02 4.3322E-02 3.5436E-02
  1.6188E-02 9.5006E-03 7.2657E-03 4.0927E-03 1.9666E-03 1.3503E-03 1.4155E-03
  1.6939E-04 1.7376E-04 1.7376E-04 1.7734E-04 2.0756E-04 2.6960E-04 3.7575E-04
  6.3619E-04 1.4676E-03 1.1643E-02 2.4152E-02 3.1552E-02 4.1522E-02 3.3902E-02
  2.0534E-02 1.4280E-02 1.2878E-02 7.9396E-03 3.7102E-03 1.8525E-03 1.4155E-03
  2.5050E-04 2.6640E-04 2.7038E-04 2.5050E-04 2.3459E-04 2.1338E-04 2.1670E-04
  2.9424E-04 2.2962E-03 1.1708E-02 2.5211E-02 3.5008E-02 2.6451E-02 2.2756E-02
  2.0137E-02 7.4142E-03 3.9702E-03 2.7257E-03 2.1551E-03 1.6561E-03 1.4155E-03
  2.0756E-04 2.1948E-04 2.3022E-04 2.3618E-04 2.5408E-04 2.7913E-04 2.6600E-04
  3.2565E-04 3.8616E-03 1.8124E-02 2.7806E-02 3.9981E-02 3.1827E-02 2.8816E-02
  2.4321E-02 6.5637E-03 4.4664E-03 3.2406E-03 2.4012E-03 1.6752E-03 1.4155E-03
  7.3002E-04 7.6144E-04 7.3440E-04 6.0796E-04 5.6024E-04 7.1578E-04 6.6601E-04
  3.6064E-04 9.6223E-04 8.7718E-03 1.7215E-02 3.0299E-02 3.5714E-02 2.6611E-02
  1.8282E-02 2.0036E-02 1.3788E-02 5.9149E-03 2.2672E-03 1.4481E-03 1.4155E-03
  7.9046E-04 8.0796E-04 7.9921E-04 7.8012E-04 8.9305E-04 1.1675E-03 2.0533E-03
  3.9607E-03 8.0211E-03 1.5827E-02 1.9190E-02 1.7516E-02 1.6069E-02 1.8844E-02
  2.0344E-02 2.9194E-02 1.4292E-02 4.6155E-03 1.8080E-03 1.4418E-03 1.4155E-03
  3.3479E-04 3.2008E-04 2.7992E-04 2.4692E-04 2.7714E-04 4.7510E-04 1.7921E-03
  7.1841E-03 1.1892E-02 1.8253E-02 2.0477E-02 1.6123E-02 1.1163E-02 1.0674E-02
  6.8660E-03 3.4596E-03 2.6604E-03 2.2724E-03 1.6732E-03 1.3964E-03 1.4155E-03
  6.3619E-05 6.5607E-05 8.5488E-05 2.0278E-04 6.5806E-04 1.7353E-03 3.3400E-03
  1.0640E-02 2.2662E-02 2.1320E-02 1.9113E-02 1.5829E-02 1.1678E-02 7.7078E-03
  4.1034E-03 2.7382E-03 2.7117E-03 2.2923E-03 1.5269E-03 1.2744E-03 1.4155E-03
  2.5447E-05 3.3797E-05 8.1909E-05 3.0418E-04 9.8808E-04 2.5588E-03 6.5237E-03
  1.1408E-02 1.4522E-02 1.7139E-02 1.8198E-02 1.4264E-02 1.1167E-02 6.5957E-03
  2.6207E-03 1.8285E-03 1.8171E-03 1.6342E-03 1.2095E-03 1.1841E-03 1.4155E-03
  0.0000E+00 1.2326E-05 1.8489E-04 9.1770E-04 2.6760E-03 5.6725E-03 9.8955E-03
  1.1678E-02 1.2208E-02 1.4650E-02 1.8499E-02 1.5806E-02 1.3006E-02 7.3293E-03
  3.3873E-03 1.9095E-03 1.5185E-03 1.3256E-03 1.0048E-03 1.1058E-03 1.4155E-03
  0.0000E+00 2.4255E-05 2.3300E-04 9.6343E-04 2.4958E-03 4.8986E-03 8.5468E-03
  1.2169E-02 1.3682E-02 1.3114E-02 1.5385E-02 1.3747E-02 1.0270E-02 5.8402E-03
  2.5956E-03 1.5704E-03 1.4310E-03 1.3102E-03 1.0819E-03 1.1670E-03 1.4155E-03
  1.2724E-04 2.9066E-04 1.1157E-03 3.2080E-03 6.4569E-03 1.0569E-02 1.5022E-02
  1.5509E-02 1.9898E-02 2.1647E-02 2.1166E-02 1.4187E-02 8.6378E-03 8.9472E-03
  4.6322E-03 1.6675E-03 1.4485E-03 1.5093E-03 1.3857E-03 1.3280E-03 1.4155E-03
  3.0026E-04 5.5548E-04 1.7903E-03 4.6177E-03 8.3046E-03 1.1093E-02 1.1076E-02
  1.0285E-02 1.0697E-02 1.2451E-02 1.0872E-02 8.1120E-03 5.2645E-03 5.8650E-03
  5.1895E-03 1.9588E-03 9.6208E-04 7.7316E-04 7.3563E-04 7.8943E-04 8.7075E-04
  8.3572E-05 1.9217E-04 7.4564E-04 2.3305E-03 5.4147E-03 9.6890E-03 1.3159E-02
  2.4370E-02 1.8665E-02 8.7568E-03 7.5327E-03 4.9405E-03 3.8215E-03 5.8786E-03
  5.6911E-03 4.2007E-03 2.0165E-03 1.0847E-03 7.6140E-04 7.5090E-04 8.7075E-04
  1.9367E-04 3.0651E-04 7.8593E-04 1.7245E-03 2.9513E-03 4.7870E-03 9.1376E-03
  1.0447E-02 9.1764E-03 7.1609E-03 4.7543E-03 5.0466E-03 6.0109E-03 7.7737E-03
  5.5445E-03 2.2659E-03 1.4610E-03 1.2168E-03 9.7709E-04 8.1545E-04 8.7075E-04
  4.1286E-04 5.4297E-04 1.0371E-03 1.9244E-03 3.0401E-03 5.1657E-03 1.6012E-02
  1.7558E-02 7.8605E-03 9.7594E-03 1.1943E-02 1.0140E-02 6.9244E-03 4.8709E-03
  3.4209E-03 2.5334E-03 2.8149E-03 2.6645E-03 1.8626E-03 1.0917E-03 8.7075E-04
  4.5089E-04 5.5248E-04 9.3405E-04 1.6261E-03 2.4511E-03 3.9104E-03 1.7240E-02
  3.2430E-02 2.2903E-02 2.0221E-02 1.7873E-02 1.2232E-02 6.5406E-03 4.2624E-03
  3.7247E-03 3.1775E-03 3.4059E-03 2.8612E-03 1.6079E-03 9.4481E-04 8.7075E-04
  1.6514E-04 1.8891E-04 3.1027E-04 6.2554E-04 1.1585E-03 1.8960E-03 4.4663E-03
  1.1532E-02 1.8251E-02 2.2259E-02 1.8690E-02 1.5272E-02 1.1364E-02 7.7341E-03
  5.8700E-03 3.4859E-03 2.2719E-03 1.5864E-03 1.0909E-03 8.7951E-04 8.7075E-04
  2.0568E-04 2.1343E-04 2.6197E-04 4.0110E-04 6.8184E-04 1.1633E-03 2.3748E-03
  7.5620E-03 1.7809E-02 2.1328E-02 2.2358E-02 2.1454E-02 1.8569E-02 1.4277E-02
  9.0700E-03 4.6400E-03 2.9273E-03 1.8426E-03 1.1002E-03 8.3547E-04 8.7075E-04
  2.3770E-04 2.4621E-04 2.8249E-04 3.8233E-04 6.0552E-04 1.0257E-03 1.8804E-03
  3.2345E-03 8.6429E-03 1.6834E-02 2.1287E-02 2.9134E-02 2.7666E-02 2.1297E-02
  1.2063E-02 5.4260E-03 3.2761E-03 1.9347E-03 1.0949E-03 8.2746E-04 8.7075E-04
  1.9317E-04 1.9567E-04 2.1293E-04 2.6548E-04 3.7032E-04 5.2583E-04 7.3638E-04
  1.1172E-03 2.1931E-03 6.3660E-03 1.4528E-02 2.2961E-02 2.9136E-02 2.5103E-02
  1.1828E-02 6.4808E-03 4.4608E-03 2.4188E-03 1.2120E-03 8.5924E-04 8.7075E-04
  1.9967E-04 1.9742E-04 1.9767E-04 2.0993E-04 2.4146E-04 2.9661E-04 4.1711E-04
  5.5748E-04 1.3316E-03 1.0744E-02 2.0444E-02 2.4030E-02 3.2438E-02 2.6087E-02
  1.3721E-02 8.7031E-03 7.3638E-03 4.4030E-03 2.1281E-03 1.1345E-03 8.7075E-04
  1.9767E-04 2.0142E-04 2.1018E-04 2.1769E-04 2.2644E-04 2.5773E-04 4.5539E-04
  3.9409E-04 1.7665E-03 1.1171E-02 2.2628E-02 2.7197E-02 2.1755E-02 1.7852E-02
  1.4618E-02 5.4523E-03 2.9300E-03 2.0730E-03 1.6552E-03 1.1460E-03 8.7075E-04
  2.2770E-04 2.2544E-04 2.1669E-04 2.1068E-04 2.1594E-04 2.2436E-04 2.4896E-04
  2.8675E-04 2.7404E-03 1.6011E-02 2.3808E-02 3.3032E-02 2.5735E-02 2.0193E-02
  1.7700E-02 5.8617E-03 3.6409E-03 2.4406E-03 1.6852E-03 1.0779E-03 8.7075E-04
  5.0643E-04 4.9292E-04 4.3688E-04 3.6506E-04 3.0276E-04 2.4136E-04 2.4246E-04
  2.5622E-04 8.3772E-04 6.5566E-03 1.2046E-02 2.2335E-02 2.5298E-02 1.8066E-02
  1.2417E-02 1.4132E-02 9.7714E-03 4.0958E-03 1.4715E-03 8.9977E-04 8.7075E-04
  4.5139E-04 4.5214E-04 4.6540E-04 5.1144E-04 5.4172E-04 5.7184E-04 1.2068E-03
  2.5885E-03 5.7304E-03 8.9559E-03 1.0444E-02 9.5212E-03 9.5127E-03 1.3242E-02
  1.4467E-02 1.9950E-02 9.5102E-03 2.9430E-03 1.0812E-03 8.6699E-04 8.7075E-04
  2.6923E-04 2.6223E-04 2.4571E-04 2.3645E-04 2.6273E-04 3.9589E-04 1.0827E-03
  3.9587E-03 7.0693E-03 1.0236E-02 1.1319E-02 9.3318E-03 7.3050E-03 6.7878E-03
  3.9559E-03 2.0765E-03 1.6987E-03 1.4730E-03 1.0437E-03 8.5173E-04 8.7075E-04
  1.2511E-04 1.2636E-04 1.4012E-04 2.2519E-04 5.5548E-04 1.3256E-03 2.3283E-03
  6.5869E-03 1.4821E-02 1.4645E-02 1.2723E-02 1.0049E-02 7.9268E-03 4.6165E-03
  2.3533E-03 1.4838E-03 1.4675E-03 1.2636E-03 8.8451E-04 7.8192E-04 8.7075E-04
  8.2571E-05 8.9827E-05 1.2936E-04 2.8374E-04 7.3013E-04 1.7560E-03 4.4035E-03
  7.8708E-03 9.5177E-03 1.0495E-02 1.1243E-02 8.8148E-03 7.7497E-03 4.7911E-03
  1.7555E-03 1.0776E-03 1.0607E-03 9.7309E-04 7.3663E-04 7.3313E-04 8.7075E-04
  1.0509E-05 3.4780E-05 1.7465E-04 6.9134E-04 1.9399E-03 4.0745E-03 6.6342E-03
  7.7036E-03 7.8110E-03 9.4751E-03 1.2773E-02 1.0404E-02 8.6482E-03 4.7836E-03
  1.9785E-03 1.0984E-03 8.6925E-04 7.5440E-04 5.7424E-04 6.6357E-04 8.7075E-04
  3.5030E-06 3.2778E-05 1.9992E-04 7.2913E-04 1.7883E-03 3.4354E-03 5.7972E-03
  7.7572E-03 8.4853E-03 8.1155E-03 9.7148E-03 8.6482E-03 6.5554E-03 3.5085E-03
  1.3734E-03 9.3217E-04 8.0394E-04 7.2187E-04 5.9902E-04 6.9009E-04 8.7075E-04
  6.8058E-05 2.0818E-04 8.8651E-04 2.5174E-03 4.7991E-03 7.1554E-03 9.0678E-03
  9.5364E-03 1.2075E-02 1.3696E-02 1.3384E-02 8.8764E-03 5.9621E-03 6.2419E-03
  3.1817E-03 1.0213E-03 8.2846E-04 8.3772E-04 7.5490E-04 7.7066E-04 8.7075E-04
  1.6808E-04 3.7131E-04 1.3601E-03 3.6197E-03 6.4341E-03 8.2274E-03 7.7067E-03
  6.3526E-03 7.4228E-03 9.0530E-03 7.7718E-03 6.0113E-03 3.8040E-03 4.3117E-03
  3.7346E-03 1.3100E-03 5.9427E-04 4.3563E-04 3.9018E-04 4.2962E-04 4.9030E-04
  2.1610E-05 1.0273E-04 5.1795E-04 1.6677E-03 3.7126E-03 6.3557E-03 9.4402E-03
  1.6023E-02 1.3709E-02 6.1545E-03 4.9509E-03 3.6229E-03 2.6458E-03 4.2280E-03
  3.7526E-03 2.6235E-03 1.2631E-03 6.7128E-04 4.3494E-04 4.1470E-04 4.9030E-04
  1.5367E-04 2.4697E-04 6.3732E-04 1.3561E-03 2.1833E-03 3.4853E-03 7.0601E-03
  7.6995E-03 6.3557E-03 4.8466E-03 3.1945E-03 3.3192E-03 4.2468E-03 5.4790E-03
  3.5728E-03 1.3677E-03 8.6577E-04 7.3576E-04 5.8021E-04 4.6255E-04 4.9030E-04
  3.4987E-04 4.5792E-04 8.5548E-04 1.5149E-03 2.2826E-03 3.9130E-03 1.2366E-02
  1.2925E-02 4.7427E-03 5.9683E-03 8.1889E-03 6.6809E-03 4.6514E-03 3.3012E-03
  2.1106E-03 1.5020E-03 1.8061E-03 1.7640E-03 1.2042E-03 6.5619E-04 4.9030E-04
  3.9755E-04 4.8588E-04 8.0368E-04 1.3261E-03 1.8857E-03 3.0010E-03 1.3321E-02
  2.3987E-02 1.5458E-02 1.3036E-02 1.2222E-02 8.2303E-03 4.6911E-03 2.9897E-03
  2.4575E-03 2.1147E-03 2.1540E-03 1.7435E-03 9.4981E-04 5.4299E-04 4.9030E-04
  1.6808E-04 1.9209E-04 3.0271E-04 5.6083E-04 9.5444E-04 1.4808E-03 3.2097E-03
  7.9270E-03 1.2924E-02 1.5446E-02 1.2797E-02 1.0773E-02 7.7916E-03 5.3373E-03
  3.7955E-03 2.2070E-03 1.4621E-03 9.6215E-04 6.1571E-04 4.9137E-04 4.9030E-04
  2.0203E-04 2.0752E-04 2.4508E-04 3.6514E-04 5.9496E-04 9.3927E-04 1.6947E-03
  5.0576E-03 1.2086E-02 1.4819E-02 1.5597E-02 1.4657E-02 1.2801E-02 9.6124E-03
  6.0588E-03 2.9968E-03 1.8536E-03 1.0940E-03 6.1811E-04 4.6924E-04 4.9030E-04
  2.3153E-04 2.3616E-04 2.6206E-04 3.4198E-04 5.0715E-04 7.8181E-04 1.2714E-03
  2.1269E-03 6.4104E-03 1.3073E-02 1.4613E-02 1.9102E-02 1.9104E-02 1.4741E-02
  7.5540E-03 3.4371E-03 2.0336E-03 1.1664E-03 6.6888E-04 4.9308E-04 4.9030E-04
  1.9758E-04 2.0101E-04 2.1627E-04 2.5675E-04 3.3255E-04 4.3897E-04 5.5345E-04
  7.4194E-04 1.7698E-03 5.4044E-03 1.0153E-02 1.5752E-02 2.1092E-02 2.0180E-02
  9.3523E-03 4.9780E-03 3.1936E-03 1.6731E-03 8.0694E-04 5.2121E-04 4.9030E-04
  2.0272E-04 2.0272E-04 2.0461E-04 2.1473E-04 2.3960E-04 2.8552E-04 3.5073E-04
  4.4317E-04 9.9611E-04 6.8337E-03 1.3925E-02 1.8020E-02 2.2779E-02 1.8030E-02
  8.8623E-03 5.6063E-03 4.4900E-03 2.6764E-03 1.2952E-03 6.6768E-04 4.9030E-04
  2.1267E-04 2.1696E-04 2.2725E-04 2.3582E-04 2.4268E-04 2.5841E-04 3.4301E-04
  3.6531E-04 1.6019E-03 7.9065E-03 1.6870E-02 1.9684E-02 1.5942E-02 1.3354E-02
  1.1186E-02 4.0391E-03 2.0281E-03 1.2914E-03 9.6901E-04 6.6373E-04 4.9030E-04
  2.1610E-04 2.1799E-04 2.2176E-04 2.2056E-04 2.1764E-04 2.2468E-04 2.4766E-04
  2.6789E-04 2.1198E-03 1.2143E-02 1.6937E-02 2.4017E-02 2.0722E-02 1.4599E-02
  1.3454E-02 4.9269E-03 2.6416E-03 1.4719E-03 8.9921E-04 5.8947E-04 4.9030E-04
  2.1404E-04 2.1061E-04 2.0889E-04 2.1113E-04 2.1164E-04 2.0775E-04 2.3274E-04
  3.1266E-04 9.4552E-04 5.7727E-03 8.0859E-03 1.4681E-02 1.7270E-02 1.1420E-02
  7.8186E-03 8.3532E-03 5.7823E-03 2.4167E-03 8.3455E-04 4.9926E-04 4.9030E-04
  2.1919E-04 2.1970E-04 2.2022E-04 2.1558E-04 2.1095E-04 2.1301E-04 5.0114E-04
  1.9312E-03 4.9835E-03 6.0691E-03 5.9669E-03 5.3752E-03 5.7376E-03 8.0217E-03
  7.9464E-03 1.0568E-02 4.9567E-03 1.5225E-03 5.5585E-04 4.6255E-04 4.9030E-04
  1.9072E-04 1.8900E-04 1.8557E-04 1.8403E-04 2.0581E-04 3.0955E-04 8.1363E-04
  2.8124E-03 5.2061E-03 6.4240E-03 6.4485E-03 5.7835E-03 5.0047E-03 4.2806E-03
  2.5280E-03 1.4534E-03 1.0621E-03 8.6028E-04 5.8741E-04 4.7267E-04 4.9030E-04
  1.1662E-04 1.1748E-04 1.2692E-04 1.8780E-04 4.2019E-04 9.6863E-04 1.7519E-03
  4.5458E-03 9.8891E-03 9.1765E-03 7.9528E-03 6.6836E-03 4.9771E-03 2.7192E-03
  1.3343E-03 8.2896E-04 7.7693E-04 6.3886E-04 4.4420E-04 4.2448E-04 4.9030E-04
  7.7521E-05 8.4210E-05 1.1285E-04 2.2313E-04 5.4899E-04 1.3361E-03 3.3312E-03
  5.5261E-03 6.5456E-03 6.6119E-03 6.9820E-03 5.7835E-03 5.1521E-03 3.3590E-03
  1.1980E-03 6.1664E-04 5.6563E-04 4.9085E-04 3.7028E-04 3.9961E-04 4.9030E-04
  1.9895E-05 3.6874E-05 1.4269E-04 5.3887E-04 1.5091E-03 3.1885E-03 4.9890E-03
  5.5666E-03 5.5366E-03 6.3717E-03 8.2068E-03 6.6315E-03 5.5981E-03 2.9595E-03
  1.2088E-03 6.1096E-04 4.6890E-04 3.9704E-04 2.9705E-04 3.6291E-04 4.9030E-04
  1.2692E-05 4.0819E-05 1.8540E-04 6.0336E-04 1.4082E-03 2.6451E-03 4.1506E-03
  5.1869E-03 5.7009E-03 5.5441E-03 6.5080E-03 5.5174E-03 4.3257E-03 2.6206E-03
  9.2219E-04 6.5600E-04 5.0440E-04 3.9515E-04 2.9774E-04 3.6702E-04 4.9030E-04
  3.6359E-05 1.4304E-04 6.4109E-04 1.8185E-03 3.4380E-03 4.9307E-03 5.7122E-03
  5.7225E-03 8.0859E-03 9.1007E-03 8.8225E-03 6.1080E-03 4.3216E-03 4.6448E-03
  2.1509E-03 6.1440E-04 4.8434E-04 4.5998E-04 3.8263E-04 4.0681E-04 4.9030E-04
  2.0328E-04 4.2261E-04 1.4328E-03 3.5690E-03 6.0316E-03 7.6459E-03 7.8353E-03
  6.1145E-03 6.8082E-03 8.4585E-03 7.9672E-03 6.2126E-03 4.1031E-03 4.8609E-03
  4.2342E-03 1.3990E-03 5.6348E-04 3.8427E-04 3.5574E-04 4.8413E-04 6.1698E-04
  6.0271E-05 1.5282E-04 5.9647E-04 1.7329E-03 3.5571E-03 5.7941E-03 9.3906E-03
  1.7091E-02 1.4211E-02 5.8089E-03 5.0726E-03 3.5808E-03 2.7495E-03 4.7356E-03
  4.0040E-03 2.5315E-03 1.1905E-03 6.1573E-04 3.9515E-04 4.6719E-04 6.1698E-04
  3.5450E-04 4.5810E-04 8.8018E-04 1.6444E-03 2.4988E-03 3.6782E-03 6.6222E-03
  7.5848E-03 6.7474E-03 4.9569E-03 3.2636E-03 3.0335E-03 4.4439E-03 5.8579E-03
  3.4697E-03 1.2399E-03 7.8496E-04 7.2754E-04 6.5033E-04 5.8435E-04 6.1698E-04
  8.3595E-04 9.5186E-04 1.3759E-03 2.0705E-03 2.8650E-03 4.5442E-03 1.3214E-02
  1.3171E-02 4.6104E-03 5.9597E-03 7.7928E-03 6.1102E-03 4.5134E-03 3.3768E-03
  2.0906E-03 1.2894E-03 1.5692E-03 1.6346E-03 1.1839E-03 7.3913E-04 6.1698E-04
  1.1548E-03 1.2518E-03 1.5922E-03 2.1432E-03 2.7215E-03 3.9582E-03 1.5070E-02
  2.5079E-02 1.5138E-02 1.3773E-02 1.2621E-02 8.0271E-03 4.6136E-03 3.0184E-03
  2.3329E-03 1.7639E-03 1.7284E-03 1.3946E-03 8.4915E-04 6.3303E-04 6.1698E-04
  1.0414E-03 1.0690E-03 1.1707E-03 1.4212E-03 1.8251E-03 2.3664E-03 4.0086E-03
  8.6743E-03 1.3422E-02 1.6346E-02 1.3386E-02 1.0777E-02 7.8495E-03 5.1454E-03
  3.6181E-03 2.1829E-03 1.3784E-03 8.6573E-04 6.7761E-04 6.5175E-04 6.1698E-04
  7.6177E-04 7.7461E-04 8.2829E-04 9.7041E-04 1.2138E-03 1.5320E-03 2.1407E-03
  5.6470E-03 1.2747E-02 1.5448E-02 1.5494E-02 1.4319E-02 1.2154E-02 9.1873E-03
  6.0223E-03 3.0167E-03 1.7481E-03 9.8289E-04 6.4801E-04 6.0378E-04 6.1698E-04
  6.9330E-04 7.0703E-04 7.6070E-04 8.8178E-04 1.0808E-03 1.3480E-03 1.7156E-03
  2.7352E-03 7.3738E-03 1.3638E-02 1.4300E-02 1.8980E-02 1.8598E-02 1.4391E-02
  7.1707E-03 3.0887E-03 1.8770E-03 1.1066E-03 7.3057E-04 6.2590E-04 6.1698E-04
  4.6969E-04 4.7736E-04 5.1463E-04 5.9558E-04 7.1541E-04 8.4740E-04 9.6327E-04
  1.2216E-03 2.4196E-03 6.1935E-03 1.0112E-02 1.5863E-02 1.9658E-02 1.9577E-02
  9.5357E-03 4.6788E-03 2.9465E-03 1.5146E-03 8.0814E-04 6.3089E-04 6.1698E-04
  7.6641E-04 7.5999E-04 7.5464E-04 7.8513E-04 8.5860E-04 8.8457E-04 8.2775E-04
  8.9052E-04 1.3393E-03 5.5107E-03 1.2619E-02 1.8031E-02 2.1153E-02 1.7575E-02
  9.0061E-03 5.0826E-03 3.8978E-03 2.2894E-03 1.2167E-03 7.6070E-04 6.1698E-04
  1.5638E-03 1.5603E-03 1.5219E-03 1.4078E-03 1.2491E-03 1.0853E-03 9.4063E-04
  8.4612E-04 1.6405E-03 6.6807E-03 1.6310E-02 1.9397E-02 1.6162E-02 1.3736E-02
  1.1005E-02 3.8981E-03 2.0132E-03 1.3026E-03 1.0869E-03 8.4434E-04 6.1698E-04
  2.0050E-03 2.0155E-03 2.0330E-03 2.0168E-03 1.9511E-03 1.8550E-03 1.6145E-03
  1.2099E-03 2.3793E-03 1.1885E-02 1.5908E-02 2.2257E-02 2.1181E-02 1.5295E-02
  1.2712E-02 4.9476E-03 2.4098E-03 1.3137E-03 1.1025E-03 8.9444E-04 6.1698E-04
  1.8488E-03 1.8782E-03 1.9390E-03 1.9882E-03 2.0048E-03 1.9853E-03 1.8791E-03
  1.9663E-03 2.1601E-03 7.1088E-03 8.0434E-03 1.3676E-02 1.6482E-02 1.0445E-02
  6.7950E-03 7.0942E-03 5.0494E-03 2.2085E-03 1.0633E-03 8.0207E-04 6.1698E-04
  1.3499E-03 1.3622E-03 1.3823E-03 1.4226E-03 1.4831E-03 1.5727E-03 1.8809E-03
  2.9572E-03 5.8438E-03 6.3506E-03 5.2702E-03 4.9241E-03 5.4667E-03 7.5543E-03
  6.2231E-03 7.4550E-03 3.7486E-03 1.2675E-03 6.7975E-04 6.7458E-04 6.1698E-04
  5.7311E-04 5.4940E-04 4.7896E-04 4.0835E-04 3.9408E-04 5.2455E-04 1.2637E-03
  3.5186E-03 5.5236E-03 5.7985E-03 5.6307E-03 5.2645E-03 4.8638E-03 4.1946E-03
  2.5460E-03 1.3931E-03 9.6238E-04 7.3342E-04 5.7294E-04 5.8132E-04 6.1698E-04
  3.7625E-04 3.7625E-04 3.7982E-04 4.4312E-04 7.1327E-04 1.3209E-03 1.9089E-03
  4.8386E-03 1.0310E-02 8.8027E-03 7.3021E-03 6.0646E-03 4.8360E-03 2.5250E-03
  1.2340E-03 7.7569E-04 7.0525E-04 5.4922E-04 3.9587E-04 4.8146E-04 6.1698E-04
  5.6848E-04 5.7062E-04 5.8524E-04 6.9152E-04 1.0414E-03 1.8415E-03 3.7550E-03
  6.0023E-03 6.7670E-03 6.4908E-03 6.7844E-03 5.8419E-03 4.6577E-03 2.8834E-03
  1.1462E-03 5.5899E-04 4.9626E-04 4.3188E-04 4.0442E-04 5.1694E-04 6.1698E-04
  2.6676E-04 2.9137E-04 4.2957E-04 9.1085E-04 2.0143E-03 3.7765E-03 5.6462E-03
  5.9936E-03 5.5248E-03 6.2557E-03 8.0888E-03 6.5573E-03 5.4205E-03 2.6512E-03
  1.0835E-03 5.5273E-04 3.8927E-04 3.1901E-04 2.9369E-04 4.5649E-04 6.1698E-04
  2.0257E-04 2.3895E-04 3.9854E-04 8.3560E-04 1.6798E-03 3.0117E-03 4.6543E-03
  5.5569E-03 6.0023E-03 5.6999E-03 6.5156E-03 5.4626E-03 4.3538E-03 2.4692E-03
  8.6823E-04 5.4866E-04 4.1548E-04 3.2472E-04 2.7532E-04 4.3759E-04 6.1698E-04
  1.6797E-04 2.9084E-04 8.2615E-04 2.0034E-03 3.5368E-03 5.0453E-03 5.9414E-03
  5.5129E-03 8.2832E-03 9.2665E-03 9.0646E-03 6.0409E-03 4.6573E-03 5.0054E-03
  2.2732E-03 5.6759E-04 4.2368E-04 3.9943E-04 3.5699E-04 4.7254E-04 6.1698E-04
  2.5576E-02 5.1385E-02 1.3021E-01 2.5227E-01 3.8736E-01 5.0830E-01 4.7479E-01
  2.9110E-01 1.6276E-01 9.4632E-02 3.3714E-02 9.5330E-03 1.1161E-02 6.7428E-03
  0.0000E+00 0.0000E+00 0.0000E+00 0.0000E+00 0.0000E+00 0.0000E+00 0.0000E+00
  0.0000E+00 3.3482E-03 7.9240E-02 2.8734E-01 5.4691E-01 7.6982E-01 8.8912E-01
  5.4901E-01 1.1216E-01 1.7159E-02 6.3708E-03 6.0453E-04 3.7202E-04 1.9531E-03
  0.0000E+00 0.0000E+00 0.0000E+00 0.0000E+00 0.0000E+00 0.0000E+00 0.0000E+00
  3.9992E-03 6.3243E-03 8.3704E-03 4.1619E-02 1.4685E-01 3.5001E-01 6.3778E-01
  5.4263E-01 2.6065E-01 7.4404E-02 2.2414E-02 9.2539E-03 1.2556E-03 1.1161E-03
  0.0000E+00 0.0000E+00 0.0000E+00 0.0000E+00 0.0000E+00 0.0000E+00 0.0000E+00
  7.1613E-03 9.8120E-03 2.4460E-02 6.9521E-02 1.7080E-01 3.6458E-01 6.5010E-01
  7.4199E-01 5.9927E-01 2.6269E-01 1.1630E-01 4.8920E-02 1.6973E-02 1.8182E-02
  0.0000E+00 0.0000E+00 0.0000E+00 0.0000E+00 0.0000E+00 0.0000E+00 0.0000E+00
  5.3013E-03 7.2543E-03 1.8415E-02 5.3338E-02 1.3369E-01 2.6309E-01 5.0069E-01
  8.4485E-01 7.0748E-01 3.4886E-01 1.5597E-01 5.1385E-02 6.9288E-03 2.5111E-03
  0.0000E+00 0.0000E+00 0.0000E+00 0.0000E+00 0.0000E+00 0.0000E+00 0.0000E+00
  0.0000E+00 0.0000E+00 0.0000E+00 0.0000E+00 2.0926E-02 1.0420E-01 3.6504E-01
  6.7614E-01 5.0525E-01 2.2926E-01 9.2074E-02 3.6039E-02 1.3718E-02 1.3951E-03
  0.0000E+00 0.0000E+00 0.0000E+00 0.0000E+00 0.0000E+00 0.0000E+00 0.0000E+00
  0.0000E+00 3.3482E-03 3.3482E-03 0.0000E+00 5.1153E-04 2.7263E-02 1.2546E-01
  2.7785E-01 3.2663E-01 2.2163E-01 1.0268E-01 4.5386E-02 1.8787E-02 1.0230E-03
  6.6963E-03 0.0000E+00 0.0000E+00 0.0000E+00 0.0000E+00 0.0000E+00 0.0000E+00
  7.1614E-03 1.2370E-02 1.0742E-02 1.9531E-03 2.0461E-03 1.7181E-02 5.8686E-02
  1.3853E-01 1.8145E-01 1.4495E-01 7.3427E-02 2.7204E-02 6.9288E-03 4.2317E-03
  1.1114E-02 3.6280E-03 9.7655E-04 0.0000E+00 0.0000E+00 0.0000E+00 0.0000E+00
  0.0000E+00 0.0000E+00 0.0000E+00 0.0000E+00 0.0000E+00 2.7915E-03 2.4181E-02
  6.3010E-02 7.7008E-02 8.3471E-02 5.9662E-02 2.3251E-02 8.3704E-04 0.0000E+00
  2.7901E-04 0.0000E+00 0.0000E+00 0.0000E+00 0.0000E+00 0.0000E+00 0.0000E+00
  0.0000E+00 0.0000E+00 0.0000E+00 0.0000E+00 0.0000E+00 0.0000E+00 2.0926E-03
  1.6973E-02 1.6880E-02 2.0554E-02 1.6694E-02 5.5803E-03 0.0000E+00 0.0000E+00
  0.0000E+00 0.0000E+00 0.0000E+00 0.0000E+00 0.0000E+00 0.0000E+00 0.0000E+00
  0.0000E+00 0.0000E+00 0.0000E+00 0.0000E+00 0.0000E+00 0.0000E+00 0.0000E+00
  0.0000E+00 0.0000E+00 0.0000E+00 5.3478E-03 4.6502E-03 0.0000E+00 0.0000E+00
  0.0000E+00 0.0000E+00 0.0000E+00 0.0000E+00 0.0000E+00 0.0000E+00 0.0000E+00
  0.0000E+00 0.0000E+00 0.0000E+00 0.0000E+00 0.0000E+00 0.0000E+00 0.0000E+00
  0.0000E+00 0.0000E+00 0.0000E+00 0.0000E+00 0.0000E+00 0.0000E+00 0.0000E+00
  0.0000E+00 0.0000E+00 0.0000E+00 0.0000E+00 0.0000E+00 0.0000E+00 0.0000E+00
  1.1161E-03 5.5803E-04 0.0000E+00 0.0000E+00 0.0000E+00 0.0000E+00 0.0000E+00
  0.0000E+00 0.0000E+00 0.0000E+00 0.0000E+00 0.0000E+00 0.0000E+00 0.0000E+00
  0.0000E+00 0.0000E+00 0.0000E+00 0.0000E+00 0.0000E+00 0.0000E+00 0.0000E+00
  3.0692E-03 3.0692E-03 3.5342E-03 4.2782E-03 4.8827E-03 1.7344E-03 0.0000E+00
  0.0000E+00 0.0000E+00 0.0000E+00 4.1108E-02 9.7887E-02 2.2786E-03 0.0000E+00
  0.0000E+00 0.0000E+00 0.0000E+00 0.0000E+00 0.0000E+00 0.0000E+00 0.0000E+00
  8.3704E-04 8.3704E-04 4.1852E-04 0.0000E+00 0.0000E+00 0.0000E+00 1.8601E-04
  2.7436E-03 1.7671E-03 1.7159E-02 1.8973E-01 1.9438E-01 7.1149E-03 0.0000E+00
  0.0000E+00 0.0000E+00 0.0000E+00 0.0000E+00 0.0000E+00 0.0000E+00 0.0000E+00
  0.0000E+00 0.0000E+00 0.0000E+00 0.0000E+00 4.6502E-04 8.3741E-03 4.0922E-02
  8.6029E-02 1.2230E-01 1.4392E-01 4.0689E-02 8.6029E-03 3.7202E-03 6.7428E-03
  0.0000E+00 0.0000E+00 0.0000E+00 0.0000E+00 0.0000E+00 0.0000E+00 0.0000E+00
  0.0000E+00 0.0000E+00 0.0000E+00 5.0223E-03 3.1203E-02 8.7535E-02 1.8340E-01
  2.9552E-01 3.2342E-01 3.0645E-01 1.2844E-01 5.5291E-02 8.4820E-02 1.1119E-01
  1.7020E-02 0.0000E+00 0.0000E+00 0.0000E+00 0.0000E+00 0.0000E+00 0.0000E+00
  0.0000E+00 0.0000E+00 3.2552E-03 2.3670E-02 6.9939E-02 1.3546E-01 2.2846E-01
  2.7748E-01 2.0289E-01 1.5895E-01 1.0793E-01 1.0900E-01 5.4594E-02 1.1533E-02
  0.0000E+00 0.0000E+00 0.0000E+00 0.0000E+00 0.0000E+00 0.0000E+00 0.0000E+00
  0.0000E+00 0.0000E+00 3.4412E-03 2.6599E-02 8.6215E-02 1.8542E-01 3.2793E-01
  3.6862E-01 2.1075E-01 1.4988E-01 1.5853E-01 1.2830E-01 2.2786E-02 2.7901E-04
  0.0000E+00 0.0000E+00 0.0000E+00 0.0000E+00 0.0000E+00 0.0000E+00 0.0000E+00
  1.2090E-03 4.5572E-03 2.9250E-02 1.0282E-01 2.2842E-01 3.5844E-01 3.8420E-01
  4.0076E-01 2.9878E-01 1.3555E-01 5.9709E-02 5.1943E-02 1.7438E-02 4.1852E-04
  0.0000E+00 0.0000E+00 0.0000E+00 0.0000E+00 0.0000E+00 0.0000E+00 0.0000E+00
  4.0906E-02 8.9274E-02 2.3562E-01 4.6268E-01 7.1336E-01 9.1867E-01 8.3870E-01
  5.6190E-01 3.3485E-01 1.8394E-01 8.5819E-02 3.7313E-02 4.1044E-02 2.8883E-02
  1.5201E-03 6.4454E-04 9.6736E-04 2.7639E-04 0.0000E+00 0.0000E+00 0.0000E+00
  8.8445E-04 2.5013E-02 1.4765E-01 4.2799E-01 7.7862E-01 1.0956E+00 1.3243E+00
  8.7801E-01 2.8518E-01 1.2932E-01 6.8821E-02 2.0591E-02 1.6860E-02 1.9126E-02
  1.3819E-04 0.0000E+00 2.7639E-05 2.7639E-05 2.7639E-05 2.7639E-05 0.0000E+00
  4.0353E-03 5.9700E-03 1.5892E-02 6.6112E-02 1.8957E-01 4.2168E-01 8.4083E-01
  9.3502E-01 4.6312E-01 1.7985E-01 8.9605E-02 3.7257E-02 1.5340E-02 9.5907E-03
  2.1835E-03 0.0000E+00 0.0000E+00 0.0000E+00 0.0000E+00 0.0000E+00 0.0000E+00
  6.3017E-03 9.1761E-03 2.3604E-02 6.9014E-02 1.7545E-01 3.9013E-01 7.7754E-01
  9.3826E-01 6.5151E-01 2.9983E-01 1.5044E-01 7.7057E-02 3.0154E-02 2.2001E-02
  1.3433E-02 3.1709E-03 0.0000E+00 0.0000E+00 0.0000E+00 0.0000E+00 0.0000E+00
  5.1961E-03 7.0756E-03 1.7247E-02 5.0883E-02 1.3018E-01 2.7951E-01 5.4377E-01
  8.7204E-01 7.3793E-01 3.8860E-01 1.8678E-01 6.9926E-02 1.9485E-02 1.1028E-02
  4.1735E-03 3.3183E-04 0.0000E+00 0.0000E+00 0.0000E+00 0.0000E+00 0.0000E+00
  0.0000E+00 0.0000E+00 0.0000E+00 7.1861E-03 4.0767E-02 1.3335E-01 4.0919E-01
  7.1004E-01 5.4366E-01 2.7321E-01 1.2589E-01 5.5140E-02 2.9159E-02 1.4096E-02
  2.7639E-03 0.0000E+00 0.0000E+00 0.0000E+00 0.0000E+00 0.0000E+00 0.0000E+00
  0.0000E+00 0.0000E+00 0.0000E+00 1.2990E-03 1.4732E-02 5.5071E-02 1.5574E-01
  3.0624E-01 3.5820E-01 2.5889E-01 1.4007E-01 7.0617E-02 3.4134E-02 1.2161E-02
  1.3377E-02 4.0189E-03 0.0000E+00 0.0000E+00 0.0000E+00 0.0000E+00 0.0000E+00
  0.0000E+00 0.0000E+00 0.0000E+00 5.8042E-04 7.8218E-03 2.6613E-02 6.5808E-02
  1.4579E-01 1.9820E-01 1.6473E-01 9.4580E-02 5.3702E-02 2.9408E-02 1.1525E-02
  8.4022E-03 3.1329E-03 1.1056E-03 0.0000E+00 0.0000E+00 0.0000E+00 0.0000E+00
  0.0000E+00 0.0000E+00 0.0000E+00 0.0000E+00 9.9500E-04 7.1150E-03 2.8938E-02
  6.1690E-02 7.5924E-02 9.8367E-02 8.7201E-02 4.9529E-02 1.3847E-02 6.9097E-04
  5.8042E-04 2.2122E-04 0.0000E+00 0.0000E+00 0.0000E+00 0.0000E+00 0.0000E+00
  0.0000E+00 0.0000E+00 0.0000E+00 0.0000E+00 0.0000E+00 0.0000E+00 3.2337E-03
  1.6528E-02 1.6362E-02 2.1973E-02 2.3106E-02 1.2714E-02 2.0453E-03 2.7639E-05
  0.0000E+00 0.0000E+00 0.0000E+00 0.0000E+00 0.0000E+00 0.0000E+00 0.0000E+00
  0.0000E+00 0.0000E+00 0.0000E+00 0.0000E+00 0.0000E+00 0.0000E+00 0.0000E+00
  9.6736E-04 4.0076E-03 2.9021E-03 8.9826E-03 1.1194E-02 2.2111E-03 1.3819E-04
  0.0000E+00 0.0000E+00 0.0000E+00 0.0000E+00 0.0000E+00 0.0000E+00 0.0000E+00
  0.0000E+00 0.0000E+00 0.0000E+00 0.0000E+00 0.0000E+00 0.0000E+00 0.0000E+00
  0.0000E+00 0.0000E+00 0.0000E+00 5.8042E-04 1.1056E-04 0.0000E+00 0.0000E+00
  0.0000E+00 0.0000E+00 0.0000E+00 0.0000E+00 0.0000E+00 0.0000E+00 0.0000E+00
  6.6333E-04 3.3167E-04 0.0000E+00 0.0000E+00 0.0000E+00 0.0000E+00 0.0000E+00
  0.0000E+00 0.0000E+00 0.0000E+00 3.8694E-04 4.9750E-04 0.0000E+00 0.0000E+00
  0.0000E+00 0.0000E+00 0.0000E+00 0.0000E+00 0.0000E+00 0.0000E+00 0.0000E+00
  1.6583E-03 1.9347E-03 2.7639E-03 3.9800E-03 6.1911E-03 2.5771E-03 0.0000E+00
  0.0000E+00 0.0000E+00 0.0000E+00 5.2155E-02 8.6842E-02 4.2564E-03 0.0000E+00
  0.0000E+00 0.0000E+00 0.0000E+00 0.0000E+00 0.0000E+00 0.0000E+00 0.0000E+00
  9.9500E-04 7.4625E-04 2.4875E-04 0.0000E+00 1.2438E-03 2.4506E-03 1.0641E-02
  3.1149E-02 5.1132E-02 8.9191E-02 3.2888E-01 2.0729E-01 1.1995E-02 2.7639E-05
  0.0000E+00 0.0000E+00 0.0000E+00 2.4875E-04 1.2714E-03 1.0226E-03 0.0000E+00
  0.0000E+00 0.0000E+00 0.0000E+00 2.7639E-04 5.5278E-03 2.7094E-02 8.6372E-02
  1.7012E-01 3.3305E-01 2.4654E-01 1.0572E-01 3.8004E-02 2.2526E-02 3.5792E-02
  2.3493E-03 0.0000E+00 0.0000E+00 0.0000E+00 0.0000E+00 0.0000E+00 0.0000E+00
  0.0000E+00 0.0000E+00 1.4925E-03 1.5340E-02 5.7765E-02 1.4403E-01 2.9648E-01
  4.9335E-01 6.5126E-01 5.4120E-01 2.8007E-01 1.1774E-01 1.1495E-01 1.4466E-01
  3.1895E-02 0.0000E+00 0.0000E+00 0.0000E+00 0.0000E+00 0.0000E+00 0.0000E+00
  0.0000E+00 9.3972E-04 1.0254E-02 4.3504E-02 1.1581E-01 2.3875E-01 4.1688E-01
  4.6679E-01 4.0798E-01 3.7702E-01 1.9278E-01 1.5898E-01 1.2722E-01 2.9905E-02
  3.6207E-03 8.2922E-04 3.5931E-04 0.0000E+00 0.0000E+00 0.0000E+00 0.0000E+00
  0.0000E+00 2.0729E-03 1.5616E-02 6.3293E-02 1.7017E-01 3.4375E-01 6.0537E-01
  6.4241E-01 3.3910E-01 2.6301E-01 1.8654E-01 1.0917E-01 4.2426E-02 6.5228E-03
  1.6583E-04 0.0000E+00 0.0000E+00 0.0000E+00 0.0000E+00 0.0000E+00 0.0000E+00
  4.4775E-03 1.9734E-02 8.1148E-02 2.2277E-01 4.5242E-01 6.8019E-01 6.8235E-01
  6.6660E-01 4.5789E-01 2.3454E-01 1.0666E-01 9.2812E-02 6.8655E-02 2.1807E-02
  8.2917E-04 3.3156E-03 3.6207E-03 8.5681E-04 0.0000E+00 0.0000E+00 0.0000E+00
  5.8682E-02 1.1599E-01 2.8708E-01 5.4871E-01 8.3892E-01 1.0769E+00 9.8181E-01
  6.8818E-01 4.3645E-01 2.3275E-01 1.4701E-01 8.0554E-02 5.9596E-02 3.7114E-02
  6.7827E-03 8.0766E-03 1.1050E-02 7.8496E-03 4.1915E-03 1.9815E-03 6.0968E-04
  6.2187E-03 3.1902E-02 1.5320E-01 4.2034E-01 7.4236E-01 1.0113E+00 1.1993E+00
  9.3126E-01 4.3711E-01 2.1796E-01 1.3172E-01 6.4855E-02 6.0755E-02 5.2341E-02
  5.8224E-03 3.1494E-03 5.3652E-03 4.6488E-03 2.4235E-03 1.2498E-03 6.0968E-04
  3.0179E-03 5.0603E-03 1.7742E-02 6.7004E-02 1.7550E-01 3.7973E-01 7.7402E-01
  9.1798E-01 5.3935E-01 2.6108E-01 1.4959E-01 7.7856E-02 4.7189E-02 2.2101E-02
  9.2214E-03 2.1548E-03 7.7734E-04 3.2008E-04 0.0000E+00 3.0484E-04 6.0968E-04
  5.5176E-03 8.0173E-03 1.9982E-02 5.5481E-02 1.3373E-01 2.9103E-01 6.3295E-01
  8.5287E-01 6.5937E-01 2.8766E-01 1.7233E-01 1.0767E-01 4.3638E-02 2.4037E-02
  2.3274E-02 7.9084E-03 1.0365E-03 0.0000E+00 1.0669E-04 4.1153E-04 6.0968E-04
  5.2432E-03 6.5998E-03 1.3703E-02 3.4782E-02 7.9975E-02 1.6752E-01 3.9564E-01
  7.1217E-01 6.3164E-01 3.2002E-01 1.7201E-01 7.7887E-02 3.1018E-02 2.6689E-02
  1.4023E-02 3.2833E-03 4.8774E-04 3.0484E-05 3.2008E-04 6.0968E-04 6.0968E-04
  0.0000E+00 0.0000E+00 1.5242E-04 7.5448E-03 3.5285E-02 1.1028E-01 3.3037E-01
  5.3461E-01 4.1336E-01 2.3724E-01 1.3222E-01 6.4702E-02 4.1611E-02 3.0255E-02
  1.0974E-02 3.4554E-03 2.1339E-03 1.9052E-03 1.4480E-03 7.6210E-04 6.0968E-04
  2.7436E-03 4.5269E-03 4.8165E-03 5.4871E-03 1.7452E-02 4.9090E-02 1.2943E-01
  2.3909E-01 2.7440E-01 2.0122E-01 1.2640E-01 7.4488E-02 3.8181E-02 1.9281E-02
  1.5105E-02 6.4848E-03 1.8138E-03 6.8589E-04 2.2863E-04 3.2008E-04 6.0968E-04
  3.4142E-03 4.9384E-03 5.4414E-03 5.6548E-03 1.2255E-02 2.6790E-02 5.8499E-02
  1.1957E-01 1.6256E-01 1.3802E-01 8.9486E-02 6.4382E-02 3.7892E-02 1.3779E-02
  5.8834E-03 2.1444E-03 1.0822E-03 5.1823E-04 1.2498E-03 1.4023E-03 6.0968E-04
  0.0000E+00 0.0000E+00 0.0000E+00 5.1823E-04 3.0179E-03 8.3746E-03 2.2360E-02
  4.3745E-02 6.2645E-02 9.7442E-02 8.9364E-02 5.3255E-02 1.8565E-02 2.8807E-03
  6.2492E-04 1.2200E-04 1.5242E-04 1.9815E-04 4.5726E-05 3.0484E-04 6.0968E-04
  0.0000E+00 0.0000E+00 0.0000E+00 0.0000E+00 1.5242E-05 8.4380E-04 4.9384E-03
  1.3001E-02 1.5074E-02 2.3595E-02 2.5683E-02 1.3901E-02 4.4354E-03 1.5699E-03
  8.2307E-04 3.5566E-04 3.2008E-04 3.0484E-04 1.6766E-04 3.2008E-04 6.0968E-04
  0.0000E+00 0.0000E+00 0.0000E+00 0.0000E+00 2.2863E-04 8.6392E-04 7.6210E-04
  4.1915E-03 6.8589E-03 5.8682E-03 8.7641E-03 1.0365E-02 4.5726E-03 1.6766E-03
  1.2194E-03 9.1452E-04 7.6210E-04 5.3347E-04 3.0484E-04 3.8105E-04 6.0968E-04
  0.0000E+00 0.0000E+00 0.0000E+00 0.0000E+00 0.0000E+00 0.0000E+00 0.0000E+00
  1.9815E-04 7.9258E-04 8.6879E-04 3.0484E-03 2.7131E-03 2.3473E-03 3.3532E-04
  0.0000E+00 4.0635E-05 1.9815E-04 3.3532E-04 3.2008E-04 4.5726E-04 6.0968E-04
  3.6581E-04 1.8290E-04 0.0000E+00 0.0000E+00 0.0000E+00 0.0000E+00 4.5726E-05
  1.1127E-03 1.1889E-03 0.0000E+00 1.6004E-03 1.8443E-03 9.2976E-04 1.0669E-04
  0.0000E+00 0.0000E+00 0.0000E+00 0.0000E+00 4.5726E-05 3.5057E-04 6.0968E-04
  1.0060E-03 1.1127E-03 1.8443E-03 4.3592E-03 9.6329E-03 1.0638E-02 3.6733E-03
  5.2128E-03 4.0239E-03 6.4626E-03 3.0713E-02 3.4767E-02 4.7860E-03 0.0000E+00
  1.0669E-04 0.0000E+00 0.0000E+00 1.0669E-04 4.7250E-04 6.7065E-04 6.0968E-04
  5.4871E-04 4.1153E-04 1.3718E-04 1.5394E-03 6.3864E-03 1.1422E-02 3.1444E-02
  9.3403E-02 1.3724E-01 1.9033E-01 2.9298E-01 1.4885E-01 3.1688E-02 2.7893E-03
  2.4082E-03 0.0000E+00 1.5242E-04 1.3261E-03 3.0789E-03 2.2101E-03 6.0968E-04
  0.0000E+00 0.0000E+00 7.6210E-05 2.7436E-03 1.3642E-02 4.2586E-02 1.3055E-01
  3.1597E-01 4.7578E-01 4.2495E-01 2.7367E-01 1.3154E-01 4.2068E-02 2.4463E-02
  6.2492E-03 0.0000E+00 1.5242E-04 3.0484E-04 3.0484E-04 4.5726E-04 6.0968E-04
  0.0000E+00 1.3718E-04 4.1306E-03 2.3031E-02 7.4228E-02 1.7996E-01 3.6264E-01
  5.8984E-01 6.8464E-01 5.2644E-01 3.9276E-01 1.7368E-01 8.6270E-02 9.5339E-02
  3.1627E-02 2.4087E-03 1.1584E-03 4.4202E-04 0.0000E+00 3.0484E-04 6.0968E-04
  3.0484E-04 2.5911E-03 1.4373E-02 5.2341E-02 1.3876E-01 2.9073E-01 4.9349E-01
  5.6254E-01 4.9558E-01 4.4247E-01 2.7068E-01 2.2063E-01 1.6297E-01 3.6169E-02
  1.1340E-02 6.9811E-03 4.6641E-03 1.5699E-03 1.5242E-04 3.0484E-04 6.0968E-04
  2.4997E-03 6.2340E-03 2.4692E-02 8.5172E-02 2.2159E-01 4.3083E-01 6.3490E-01
  6.3930E-01 4.1371E-01 3.2234E-01 2.1372E-01 1.3579E-01 5.5237E-02 1.2727E-02
  3.9324E-03 3.5764E-03 2.8350E-03 7.0113E-04 0.0000E+00 3.0484E-04 6.0968E-04
  1.7071E-02 3.9431E-02 1.1907E-01 2.8132E-01 5.3074E-01 7.6831E-01 7.2471E-01
  6.4457E-01 4.5285E-01 2.7304E-01 1.8379E-01 1.4612E-01 6.9885E-02 2.2878E-02
  7.8954E-03 1.9943E-02 2.0866E-02 8.9928E-03 1.8138E-03 5.3347E-04 6.0968E-04
  5.4041E-02 1.0342E-01 2.4909E-01 4.7427E-01 7.3759E-01 9.6515E-01 8.8898E-01
  6.5294E-01 4.5764E-01 2.6324E-01 1.8743E-01 1.1847E-01 8.4482E-02 4.7457E-02
  1.1073E-02 1.1143E-02 1.3468E-02 9.1066E-03 4.5747E-03 2.7362E-03 1.8741E-03
  8.7560E-03 3.1074E-02 1.3226E-01 3.5011E-01 6.1556E-01 8.3171E-01 8.9842E-01
  7.5230E-01 4.6823E-01 2.4606E-01 1.4156E-01 7.5401E-02 6.4353E-02 6.4866E-02
  1.0611E-02 5.2207E-03 9.1066E-03 8.5936E-03 4.7286E-03 2.6422E-03 1.8741E-03
  2.2574E-03 3.8992E-03 1.4656E-02 5.3793E-02 1.3573E-01 2.8122E-01 5.3031E-01
  6.3651E-01 5.1559E-01 3.0388E-01 1.5525E-01 1.1004E-01 7.3828E-02 3.7923E-02
  1.6110E-02 3.7860E-03 1.8128E-03 1.0774E-03 4.6174E-04 1.1116E-03 1.8741E-03
  3.9505E-03 5.7547E-03 1.4724E-02 4.0693E-02 9.4461E-02 1.9428E-01 4.0242E-01
  6.6371E-01 6.8931E-01 2.8230E-01 1.7437E-01 1.3987E-01 6.5918E-02 2.8064E-02
  2.5533E-02 8.4567E-03 1.7529E-03 5.1305E-04 5.4725E-04 1.3168E-03 1.8741E-03
  3.0612E-03 4.0958E-03 9.5940E-03 2.5131E-02 5.5931E-02 1.1306E-01 2.8879E-01
  5.8998E-01 5.9881E-01 2.9794E-01 1.6571E-01 9.6162E-02 5.0381E-02 3.3810E-02
  1.5426E-02 4.1853E-03 1.5306E-03 1.1886E-03 1.2399E-03 1.5306E-03 1.8741E-03
  0.0000E+00 0.0000E+00 1.1544E-03 8.6791E-03 3.3519E-02 9.8072E-02 2.6576E-01
  4.0971E-01 3.3498E-01 2.2429E-01 1.5139E-01 8.2900E-02 7.4093E-02 5.6179E-02
  1.8854E-02 6.8120E-03 1.0218E-02 1.3468E-02 1.0218E-02 4.3609E-03 1.8741E-03
  1.5391E-04 5.3870E-04 1.3254E-03 5.0193E-03 1.7161E-02 4.4011E-02 1.0953E-01
  1.9874E-01 2.2349E-01 1.6610E-01 1.1654E-01 7.6572E-02 4.0377E-02 2.6371E-02
  1.4194E-02 7.9993E-03 4.5148E-03 4.1300E-03 2.8816E-03 1.7016E-03 1.8741E-03
  7.1827E-04 1.1544E-03 2.0436E-03 4.7628E-03 1.2381E-02 2.7373E-02 5.6546E-02
  1.0385E-01 1.3387E-01 1.1715E-01 8.5012E-02 6.7406E-02 3.6614E-02 1.2553E-02
  4.1728E-03 1.5337E-03 1.2997E-03 2.1291E-03 2.2489E-03 1.8726E-03 1.8741E-03
  0.0000E+00 0.0000E+00 1.0261E-04 9.8334E-04 3.1125E-03 6.8931E-03 1.6169E-02
  3.0586E-02 4.7722E-02 7.4067E-02 7.5880E-02 5.0424E-02 1.6383E-02 3.3776E-03
  8.2088E-04 5.7000E-04 8.7218E-04 1.2484E-03 1.1031E-03 1.3254E-03 1.8741E-03
  0.0000E+00 0.0000E+00 9.4059E-05 2.7362E-04 6.1566E-04 1.2030E-03 2.5054E-03
  5.6777E-03 1.0483E-02 1.6554E-02 2.0573E-02 1.3160E-02 5.1561E-03 2.0094E-03
  1.1544E-03 7.1257E-04 6.1566E-04 6.0711E-04 5.2160E-04 1.0432E-03 1.8741E-03
  0.0000E+00 8.5508E-05 3.4203E-04 5.5580E-04 7.6957E-04 1.1687E-03 1.1544E-03
  2.7790E-03 4.7029E-03 4.7457E-03 7.1827E-03 9.7479E-03 5.0450E-03 1.9667E-03
  1.3681E-03 1.0831E-03 9.8334E-04 8.9783E-04 7.2682E-04 1.2399E-03 1.8741E-03
  0.0000E+00 8.5508E-06 1.0261E-04 1.8812E-04 1.9667E-04 3.0788E-04 2.5652E-04
  4.5319E-04 1.6760E-03 2.3771E-03 2.9842E-03 3.7538E-03 4.2840E-03 1.8470E-03
  3.6768E-04 3.3052E-04 6.3276E-04 7.9522E-04 7.8667E-04 1.2912E-03 1.8741E-03
  2.0522E-04 1.8812E-04 3.0783E-04 5.5580E-04 8.2943E-04 8.8923E-04 6.4986E-04
  1.0004E-03 1.4451E-03 1.7786E-03 4.0445E-03 8.8073E-03 6.1480E-03 1.6760E-03
  2.8218E-04 2.5654E-04 3.6768E-04 5.1305E-04 5.1305E-04 1.1971E-03 1.8741E-03
  6.8406E-04 9.1493E-04 1.9068E-03 5.1818E-03 1.2057E-02 1.5208E-02 8.5594E-03
  1.7409E-02 1.4690E-02 1.6247E-02 3.1724E-02 4.1583E-02 1.2493E-02 1.3510E-03
  6.6696E-04 3.3639E-04 3.0783E-04 5.1305E-04 7.7812E-04 1.4023E-03 1.8741E-03
  3.0783E-04 3.8479E-04 6.9262E-04 2.9586E-03 9.1921E-03 1.7269E-02 5.5136E-02
  2.2268E-01 2.5107E-01 1.7636E-01 2.5700E-01 2.4575E-01 1.6869E-01 1.6144E-02
  5.8316E-03 7.4696E-04 6.0711E-04 1.3510E-03 2.2574E-03 2.2745E-03 1.8741E-03
  0.0000E+00 0.0000E+00 5.1305E-04 4.7457E-03 1.9453E-02 5.7589E-02 1.6995E-01
  3.7119E-01 4.3972E-01 3.7448E-01 2.3382E-01 1.8162E-01 1.1809E-01 2.8389E-02
  1.1030E-02 1.1403E-03 1.1116E-03 1.1971E-03 8.9783E-04 1.3254E-03 1.8741E-03
  0.0000E+00 5.4725E-04 5.0877E-03 2.4242E-02 7.4743E-02 1.8236E-01 3.9733E-01
  5.4040E-01 5.0644E-01 4.5404E-01 4.0294E-01 2.1453E-01 9.0869E-02 6.9321E-02
  3.0065E-02 4.5951E-03 2.8816E-03 1.4365E-03 4.4464E-04 1.0346E-03 1.8741E-03
  5.6435E-04 2.5481E-03 1.3108E-02 4.8731E-02 1.3150E-01 2.8018E-01 4.7389E-01
  5.5675E-01 4.9574E-01 4.5940E-01 3.5731E-01 2.6343E-01 1.3763E-01 3.8769E-02
  1.8478E-02 1.1812E-02 8.2686E-03 3.4460E-03 7.6957E-04 1.0261E-03 1.8741E-03
  3.7795E-03 8.1831E-03 2.7337E-02 8.3926E-02 2.0570E-01 3.8708E-01 5.4453E-01
  5.3527E-01 4.2638E-01 3.7023E-01 2.7628E-01 1.8418E-01 7.1639E-02 1.9744E-02
  7.7214E-03 6.8575E-03 5.0877E-03 1.7700E-03 4.7884E-04 1.0860E-03 1.8741E-03
  2.0813E-02 4.3865E-02 1.1584E-01 2.4484E-01 4.4095E-01 6.3846E-01 6.4596E-01
  5.4781E-01 4.1457E-01 2.7256E-01 2.1051E-01 1.6485E-01 9.9112E-02 3.7777E-02
  1.4340E-02 2.6339E-02 2.2711E-02 7.8240E-03 2.3087E-03 1.6246E-03 1.8741E-03
  3.7148E-02 7.2455E-02 1.7647E-01 3.3799E-01 5.3053E-01 6.9970E-01 6.4686E-01
  4.7707E-01 3.6707E-01 2.2438E-01 1.4574E-01 1.0472E-01 9.1171E-02 4.6872E-02
  1.1942E-02 9.3455E-03 9.7472E-03 6.7735E-03 3.4694E-03 1.9589E-03 1.3197E-03
  5.3338E-03 2.0094E-02 8.6196E-02 2.2631E-01 3.9895E-01 5.4095E-01 5.4549E-01
  5.2138E-01 3.5576E-01 1.9509E-01 1.1951E-01 6.4303E-02 6.7055E-02 6.2920E-02
  1.2513E-02 5.9876E-03 9.3838E-03 8.6663E-03 4.3568E-03 1.9542E-03 1.3197E-03
  1.6143E-03 2.6952E-03 9.4121E-03 3.3683E-02 8.5880E-02 1.7545E-01 3.0813E-01
  3.8331E-01 3.4292E-01 2.3456E-01 1.2147E-01 9.6963E-02 7.2701E-02 3.8574E-02
  1.6115E-02 4.2332E-03 2.6056E-03 1.8692E-03 9.3460E-04 9.5820E-04 1.3197E-03
  2.9076E-03 4.1255E-03 9.9785E-03 2.6948E-02 6.1452E-02 1.2071E-01 2.3693E-01
  3.9932E-01 4.6414E-01 2.4087E-01 1.3481E-01 1.2165E-01 7.1275E-02 2.6306E-02
  2.1958E-02 7.4067E-03 2.1335E-03 1.0243E-03 7.8828E-04 1.0715E-03 1.3197E-03
  2.7094E-03 3.4646E-03 7.2314E-03 1.8097E-02 3.8739E-02 7.3294E-02 1.8398E-01
  3.9262E-01 4.1157E-01 2.3251E-01 1.4676E-01 9.9615E-02 5.8450E-02 4.8963E-02
  3.0087E-02 5.7003E-03 2.4640E-03 1.6426E-03 1.1801E-03 1.2037E-03 1.3197E-03
  0.0000E+00 4.7202E-05 1.1801E-03 7.2691E-03 2.6197E-02 7.3369E-02 1.7979E-01
  2.6856E-01 2.3087E-01 1.7302E-01 1.4045E-01 9.5537E-02 8.7300E-02 5.8814E-02
  2.4994E-02 8.1980E-03 7.9300E-03 9.0864E-03 7.0567E-03 2.9973E-03 1.3197E-03
  0.0000E+00 0.0000E+00 4.6730E-04 3.9508E-03 1.3906E-02 3.4137E-02 7.8965E-02
  1.3620E-01 1.6045E-01 1.2875E-01 9.7798E-02 7.0945E-02 4.5342E-02 3.6534E-02
  1.9952E-02 1.5113E-02 7.3588E-03 3.7526E-03 2.0297E-03 1.1989E-03 1.3197E-03
  0.0000E+00 8.0244E-05 8.3076E-04 3.5213E-03 1.0139E-02 2.4100E-02 5.0544E-02
  7.8115E-02 9.3389E-02 8.4487E-02 6.5417E-02 5.4320E-02 3.0832E-02 1.5454E-02
  4.8477E-03 2.1464E-03 2.6056E-03 4.8429E-03 4.8571E-03 2.4309E-03 1.3197E-03
  0.0000E+00 0.0000E+00 1.1801E-04 7.8828E-04 2.3271E-03 5.2908E-03 1.1404E-02
  1.7937E-02 2.7863E-02 4.4101E-02 5.1719E-02 4.4649E-02 1.3212E-02 3.3136E-03
  7.8355E-04 6.0726E-04 1.1423E-03 2.1099E-03 2.0438E-03 1.3641E-03 1.3197E-03
  0.0000E+00 0.0000E+00 0.0000E+00 8.9684E-05 3.2097E-04 7.0186E-04 1.2367E-03
  2.6716E-03 6.2637E-03 1.0455E-02 1.4699E-02 1.1560E-02 5.3622E-03 2.3648E-03
  1.1187E-03 7.3953E-04 6.6555E-04 6.6083E-04 5.6643E-04 8.9684E-04 1.3197E-03
  0.0000E+00 0.0000E+00 0.0000E+00 4.7202E-05 1.6521E-04 2.9898E-04 3.7762E-04
  1.1092E-03 1.7937E-03 2.6905E-03 5.5698E-03 8.8032E-03 4.5078E-03 1.8409E-03
  1.1801E-03 9.5981E-04 8.9684E-04 8.4964E-04 6.3723E-04 8.9684E-04 1.3197E-03
  0.0000E+00 0.0000E+00 0.0000E+00 0.0000E+00 9.4405E-06 7.5552E-05 9.9125E-05
  1.5577E-04 1.2367E-03 2.2421E-03 2.2563E-03 5.1545E-03 1.0092E-02 2.6150E-03
  4.8146E-04 3.7441E-04 5.9003E-04 6.7971E-04 5.7587E-04 8.9684E-04 1.3197E-03
  6.4195E-04 5.8531E-04 5.4282E-04 4.7674E-04 4.0594E-04 3.7760E-04 1.7937E-04
  2.8793E-04 1.7512E-03 3.4788E-03 7.1842E-03 3.0157E-02 5.0266E-02 6.2968E-03
  5.0034E-04 5.4755E-04 5.9475E-04 7.0803E-04 7.6939E-04 1.0526E-03 1.3197E-03
  8.7796E-04 1.0715E-03 2.0486E-03 5.7398E-03 1.3585E-02 1.7363E-02 8.2557E-03
  1.5478E-02 2.1855E-02 3.2050E-02 3.0568E-02 4.1491E-02 2.1907E-02 3.5024E-03
  1.1328E-03 6.8292E-04 5.7587E-04 6.7499E-04 8.3548E-04 1.0857E-03 1.3197E-03
  4.2482E-04 5.5699E-04 1.2650E-03 4.2907E-03 1.1357E-02 1.8750E-02 4.6560E-02
  1.9560E-01 2.3742E-01 1.4095E-01 1.3808E-01 1.3652E-01 1.0378E-01 2.3483E-02
  1.2452E-02 1.5833E-03 8.5436E-04 1.1942E-03 1.5388E-03 1.4963E-03 1.3197E-03
  0.0000E+00 0.0000E+00 4.9562E-04 3.7526E-03 1.4444E-02 4.2870E-02 1.3504E-01
  2.8376E-01 3.6624E-01 3.1604E-01 1.9166E-01 1.3781E-01 6.7405E-02 5.9711E-02
  2.6787E-02 2.2344E-03 2.1241E-03 2.0533E-03 1.2745E-03 1.1092E-03 1.3197E-03
  8.4964E-05 6.1363E-04 4.1538E-03 1.7956E-02 5.4707E-02 1.3990E-01 3.3341E-01
  4.0105E-01 3.4148E-01 2.8061E-01 3.0881E-01 1.9644E-01 8.7451E-02 5.6907E-02
  2.0354E-02 5.2523E-03 3.7856E-03 2.0344E-03 7.8355E-04 8.5908E-04 1.3197E-03
  5.2866E-04 2.0580E-03 9.9077E-03 3.5217E-02 9.4551E-02 2.0711E-01 3.5592E-01
  4.4394E-01 4.3168E-01 3.2761E-01 2.7599E-01 2.0613E-01 1.1204E-01 4.7358E-02
  2.2917E-02 1.4460E-02 9.9455E-03 4.3520E-03 1.2367E-03 9.1572E-04 1.3197E-03
  3.1437E-03 6.4761E-03 2.1014E-02 6.3034E-02 1.4876E-01 2.7047E-01 3.8472E-01
  4.2221E-01 3.7720E-01 3.0626E-01 2.3392E-01 1.7154E-01 8.0480E-02 2.3172E-02
  1.3084E-02 1.2060E-02 5.7209E-03 1.8362E-03 6.2307E-04 8.8268E-04 1.3197E-03
  1.2867E-02 2.6967E-02 7.2828E-02 1.6039E-01 2.9477E-01 4.3608E-01 4.8962E-01
  4.1399E-01 3.2894E-01 2.2301E-01 1.7306E-01 1.3222E-01 9.8681E-02 4.3525E-02
  1.9334E-02 2.1324E-02 1.3858E-02 5.3480E-03 1.6379E-03 1.2272E-03 1.3197E-03
  2.9579E-02 5.4691E-02 1.2645E-01 2.3462E-01 3.6085E-01 4.6704E-01 4.3461E-01
  3.3611E-01 2.6405E-01 1.7590E-01 1.0493E-01 7.5628E-02 6.9811E-02 3.6007E-02
  9.3421E-03 7.1019E-03 6.6820E-03 4.4165E-03 2.3164E-03 1.6037E-03 1.3470E-03
  3.7419E-03 1.3364E-02 5.6198E-02 1.4595E-01 2.5504E-01 3.3980E-01 3.3123E-01
  3.4619E-01 2.5056E-01 1.5451E-01 1.0257E-01 5.3604E-02 5.0442E-02 4.8691E-02
  1.0029E-02 5.1870E-03 8.3773E-03 7.8275E-03 4.0830E-03 1.9219E-03 1.3470E-03
  8.1966E-04 1.4433E-03 5.5238E-03 2.0670E-02 5.3739E-02 1.0918E-01 1.8979E-01
  2.3990E-01 2.1908E-01 1.6783E-01 1.0414E-01 7.8682E-02 5.4197E-02 2.7853E-02
  1.2033E-02 3.9884E-03 3.2048E-03 2.4081E-03 1.1760E-03 1.0360E-03 1.3470E-03
  1.6393E-03 2.4233E-03 6.3562E-03 1.7668E-02 4.0219E-02 7.7742E-02 1.4841E-01
  2.4403E-01 2.7789E-01 1.8725E-01 1.1568E-01 1.0270E-01 5.6661E-02 1.9244E-02
  1.6327E-02 5.7901E-03 2.0771E-03 1.1226E-03 7.5602E-04 1.0182E-03 1.3470E-03
  1.3440E-03 1.8786E-03 4.7118E-03 1.2588E-02 2.6792E-02 4.9175E-02 1.1444E-01
  2.4839E-01 2.6650E-01 1.7881E-01 1.1997E-01 7.7555E-02 5.3866E-02 5.1354E-02
  3.3794E-02 6.3922E-03 3.5001E-03 2.4742E-03 1.4611E-03 1.2295E-03 1.3470E-03
  0.0000E+00 1.0182E-04 1.1582E-03 5.9565E-03 1.9881E-02 5.2695E-02 1.2122E-01
  1.9573E-01 1.8760E-01 1.4112E-01 1.1907E-01 8.5199E-02 7.8262E-02 5.3749E-02
  2.7823E-02 9.1560E-03 7.1911E-03 5.8165E-03 3.8692E-03 1.9346E-03 1.3470E-03
  0.0000E+00 2.5455E-06 6.5675E-04 3.9023E-03 1.2190E-02 2.8042E-02 5.9191E-02
  9.2087E-02 1.1949E-01 1.1023E-01 1.0053E-01 7.2331E-02 5.0893E-02 3.7849E-02
  2.7163E-02 2.0201E-02 1.0187E-02 4.1314E-03 1.6419E-03 1.0946E-03 1.3470E-03
  0.0000E+00 8.6548E-05 6.2111E-04 2.5557E-03 7.3871E-03 1.7581E-02 4.0151E-02
  5.9621E-02 6.8879E-02 6.4374E-02 5.2501E-02 4.3959E-02 3.0732E-02 1.9705E-02
  7.7180E-03 2.4287E-03 2.8281E-03 5.6180E-03 6.7456E-03 3.6986E-03 1.3470E-03
  0.0000E+00 0.0000E+00 9.6730E-05 5.8038E-04 1.7717E-03 4.0091E-03 8.4002E-03
  1.1984E-02 1.7526E-02 3.0819E-02 3.6699E-02 3.3051E-02 1.2611E-02 3.7826E-03
  9.1130E-04 6.0747E-04 1.1633E-03 2.3953E-03 2.8713E-03 1.9422E-03 1.3470E-03
  0.0000E+00 0.0000E+00 0.0000E+00 4.8365E-05 1.9600E-04 4.2772E-04 7.4329E-04
  1.6775E-03 4.3605E-03 7.3897E-03 1.1715E-02 1.1004E-02 7.5755E-03 5.2692E-03
  4.8925E-03 2.2016E-03 7.8402E-04 5.7020E-04 5.1165E-04 8.9093E-04 1.3470E-03
  0.0000E+00 0.0000E+00 0.0000E+00 0.0000E+00 1.2728E-05 4.2434E-05 1.5273E-04
  7.0002E-04 1.3491E-03 2.1764E-03 5.1420E-03 1.0997E-02 4.8492E-03 2.3037E-03
  3.3983E-03 1.8586E-03 1.0182E-03 8.0184E-04 5.9820E-04 9.0366E-04 1.3470E-03
  0.0000E+00 0.0000E+00 0.0000E+00 0.0000E+00 0.0000E+00 0.0000E+00 4.5820E-05
  2.5201E-04 1.9957E-03 3.7088E-03 1.9371E-03 7.0969E-03 6.7686E-03 2.3572E-03
  7.5093E-04 4.8700E-04 6.8220E-04 7.5093E-04 6.4147E-04 9.4185E-04 1.3470E-03
  6.1093E-05 3.8183E-05 7.1275E-05 1.5019E-04 2.1637E-04 2.2908E-04 1.1455E-04
  3.9456E-04 5.6129E-03 5.3838E-03 3.3805E-03 1.6711E-02 2.3299E-02 4.1059E-03
  8.8839E-04 1.3222E-03 8.0693E-04 7.2038E-04 7.4839E-04 1.0360E-03 1.3470E-03
  3.6147E-04 6.1347E-04 1.9244E-03 6.2314E-03 1.4543E-02 1.8818E-02 7.8199E-03
  8.9195E-03 3.0674E-02 3.8267E-02 2.0420E-02 3.7646E-02 3.4314E-02 8.2348E-03
  2.4106E-03 2.6817E-03 1.3873E-03 8.7057E-04 7.8402E-04 1.0462E-03 1.3470E-03
  4.2256E-04 6.3384E-04 1.7513E-03 5.3558E-03 1.2310E-02 1.7633E-02 3.5500E-02
  1.2872E-01 1.5843E-01 1.1743E-01 1.0281E-01 9.9227E-02 9.5462E-02 2.9956E-02
  2.4516E-02 2.8417E-03 1.1073E-03 1.1608E-03 1.2015E-03 1.2702E-03 1.3470E-03
  0.0000E+00 1.2728E-05 3.9456E-04 2.6219E-03 9.7621E-03 2.9187E-02 1.0726E-01
  2.5486E-01 2.8366E-01 2.4381E-01 1.4328E-01 1.0353E-01 5.7783E-02 4.9561E-02
  3.0699E-02 3.4115E-03 2.9401E-03 2.8128E-03 1.7055E-03 1.2600E-03 1.3470E-03
  1.4255E-04 5.2438E-04 2.9172E-03 1.1847E-02 3.5200E-02 8.9903E-02 2.2002E-01
  2.8741E-01 2.5829E-01 1.7982E-01 1.8192E-01 1.4859E-01 6.9844E-02 4.2722E-02
  2.4592E-02 8.1436E-03 4.3707E-03 2.2375E-03 9.3166E-04 9.5712E-04 1.3470E-03
  3.8183E-04 1.4128E-03 6.7762E-03 2.3457E-02 6.0380E-02 1.2759E-01 2.2255E-01
  2.8237E-01 2.7021E-01 2.1039E-01 1.8533E-01 1.4478E-01 8.9358E-02 3.8437E-02
  2.4860E-02 1.8592E-02 1.2170E-02 5.3151E-03 1.5833E-03 1.0233E-03 1.3470E-03
  2.1942E-03 4.4674E-03 1.4301E-02 4.1283E-02 9.2077E-02 1.5998E-01 2.2693E-01
  2.6121E-01 2.5007E-01 2.0477E-01 1.6354E-01 1.1436E-01 5.5722E-02 2.0474E-02
  9.6068E-03 7.5425E-03 3.9227E-03 1.4637E-03 6.3384E-04 9.4439E-04 1.3470E-03
  7.5551E-03 1.5881E-02 4.3989E-02 9.8970E-02 1.7931E-01 2.5686E-01 2.8326E-01
  2.4626E-01 2.2408E-01 1.6578E-01 1.2560E-01 9.6114E-02 8.1060E-02 4.0588E-02
  1.4039E-02 1.3161E-02 8.9144E-03 3.6936E-03 1.3415E-03 1.1939E-03 1.3470E-03
  2.2402E-02 4.0413E-02 9.0318E-02 1.6189E-01 2.3930E-01 2.9716E-01 2.8304E-01
  2.4693E-01 2.0206E-01 1.4773E-01 9.1839E-02 6.4989E-02 5.9994E-02 2.9049E-02
  7.7588E-03 6.6441E-03 6.0174E-03 3.8999E-03 2.0766E-03 1.4880E-03 1.3408E-03
  2.6751E-03 9.6131E-03 4.0075E-02 1.0269E-01 1.7439E-01 2.1919E-01 2.3963E-01
  2.6029E-01 1.8370E-01 1.4867E-01 1.0767E-01 4.9403E-02 4.1683E-02 4.2450E-02
  8.9541E-03 4.7007E-03 7.8259E-03 7.1669E-03 3.7854E-03 1.8068E-03 1.3408E-03
  8.0777E-04 1.2869E-03 3.9473E-03 1.3659E-02 3.4453E-02 6.6055E-02 1.1121E-01
  1.4914E-01 1.5864E-01 1.4123E-01 1.0084E-01 6.5835E-02 4.7779E-02 2.5355E-02
  1.0776E-02 6.4824E-03 6.8922E-03 4.6128E-03 1.9197E-03 1.1561E-03 1.3408E-03
  1.4128E-03 1.9442E-03 4.5490E-03 1.2066E-02 2.6686E-02 4.9360E-02 8.9424E-02
  1.8707E-01 2.0534E-01 1.2741E-01 9.8474E-02 8.9458E-02 4.9604E-02 1.8466E-02
  1.4970E-02 6.5122E-03 3.9505E-03 2.6064E-03 1.3915E-03 1.1577E-03 1.3408E-03
  1.3474E-03 1.7562E-03 3.7723E-03 9.4937E-03 2.0135E-02 3.6542E-02 7.6503E-02
  1.8698E-01 2.1387E-01 1.5130E-01 1.0295E-01 8.2070E-02 6.5367E-02 5.1946E-02
  3.0528E-02 6.9886E-03 4.0912E-03 2.4397E-03 1.3883E-03 1.2215E-03 1.3408E-03
  8.1758E-05 2.1257E-04 1.1937E-03 5.3306E-03 1.6883E-02 4.2872E-02 9.3171E-02
  1.3639E-01 1.5280E-01 1.3021E-01 1.0718E-01 8.8617E-02 7.2797E-02 5.1238E-02
  2.9449E-02 1.0553E-02 8.5682E-03 5.8621E-03 3.3112E-03 1.7169E-03 1.3408E-03
  0.0000E+00 3.4338E-05 6.9985E-04 3.7560E-03 1.1418E-02 2.5994E-02 5.2870E-02
  7.3509E-02 9.6208E-02 1.0451E-01 9.3757E-02 7.5484E-02 5.5442E-02 4.4020E-02
  3.5290E-02 1.5547E-02 8.6287E-03 4.1451E-03 2.0930E-03 1.4422E-03 1.3408E-03
  0.0000E+00 6.2136E-05 5.9520E-04 2.6032E-03 7.5544E-03 1.7844E-02 3.8508E-02
  5.0450E-02 5.5293E-02 6.3210E-02 5.4784E-02 4.1077E-02 3.3253E-02 1.9154E-02
  8.8380E-03 2.1008E-03 2.0489E-03 3.4011E-03 4.5915E-03 3.0185E-03 1.3408E-03
  0.0000E+00 0.0000E+00 7.1947E-05 5.0363E-04 1.5812E-03 3.7234E-03 7.6378E-03
  1.0033E-02 1.5608E-02 3.0754E-02 3.4119E-02 3.0326E-02 1.3999E-02 5.7836E-03
  1.4422E-03 9.6246E-04 1.2345E-03 1.6123E-03 1.9426E-03 1.6450E-03 1.3408E-03
  0.0000E+00 0.0000E+00 0.0000E+00 1.4716E-05 1.2100E-04 3.1945E-04 5.6576E-04
  1.3130E-03 4.0307E-03 6.5521E-03 1.0732E-02 1.3703E-02 1.6083E-02 1.4972E-02
  6.1188E-03 1.3924E-03 7.1129E-04 6.0501E-04 5.2652E-04 8.9934E-04 1.3408E-03
  0.0000E+00 0.0000E+00 0.0000E+00 0.0000E+00 0.0000E+00 0.0000E+00 4.0879E-05
  4.8237E-04 1.2018E-03 1.8886E-03 4.9545E-03 1.6630E-02 8.6336E-03 7.5626E-03
  9.9499E-03 3.3143E-03 2.0848E-03 1.3081E-03 6.9494E-04 8.9934E-04 1.3408E-03
  0.0000E+00 0.0000E+00 0.0000E+00 0.0000E+00 0.0000E+00 0.0000E+00 1.4716E-05
  5.1671E-04 4.1402E-03 5.2162E-03 4.0895E-03 1.8790E-02 1.0580E-02 3.2867E-03
  2.5607E-03 1.0104E-03 1.3163E-03 1.1953E-03 7.9142E-04 9.6311E-04 1.3408E-03
  1.9622E-05 9.8109E-06 4.9055E-06 5.0690E-05 1.8968E-04 3.5759E-04 5.6249E-04
  6.3411E-03 2.6020E-02 1.4124E-02 3.9211E-03 1.2825E-02 1.8785E-02 6.8072E-03
  7.0590E-03 1.6304E-02 5.4827E-03 1.4815E-03 1.0367E-03 1.1806E-03 1.3408E-03
  1.8968E-04 3.5320E-04 1.5452E-03 6.1924E-03 1.5532E-02 2.1431E-02 1.0534E-02
  1.3379E-02 3.8606E-02 4.5660E-02 2.0435E-02 3.8866E-02 4.2382E-02 1.7177E-02
  1.9192E-02 4.1958E-02 1.6474E-02 3.9129E-03 1.2346E-03 1.1708E-03 1.3408E-03
  3.3030E-04 6.1809E-04 2.0570E-03 6.3739E-03 1.3866E-02 1.9179E-02 3.3907E-02
  9.2599E-02 1.3256E-01 1.1292E-01 8.8747E-02 7.2995E-02 5.3063E-02 1.7053E-02
  1.3968E-02 3.3311E-03 1.6957E-03 1.5910E-03 1.4929E-03 1.3964E-03 1.3408E-03
  0.0000E+00 1.6352E-05 3.4338E-04 2.1094E-03 7.6035E-03 2.3094E-02 9.3785E-02
  1.7701E-01 1.9480E-01 1.6533E-01 1.0445E-01 8.4808E-02 5.0804E-02 3.5614E-02
  2.1331E-02 4.2249E-03 2.9433E-03 2.5345E-03 1.5698E-03 1.2346E-03 1.3408E-03
  1.7987E-04 5.4941E-04 2.5198E-03 8.9051E-03 2.3899E-02 5.6053E-02 1.3234E-01
  1.7809E-01 1.6704E-01 1.2381E-01 1.2215E-01 1.0534E-01 5.4304E-02 3.5115E-02
  2.3579E-02 8.7692E-03 4.5343E-03 2.3301E-03 1.1283E-03 1.0514E-03 1.3408E-03
  3.7609E-04 1.2280E-03 5.4271E-03 1.7622E-02 4.3487E-02 8.8676E-02 1.3913E-01
  1.7739E-01 1.8262E-01 1.4817E-01 1.3056E-01 1.0588E-01 6.2452E-02 2.7675E-02
  2.1367E-02 1.9672E-02 1.3670E-02 6.0109E-03 1.8788E-03 1.1086E-03 1.3408E-03
  1.5076E-03 3.1411E-03 1.0089E-02 2.8018E-02 6.0633E-02 1.0710E-01 1.5014E-01
  1.7427E-01 1.8148E-01 1.5142E-01 1.1743E-01 7.7328E-02 4.1391E-02 1.6926E-02
  6.9723E-03 5.3527E-03 3.4911E-03 1.5272E-03 7.5708E-04 9.8437E-04 1.3408E-03
  4.9840E-03 1.0055E-02 2.7495E-02 6.3102E-02 1.1494E-01 1.6273E-01 1.7929E-01
  1.6864E-01 1.6047E-01 1.1719E-01 9.7357E-02 7.7505E-02 6.6340E-02 3.3621E-02
  1.0380E-02 9.7946E-03 7.5839E-03 3.6530E-03 1.6777E-03 1.3392E-03 1.3408E-03
  9.1055E-03 1.5412E-02 3.2817E-02 5.8024E-02 8.5408E-02 1.0501E-01 1.0003E-01
  9.3978E-02 8.9872E-02 7.0756E-02 3.8622E-02 2.7523E-02 2.4794E-02 1.1746E-02
  3.9023E-03 4.2953E-03 4.1546E-03 2.8721E-03 1.5773E-03 1.1032E-03 1.0333E-03
  1.2315E-03 3.8774E-03 1.5025E-02 3.7492E-02 6.3301E-02 8.0630E-02 9.5772E-02
  1.0298E-01 7.8404E-02 7.5699E-02 5.2271E-02 2.3074E-02 1.7820E-02 1.7557E-02
  4.0118E-03 3.2583E-03 6.4194E-03 6.3465E-03 3.5613E-03 1.5585E-03 1.0333E-03
  5.5557E-04 9.2149E-04 2.4149E-03 6.0444E-03 1.3053E-02 2.3734E-02 4.0362E-02
  5.6702E-02 6.0042E-02 6.0316E-02 5.0836E-02 3.0892E-02 2.1957E-02 1.1955E-02
  5.1393E-03 3.6130E-03 4.3837E-03 3.2921E-03 1.5609E-03 9.4398E-04 1.0333E-03
  9.4702E-04 1.2564E-03 2.4879E-03 5.3113E-03 1.0519E-02 1.8464E-02 2.9863E-02
  4.6147E-02 6.5135E-02 5.1081E-02 4.6606E-02 3.9850E-02 2.4357E-02 9.6537E-03
  7.6661E-03 4.2808E-03 2.9371E-03 1.8728E-03 1.0631E-03 9.2210E-04 1.0333E-03
  7.6831E-04 9.4945E-04 1.7944E-03 4.1169E-03 8.4642E-03 1.4884E-02 2.6811E-02
  5.6589E-02 7.7260E-02 6.1413E-02 4.5026E-02 3.8132E-02 3.1351E-02 2.4200E-02
  1.4079E-02 4.5638E-03 2.8666E-03 1.7992E-03 1.0941E-03 9.5735E-04 1.0333E-03
  6.0784E-05 1.3980E-04 6.5951E-04 2.7170E-03 8.1147E-03 1.9274E-02 3.7747E-02
  5.4940E-02 6.4401E-02 5.9951E-02 4.9338E-02 4.4734E-02 3.6321E-02 2.5760E-02
  1.5685E-02 6.5611E-03 4.8566E-03 3.4070E-03 2.0454E-03 1.1853E-03 1.0333E-03
  0.0000E+00 4.3157E-05 4.7715E-04 2.2806E-03 6.4364E-03 1.3530E-02 2.6751E-02
  3.7581E-02 4.8404E-02 5.3248E-02 4.6680E-02 3.8941E-02 2.7522E-02 2.1975E-02
  1.7389E-02 9.3686E-03 5.6870E-03 3.1675E-03 1.9019E-03 1.2382E-03 1.0333E-03
  0.0000E+00 5.1667E-05 3.7443E-04 1.5640E-03 4.4628E-03 1.0271E-02 2.1213E-02
  2.5133E-02 2.6722E-02 3.1645E-02 2.9579E-02 2.3793E-02 1.8866E-02 1.1217E-02
  5.5125E-03 2.0505E-03 1.8095E-03 1.9846E-03 2.1189E-03 1.5014E-03 1.0333E-03
  0.0000E+00 3.6470E-06 5.6529E-05 2.7474E-04 8.1633E-04 2.0460E-03 4.3041E-03
  5.0530E-03 8.4235E-03 1.5942E-02 1.7076E-02 1.6301E-02 1.0880E-02 6.1969E-03
  1.7044E-03 1.6681E-03 1.9560E-03 1.5670E-03 1.1750E-03 9.9078E-04 1.0333E-03
  0.0000E+00 0.0000E+00 5.4706E-06 3.4039E-05 1.1549E-04 2.5168E-04 3.6167E-04
  7.1482E-04 2.5159E-03 3.9206E-03 6.1909E-03 8.1809E-03 1.4073E-02 1.5404E-02
  7.1555E-03 1.6772E-03 8.4186E-04 6.4492E-04 5.3672E-04 7.4217E-04 1.0333E-03
  0.0000E+00 3.0392E-06 9.1176E-06 9.1176E-06 1.5196E-05 5.2694E-05 6.3823E-05
  2.9480E-04 9.6343E-04 1.6746E-03 3.9996E-03 1.0540E-02 9.1146E-03 9.0021E-03
  9.1419E-03 4.9622E-03 3.7990E-03 2.1670E-03 9.5127E-04 7.8108E-04 1.0333E-03
  4.4980E-05 7.4157E-05 1.4406E-04 1.4406E-04 1.1549E-04 1.8197E-04 2.9845E-04
  9.7498E-04 3.5461E-03 4.4050E-03 4.9363E-03 1.6207E-02 1.2926E-02 4.4020E-03
  2.6976E-03 1.6082E-03 1.9421E-03 1.5992E-03 9.9808E-04 8.8441E-04 1.0333E-03
  1.3494E-04 1.8600E-04 3.2276E-04 3.3857E-04 2.9906E-04 4.9081E-04 8.9596E-04
  4.5388E-03 1.3400E-02 7.9901E-03 4.0154E-03 8.0010E-03 1.6280E-02 7.8983E-03
  8.2059E-03 1.4627E-02 5.1758E-03 1.8746E-03 1.7190E-03 1.4260E-03 1.0333E-03
  3.3188E-04 5.0937E-04 1.3391E-03 3.8106E-03 8.8733E-03 1.3058E-02 8.0581E-03
  9.3602E-03 2.0233E-02 1.8924E-02 1.5307E-02 2.4441E-02 2.5786E-02 1.1363E-02
  1.8475E-02 3.7008E-02 1.4767E-02 3.9510E-03 1.6029E-03 1.2132E-03 1.0333E-03
  3.1365E-04 4.9965E-04 1.3859E-03 4.1048E-03 9.3595E-03 1.4042E-02 1.9414E-02
  3.9718E-02 7.4268E-02 5.3852E-02 4.1366E-02 3.2887E-02 2.4685E-02 1.0231E-02
  9.5905E-03 3.7696E-03 1.6156E-03 1.2546E-03 1.0698E-03 1.0212E-03 1.0333E-03
  0.0000E+00 1.2157E-05 1.7323E-04 9.7559E-04 3.4343E-03 1.0547E-02 4.1373E-02
  6.9452E-02 7.4737E-02 5.9453E-02 3.8993E-02 3.4814E-02 2.3019E-02 1.6090E-02
  1.0443E-02 3.5647E-03 1.6959E-03 1.1123E-03 7.5676E-04 8.2666E-04 1.0333E-03
  1.1306E-04 3.1304E-04 1.2752E-03 4.1260E-03 1.0397E-02 2.2185E-02 4.7035E-02
  6.2321E-02 5.9564E-02 4.7313E-02 4.7951E-02 4.1967E-02 2.3362E-02 1.5583E-02
  8.6137E-03 3.8015E-03 2.2217E-03 1.2406E-03 7.0084E-04 7.7378E-04 1.0333E-03
  2.1274E-04 6.2486E-04 2.5073E-03 7.4856E-03 1.7159E-02 3.2762E-02 4.9383E-02
  6.1386E-02 6.3661E-02 5.4779E-02 5.1740E-02 4.2805E-02 2.4798E-02 1.0159E-02
  8.6550E-03 8.8235E-03 5.8827E-03 2.5967E-03 9.4337E-04 7.8715E-04 1.0333E-03
  5.7988E-04 1.2655E-03 4.1898E-03 1.1279E-02 2.2942E-02 3.8389E-02 5.3971E-02
  6.1966E-02 6.5183E-02 5.7184E-02 4.9072E-02 3.3367E-02 1.6759E-02 6.3671E-03
  2.6800E-03 2.9290E-03 2.2320E-03 1.1324E-03 6.1757E-04 7.7257E-04 1.0333E-03
  1.9451E-03 3.8166E-03 1.0441E-02 2.4050E-02 4.2777E-02 5.7543E-02 6.4279E-02
  6.3941E-02 6.5117E-02 4.7654E-02 3.9443E-02 3.3667E-02 2.7546E-02 1.5116E-02
  5.1983E-03 5.6071E-03 4.5661E-03 2.5766E-03 1.4588E-03 1.1136E-03 1.0333E-03
  6.8368E-03 1.1579E-02 2.3377E-02 3.8355E-02 5.4442E-02 6.7354E-02 6.3865E-02
  6.0540E-02 6.0278E-02 4.8147E-02 2.4429E-02 1.7012E-02 1.5362E-02 7.9778E-03
  2.2680E-03 2.2197E-03 2.0669E-03 1.3935E-03 7.7159E-04 5.8454E-04 5.6116E-04
  1.2102E-03 3.1107E-03 1.0744E-02 2.5058E-02 4.1631E-02 5.3988E-02 5.9308E-02
  6.1553E-02 4.7342E-02 4.6677E-02 3.0067E-02 1.3086E-02 1.1645E-02 1.3086E-02
  2.7516E-03 2.0202E-03 4.0834E-03 3.9833E-03 2.2016E-03 9.3713E-04 5.6116E-04
  3.6101E-04 4.8353E-04 1.1214E-03 3.4820E-03 8.3734E-03 1.5192E-02 2.4665E-02
  3.4608E-02 3.8985E-02 3.7682E-02 3.3028E-02 2.0179E-02 1.4094E-02 7.8861E-03
  3.2706E-03 2.0312E-03 2.4972E-03 1.8518E-03 8.3425E-04 5.0691E-04 5.6116E-04
  4.5641E-04 5.9109E-04 1.2542E-03 3.1060E-03 6.4945E-03 1.1191E-02 1.8938E-02
  4.3881E-02 5.5438E-02 3.4143E-02 3.0246E-02 2.5451E-02 1.4608E-02 5.8304E-03
  4.5379E-03 2.5074E-03 1.6994E-03 1.0428E-03 5.2842E-04 4.6389E-04 5.6116E-04
  3.7785E-04 4.8166E-04 9.8390E-04 2.3868E-03 4.9223E-03 8.4134E-03 1.6435E-02
  4.6901E-02 6.4894E-02 4.7637E-02 2.9420E-02 2.2900E-02 1.7769E-02 1.5740E-02
  9.3115E-03 2.6365E-03 1.5843E-03 9.2872E-04 5.2188E-04 4.7418E-04 5.6116E-04
  0.0000E+00 0.0000E+00 2.4317E-04 1.4310E-03 4.6015E-03 1.1176E-02 2.3087E-02
  3.7135E-02 4.7090E-02 4.8451E-02 3.6335E-02 2.9760E-02 2.3517E-02 1.6325E-02
  1.0643E-02 4.1435E-03 3.3529E-03 3.0490E-03 2.1792E-03 9.9138E-04 5.6116E-04
  0.0000E+00 0.0000E+00 2.2353E-04 1.3954E-03 4.0965E-03 8.3344E-03 1.6823E-02
  2.5710E-02 3.3737E-02 3.9387E-02 3.4006E-02 2.6286E-02 1.7478E-02 1.3403E-02
  1.1421E-02 5.7709E-03 3.0256E-03 1.8022E-03 1.1990E-03 7.2576E-04 5.6116E-04
  0.0000E+00 0.0000E+00 1.1036E-04 8.0433E-04 2.6206E-03 6.1003E-03 1.3193E-02
  1.6968E-02 2.0378E-02 2.2752E-02 2.1031E-02 1.6048E-02 1.2392E-02 8.4267E-03
  3.6129E-03 1.1236E-03 9.0534E-04 1.0718E-03 1.2336E-03 8.7447E-04 5.6116E-04
  0.0000E+00 0.0000E+00 0.0000E+00 3.9281E-05 3.0957E-04 1.0035E-03 2.2905E-03
  2.9143E-03 6.3046E-03 1.2133E-02 1.1213E-02 8.5951E-03 6.6591E-03 5.3366E-03
  1.0961E-03 7.9173E-04 9.3059E-04 7.6130E-04 5.8267E-04 5.1252E-04 5.6116E-04
  0.0000E+00 0.0000E+00 0.0000E+00 0.0000E+00 8.4174E-06 3.9292E-05 7.5756E-05
  3.4137E-04 2.1820E-03 2.8179E-03 3.7476E-03 4.6988E-03 7.3886E-03 8.8279E-03
  5.1767E-03 1.1819E-03 4.1713E-04 2.9274E-04 2.2633E-04 3.6475E-04 5.6116E-04
  5.6116E-05 6.0792E-05 6.5469E-05 6.0792E-05 5.1440E-05 2.8049E-05 0.0000E+00
  1.3094E-04 8.9318E-04 1.3468E-03 2.5486E-03 6.7386E-03 5.0598E-03 7.1594E-03
  8.3987E-03 2.6285E-03 1.5198E-03 8.5109E-04 3.7410E-04 3.8346E-04 5.6116E-04
  1.6835E-05 1.6835E-05 1.5900E-05 2.3382E-05 6.5469E-05 1.4281E-04 2.7684E-04
  7.5102E-04 2.2025E-03 2.4513E-03 3.4062E-03 1.1612E-02 7.3409E-03 3.0359E-03
  2.2867E-03 8.5915E-04 9.4836E-04 7.7720E-04 4.9475E-04 4.7324E-04 5.6116E-04
  6.7339E-05 3.3669E-05 5.6116E-06 1.4029E-05 6.5468E-05 2.4510E-04 5.2001E-04
  3.1331E-03 1.0101E-02 5.6808E-03 2.3522E-03 4.4977E-03 8.6325E-03 4.3247E-03
  5.4002E-03 9.0547E-03 3.1743E-03 9.3152E-04 6.3878E-04 5.9670E-04 5.6116E-04
  2.2446E-04 3.1144E-04 7.8282E-04 2.5168E-03 6.7451E-03 1.1385E-02 7.4924E-03
  8.8457E-03 1.5918E-02 1.3828E-02 1.0051E-02 1.5207E-02 1.7859E-02 7.5195E-03
  1.0628E-02 2.1315E-02 8.4295E-03 2.1876E-03 8.9505E-04 6.8648E-04 5.6116E-04
  1.0101E-04 1.9360E-04 6.8087E-04 2.3447E-03 5.8894E-03 1.0107E-02 1.4829E-02
  2.9413E-02 5.6979E-02 3.9210E-02 2.6740E-02 1.9850E-02 1.4643E-02 5.6406E-03
  5.5592E-03 2.2770E-03 9.4555E-04 6.2850E-04 5.0130E-04 5.1627E-04 5.6116E-04
  0.0000E+00 0.0000E+00 5.6116E-05 5.2375E-04 2.1043E-03 7.0787E-03 3.1514E-02
  5.2791E-02 5.3764E-02 4.1007E-02 2.5930E-02 2.2133E-02 1.3950E-02 1.0204E-02
  5.7098E-03 1.6620E-03 8.5109E-04 5.5648E-04 3.6008E-04 4.1619E-04 5.6116E-04
  0.0000E+00 1.1130E-04 6.8555E-04 2.4691E-03 6.5141E-03 1.4603E-02 3.3964E-02
  4.6582E-02 4.2699E-02 3.6040E-02 3.3476E-02 2.6126E-02 1.4724E-02 1.1775E-02
  6.3158E-03 2.4065E-03 1.2748E-03 6.6310E-04 3.3015E-04 3.8533E-04 5.6116E-04
  5.4245E-05 2.9554E-04 1.4338E-03 4.5725E-03 1.0914E-02 2.1612E-02 3.3734E-02
  4.2696E-02 4.3692E-02 3.8255E-02 3.4215E-02 2.7534E-02 1.7586E-02 6.6376E-03
  5.4909E-03 5.7017E-03 3.6887E-03 1.5666E-03 5.0598E-04 4.0403E-04 5.6116E-04
  3.6849E-04 7.9123E-04 2.6010E-03 7.0304E-03 1.4397E-02 2.4418E-02 3.5343E-02
  4.3571E-02 4.5377E-02 3.9623E-02 3.2178E-02 2.2149E-02 1.0750E-02 3.9206E-03
  1.4936E-03 1.6448E-03 1.2869E-03 6.0231E-04 2.8432E-04 3.9468E-04 5.6116E-04
  1.4010E-03 2.7160E-03 6.9499E-03 1.5148E-02 2.6360E-02 3.6577E-02 4.3301E-02
  4.3591E-02 4.4644E-02 3.2979E-02 2.6367E-02 2.1303E-02 1.6676E-02 9.3031E-03
  2.8937E-03 2.8862E-03 2.4018E-03 1.3814E-03 8.1648E-04 6.3317E-04 5.6116E-04
  1.1119E-02 1.8156E-02 3.5311E-02 5.6286E-02 7.8163E-02 9.5699E-02 9.4260E-02
  9.2484E-02 9.1064E-02 7.3576E-02 4.2262E-02 3.0909E-02 2.7699E-02 1.4336E-02
  5.5668E-03 8.0231E-03 8.1727E-03 5.6520E-03 3.0603E-03 2.4781E-03 2.7550E-03
  1.6530E-03 4.6807E-03 1.6313E-02 3.7117E-02 6.0433E-02 7.7313E-02 8.3647E-02
  8.7629E-02 6.8152E-02 6.9459E-02 5.2733E-02 2.6030E-02 2.2078E-02 2.4940E-02
  5.6648E-03 6.3061E-03 1.2449E-02 1.2184E-02 6.8392E-03 3.3614E-03 2.7550E-03
  5.5384E-04 8.3076E-04 1.9782E-03 5.7798E-03 1.3542E-02 2.4854E-02 3.7974E-02
  4.8970E-02 5.4096E-02 5.5814E-02 5.3929E-02 3.5128E-02 2.6279E-02 1.5722E-02
  6.5850E-03 5.9181E-03 7.8532E-03 6.2925E-03 3.3940E-03 2.4582E-03 2.7550E-03
  8.7478E-04 1.1545E-03 2.4497E-03 5.8452E-03 1.1926E-02 2.0615E-02 3.3030E-02
  6.8456E-02 1.0057E-01 6.7340E-02 5.7970E-02 4.7934E-02 2.7823E-02 1.3542E-02
  1.1474E-02 7.9815E-03 6.2542E-03 4.5486E-03 2.9865E-03 2.5817E-03 2.7550E-03
  7.9242E-04 9.7561E-04 1.9342E-03 4.6267E-03 9.5147E-03 1.5498E-02 3.0362E-02
  8.7515E-02 1.3299E-01 1.0753E-01 6.9531E-02 4.6812E-02 3.6970E-02 3.2364E-02
  2.1026E-02 9.0773E-03 6.0198E-03 4.0019E-03 2.7096E-03 2.5051E-03 2.7550E-03
  0.0000E+00 0.0000E+00 5.7514E-04 3.1810E-03 9.7703E-03 2.2873E-02 4.7772E-02
  7.8219E-02 9.3805E-02 1.0279E-01 7.9128E-02 6.3905E-02 5.4319E-02 3.5055E-02
  1.9775E-02 9.2547E-03 7.9313E-03 6.6958E-03 4.5585E-03 2.9325E-03 2.7550E-03
  0.0000E+00 0.0000E+00 6.1917E-04 3.4551E-03 9.6851E-03 1.9474E-02 3.9469E-02
  6.6752E-02 9.1404E-02 1.0456E-01 8.4542E-02 6.7174E-02 4.6345E-02 3.3364E-02
  2.6986E-02 1.4803E-02 8.6314E-03 5.4972E-03 3.7079E-03 2.8232E-03 2.7550E-03
  0.0000E+00 0.0000E+00 4.1041E-04 2.4710E-03 7.5124E-03 1.7222E-02 3.5070E-02
  4.8275E-02 7.1095E-02 7.9125E-02 6.8857E-02 5.4043E-02 3.7457E-02 2.5434E-02
  1.7043E-02 7.7548E-03 4.8667E-03 3.9763E-03 3.5588E-03 2.9723E-03 2.7550E-03
  0.0000E+00 0.0000E+00 0.0000E+00 1.4769E-04 1.0012E-03 3.2888E-03 7.4371E-03
  1.1838E-02 2.5545E-02 3.9736E-02 3.8447E-02 4.5671E-02 3.9019E-02 2.5582E-02
  9.1597E-03 4.7317E-03 4.7957E-03 4.4975E-03 3.5687E-03 2.7735E-03 2.7550E-03
  0.0000E+00 0.0000E+00 0.0000E+00 0.0000E+00 0.0000E+00 1.0230E-04 5.6520E-04
  2.4170E-03 9.5460E-03 1.5283E-02 1.9539E-02 2.9784E-02 5.0909E-02 4.4914E-02
  2.4545E-02 7.8231E-03 5.4390E-03 5.6918E-03 4.8766E-03 3.2151E-03 2.7550E-03
  4.2603E-05 4.2603E-05 4.2603E-05 4.2603E-05 3.5503E-05 1.8930E-05 0.0000E+00
  1.1645E-03 7.8745E-03 1.6764E-02 2.6251E-02 3.6184E-02 4.4620E-02 4.6991E-02
  4.4393E-02 2.0157E-02 1.7034E-02 1.3427E-02 7.7893E-03 3.6284E-03 2.7550E-03
  1.1361E-05 1.1361E-05 1.1361E-05 1.1361E-05 3.6923E-05 9.4690E-05 6.7171E-04
  5.8324E-03 1.7369E-02 1.9697E-02 2.7730E-02 4.7180E-02 5.9732E-02 2.9043E-02
  1.3778E-02 8.2446E-03 1.0027E-02 8.8984E-03 5.1280E-03 2.9297E-03 2.7550E-03
  1.1077E-04 5.5384E-05 8.5206E-06 3.8343E-05 2.5704E-04 9.0341E-04 2.3631E-03
  6.0198E-03 1.8832E-02 2.5126E-02 3.5484E-02 2.4615E-02 4.1409E-02 3.8969E-02
  1.7274E-02 2.1862E-02 1.0889E-02 6.6362E-03 5.8523E-03 4.1609E-03 2.7550E-03
  4.7716E-04 7.2567E-04 2.1699E-03 7.4513E-03 1.9494E-02 2.9375E-02 3.4749E-02
  3.6903E-02 3.2361E-02 3.4252E-02 2.9089E-02 4.1382E-02 5.7878E-02 2.6823E-02
  2.1706E-02 3.3194E-02 1.4288E-02 5.9119E-03 4.0345E-03 3.2038E-03 2.7550E-03
  2.5562E-04 5.2260E-04 2.9169E-03 9.6170E-03 2.0958E-02 3.3883E-02 5.1519E-02
  6.0996E-02 8.5520E-02 7.0228E-02 4.6328E-02 3.8285E-02 5.0111E-02 2.2786E-02
  1.8155E-02 7.9059E-03 4.2191E-03 3.6057E-03 3.0248E-03 2.6968E-03 2.7550E-03
  0.0000E+00 7.1005E-06 3.5503E-04 2.2864E-03 7.8461E-03 2.3172E-02 7.3704E-02
  9.9635E-02 8.5547E-02 6.3266E-02 4.5727E-02 3.7583E-02 3.0412E-02 2.1465E-02
  1.1638E-02 4.7674E-03 3.2094E-03 2.5278E-03 1.9527E-03 2.2154E-03 2.7550E-03
  1.3065E-04 5.1550E-04 2.2906E-03 6.7810E-03 1.4820E-02 2.8879E-02 6.0215E-02
  8.0973E-02 7.2160E-02 6.5669E-02 6.1525E-02 4.7635E-02 2.9365E-02 2.4166E-02
  1.2790E-02 5.3005E-03 3.5361E-03 2.5775E-03 1.7226E-03 2.0279E-03 2.7550E-03
  1.7893E-04 8.0804E-04 3.5673E-03 1.0093E-02 2.0903E-02 3.6935E-02 5.5420E-02
  6.7249E-02 7.1382E-02 6.5714E-02 6.3487E-02 5.3791E-02 3.5030E-02 1.3585E-02
  1.1188E-02 1.0718E-02 7.4087E-03 3.9777E-03 1.9555E-03 2.0180E-03 2.7550E-03
  5.2828E-04 1.3392E-03 4.8553E-03 1.3064E-02 2.5667E-02 4.1777E-02 5.9345E-02
  7.1274E-02 7.5859E-02 6.8655E-02 5.9571E-02 4.4187E-02 2.3825E-02 8.9197E-03
  3.6000E-03 4.1268E-03 3.4338E-03 2.0918E-03 1.3221E-03 1.9157E-03 2.7550E-03
  2.0563E-03 4.0927E-03 1.0807E-02 2.4129E-02 4.2641E-02 5.9356E-02 7.0228E-02
  7.1735E-02 8.1574E-02 6.3872E-02 5.1355E-02 4.0261E-02 3.0223E-02 1.9443E-02
  7.5564E-03 8.6181E-03 7.1232E-03 4.2674E-03 2.4610E-03 2.3361E-03 2.7550E-03
  8.0298E-03 1.2685E-02 2.3810E-02 3.6847E-02 4.9945E-02 6.0440E-02 6.2082E-02
  6.3078E-02 6.1422E-02 5.0201E-02 3.2148E-02 2.4397E-02 2.1740E-02 1.1226E-02
  5.2040E-03 8.5844E-03 8.9589E-03 6.2245E-03 3.3506E-03 2.7488E-03 3.1387E-03
  9.9746E-04 3.1532E-03 1.1075E-02 2.4533E-02 3.9087E-02 4.9261E-02 5.2376E-02
  5.5463E-02 4.3685E-02 4.6131E-02 4.0569E-02 2.1817E-02 1.7940E-02 2.0345E-02
  4.8564E-03 6.4764E-03 1.2658E-02 1.2421E-02 7.0150E-03 3.5826E-03 3.1387E-03
  4.7177E-04 6.6626E-04 1.4644E-03 4.0640E-03 9.3469E-03 1.7132E-02 2.5185E-02
  3.0770E-02 3.3225E-02 3.6900E-02 3.9138E-02 2.6868E-02 2.1136E-02 1.3197E-02
  5.5583E-03 5.9331E-03 8.0847E-03 6.6164E-03 3.7434E-03 2.8114E-03 3.1387E-03
  6.4315E-04 8.3957E-04 1.7571E-03 4.1160E-03 8.1944E-03 1.3757E-02 2.1496E-02
  5.2961E-02 8.2711E-02 5.5484E-02 4.7472E-02 3.8787E-02 2.2702E-02 1.2347E-02
  1.0875E-02 8.2478E-03 6.7444E-03 5.1038E-03 3.4988E-03 3.0068E-03 3.1387E-03
  5.1414E-04 6.3834E-04 1.3932E-03 3.4873E-03 7.1430E-03 1.2049E-02 2.4261E-02
  7.0384E-02 1.1350E-01 9.6783E-02 6.3996E-02 3.9893E-02 3.1846E-02 2.7689E-02
  1.8907E-02 9.6072E-03 6.5317E-03 4.4713E-03 3.1378E-03 2.8990E-03 3.1387E-03
  0.0000E+00 0.0000E+00 5.3436E-04 2.8499E-03 8.5256E-03 1.9523E-02 4.0996E-02
  6.7825E-02 7.8714E-02 8.9493E-02 6.9885E-02 5.6016E-02 4.9454E-02 3.0728E-02
  1.5853E-02 8.2932E-03 7.3125E-03 5.9453E-03 3.9379E-03 2.9462E-03 3.1387E-03
  0.0000E+00 0.0000E+00 6.0079E-04 3.2389E-03 8.9059E-03 1.7821E-02 3.6208E-02
  6.4037E-02 8.9218E-02 1.0122E-01 7.9628E-02 6.4026E-02 4.4849E-02 3.1426E-02
  2.4853E-02 1.4120E-02 8.5805E-03 5.5900E-03 3.7848E-03 3.0627E-03 3.1387E-03
  0.0000E+00 0.0000E+00 4.4674E-04 2.5264E-03 7.4887E-03 1.7068E-02 3.3972E-02
  4.7982E-02 7.5423E-02 8.3873E-02 7.1723E-02 5.6766E-02 3.8030E-02 2.5806E-02
  1.9391E-02 9.3604E-03 5.6728E-03 4.2980E-03 3.5720E-03 3.1301E-03 3.1387E-03
  0.0000E+00 0.0000E+00 0.0000E+00 1.6656E-04 1.0456E-03 3.4226E-03 7.7197E-03
  1.3045E-02 2.8142E-02 4.1406E-02 4.0590E-02 5.3076E-02 4.6059E-02 2.9200E-02
  1.1275E-02 5.6003E-03 5.5515E-03 5.3214E-03 4.2460E-03 3.2235E-03 3.1387E-03
  0.0000E+00 0.0000E+00 0.0000E+00 0.0000E+00 0.0000E+00 1.1559E-04 6.8937E-04
  2.9327E-03 1.0687E-02 1.7829E-02 2.2646E-02 3.5548E-02 6.1426E-02 5.1803E-02
  2.7953E-02 9.3969E-03 6.9553E-03 7.4271E-03 6.3901E-03 3.9754E-03 3.1387E-03
  0.0000E+00 0.0000E+00 0.0000E+00 0.0000E+00 0.0000E+00 0.0000E+00 0.0000E+00
  1.4538E-03 9.7484E-03 2.1340E-02 3.2981E-02 4.2128E-02 5.5289E-02 5.6353E-02
  5.1544E-02 2.4626E-02 2.1538E-02 1.7326E-02 1.0167E-02 4.5156E-03 3.1387E-03
  0.0000E+00 0.0000E+00 0.0000E+00 0.0000E+00 0.0000E+00 0.0000E+00 6.3449E-04
  7.1440E-03 2.1276E-02 2.4175E-02 3.4095E-02 5.2022E-02 7.3430E-02 3.6237E-02
  1.6320E-02 1.0302E-02 1.2640E-02 1.1275E-02 6.4527E-03 3.4844E-03 3.1387E-03
  1.5597E-04 7.7987E-05 2.8884E-06 3.4661E-05 2.8788E-04 9.8101E-04 2.6718E-03
  4.9401E-03 1.5144E-02 2.8223E-02 4.5690E-02 2.8763E-02 4.7273E-02 4.8392E-02
  1.7871E-02 2.0333E-02 1.1501E-02 8.0433E-03 7.2913E-03 5.0278E-03 3.1387E-03
  7.4521E-04 1.0995E-03 2.8913E-03 8.1944E-03 1.8559E-02 2.7378E-02 3.9391E-02
  4.0934E-02 2.7497E-02 3.2218E-02 2.9093E-02 4.0468E-02 6.0106E-02 2.8634E-02
  1.8501E-02 2.3070E-02 1.0700E-02 5.7710E-03 4.5627E-03 3.6346E-03 3.1387E-03
  5.1991E-04 1.0562E-03 3.6712E-03 1.0635E-02 2.2356E-02 3.5541E-02 5.4583E-02
  5.2422E-02 5.7305E-02 5.4863E-02 3.5310E-02 3.1479E-02 5.2876E-02 2.5081E-02
  1.8876E-02 8.3819E-03 4.7572E-03 4.2344E-03 3.5768E-03 3.1156E-03 3.1387E-03
  0.0000E+00 1.4442E-05 4.2845E-04 2.5514E-03 8.4630E-03 2.4134E-02 6.7502E-02
  8.0760E-02 6.0652E-02 4.3557E-02 3.5306E-02 2.8172E-02 2.6886E-02 1.8592E-02
  9.9121E-03 4.7567E-03 3.4757E-03 2.8547E-03 2.2770E-03 2.5611E-03 3.1387E-03
  1.9449E-04 6.0079E-04 2.3983E-03 6.6520E-03 1.3390E-02 2.4108E-02 4.6701E-02
  6.1852E-02 5.3889E-02 5.1951E-02 4.8963E-02 3.7687E-02 2.4659E-02 2.0647E-02
  1.0847E-02 4.7118E-03 3.4834E-03 2.8201E-03 2.0036E-03 2.3435E-03 3.1387E-03
  2.0026E-04 8.0779E-04 3.3611E-03 8.9618E-03 1.7101E-02 2.7838E-02 4.0417E-02
  4.7225E-02 5.1803E-02 4.9743E-02 5.0864E-02 4.4597E-02 2.9398E-02 1.1590E-02
  9.5202E-03 8.6561E-03 6.2582E-03 3.7906E-03 2.1432E-03 2.3204E-03 3.1387E-03
  3.3120E-04 1.0052E-03 3.9128E-03 1.0473E-02 1.9989E-02 3.1509E-02 4.4093E-02
  5.1774E-02 5.6136E-02 5.2310E-02 4.7657E-02 3.7124E-02 2.1237E-02 8.0625E-03
  3.3438E-03 3.8916E-03 3.3284E-03 2.2164E-03 1.5039E-03 2.1856E-03 3.1387E-03
  1.3479E-03 2.7642E-03 7.5089E-03 1.7131E-02 3.0700E-02 4.2836E-02 5.0660E-02
  5.2377E-02 6.4652E-02 5.2659E-02 4.2491E-02 3.2663E-02 2.3822E-02 1.6779E-02
  7.2826E-03 8.7332E-03 7.1950E-03 4.3567E-03 2.4889E-03 2.5062E-03 3.1387E-03
  4.8999E-03 7.1882E-03 1.3052E-02 2.0763E-02 2.9079E-02 3.5592E-02 3.6292E-02
  3.5910E-02 3.5683E-02 2.9937E-02 2.1642E-02 1.8552E-02 1.7156E-02 8.6619E-03
  3.7838E-03 5.8135E-03 6.3954E-03 4.7942E-03 2.9723E-03 2.9536E-03 3.5568E-03
  1.4165E-03 2.5923E-03 6.6876E-03 1.3624E-02 2.1397E-02 2.6473E-02 2.7038E-02
  3.0463E-02 2.5817E-02 2.7116E-02 2.6215E-02 1.4996E-02 1.3319E-02 1.3881E-02
  3.6494E-03 6.1778E-03 1.1652E-02 1.1127E-02 6.2331E-03 3.6059E-03 3.5568E-03
  7.3374E-04 8.5935E-04 1.4352E-03 3.0805E-03 6.1355E-03 1.0465E-02 1.4145E-02
  1.7332E-02 1.9559E-02 1.8206E-02 2.0324E-02 1.8124E-02 1.6031E-02 9.6798E-03
  3.9709E-03 4.9244E-03 6.6118E-03 5.4913E-03 3.4094E-03 3.0258E-03 3.5568E-03
  7.2504E-04 8.6246E-04 1.4930E-03 3.0506E-03 5.5939E-03 8.8817E-03 1.3143E-02
  3.3100E-02 5.5863E-02 3.7348E-02 3.4378E-02 2.9856E-02 1.7320E-02 9.4031E-03
  8.0022E-03 7.2796E-03 6.1317E-03 4.6723E-03 3.3050E-03 3.1414E-03 3.5568E-03
  5.1486E-04 6.3425E-04 1.2318E-03 2.7534E-03 5.2376E-03 8.5820E-03 1.7141E-02
  4.6675E-02 8.2943E-02 7.0513E-02 5.0398E-02 3.2944E-02 2.3469E-02 1.9878E-02
  1.5620E-02 9.2983E-03 6.3655E-03 4.4105E-03 3.1165E-03 3.0805E-03 3.5568E-03
  8.7054E-05 1.9898E-04 7.8349E-04 2.5774E-03 6.5197E-03 1.4192E-02 3.2257E-02
  5.3961E-02 6.6161E-02 7.6266E-02 5.6396E-02 4.3011E-02 3.7520E-02 2.3085E-02
  1.2321E-02 8.0296E-03 8.0618E-03 6.6876E-03 4.1973E-03 3.2086E-03 3.5568E-03
  1.1939E-04 2.1950E-04 8.6059E-04 3.1358E-03 7.9114E-03 1.5089E-02 3.0782E-02
  5.7787E-02 8.2736E-02 9.1700E-02 6.9660E-02 5.4615E-02 3.8121E-02 2.4643E-02
  1.9375E-02 1.1422E-02 7.9437E-03 5.4776E-03 3.6277E-03 3.1937E-03 3.5568E-03
  2.9723E-04 3.7807E-04 9.7936E-04 3.1682E-03 8.0283E-03 1.6273E-02 2.9635E-02
  4.4575E-02 7.9951E-02 8.9469E-02 6.8112E-02 5.0418E-02 3.0483E-02 2.1812E-02
  1.7426E-02 8.8800E-03 6.1131E-03 4.6960E-03 3.6345E-03 3.3074E-03 3.5568E-03
  1.6665E-04 1.9152E-04 3.0656E-04 7.5302E-04 2.1565E-03 5.1878E-03 8.6793E-03
  1.4523E-02 3.0016E-02 4.0531E-02 3.6688E-02 5.0738E-02 5.2554E-02 3.4391E-02
  1.3045E-02 8.5340E-03 8.1669E-03 7.7024E-03 5.6113E-03 3.7502E-03 3.5568E-03
  3.1340E-04 3.2521E-04 3.4324E-04 3.6003E-04 4.3900E-04 7.4713E-04 1.6130E-03
  5.0554E-03 1.5361E-02 2.6312E-02 3.1098E-02 4.9620E-02 9.0237E-02 7.2763E-02
  3.0835E-02 1.2944E-02 1.1217E-02 1.3758E-02 1.1931E-02 6.0036E-03 3.5568E-03
  4.2905E-04 4.0418E-04 3.6687E-04 3.4200E-04 3.2024E-04 3.1506E-04 4.4149E-04
  3.9143E-03 1.7632E-02 3.6037E-02 4.9369E-02 5.2254E-02 6.4116E-02 6.1246E-02
  4.6901E-02 2.4964E-02 2.5143E-02 2.4863E-02 1.6972E-02 6.9985E-03 3.5568E-03
  7.2877E-04 6.4234E-04 4.8253E-04 3.7371E-04 3.7371E-04 5.9579E-04 2.2423E-03
  1.2365E-02 2.8273E-02 3.2112E-02 5.5840E-02 7.1269E-02 8.3951E-02 4.9924E-02
  1.8787E-02 1.2366E-02 1.3835E-02 1.2800E-02 7.6390E-03 4.0306E-03 3.5568E-03
  1.3357E-03 1.3941E-03 1.4420E-03 1.4296E-03 1.9904E-03 3.4192E-03 3.9038E-03
  6.3593E-03 1.3033E-02 3.3706E-02 6.7991E-02 4.1205E-02 5.2695E-02 5.1294E-02
  1.8454E-02 2.1686E-02 1.2738E-02 8.5842E-03 6.8219E-03 4.7327E-03 3.5568E-03
  1.7635E-03 2.1714E-03 4.0841E-03 1.0078E-02 2.1923E-02 3.0593E-02 3.7346E-02
  3.9480E-02 2.6713E-02 3.2343E-02 2.8897E-02 2.9988E-02 3.9979E-02 2.5133E-02
  1.3291E-02 1.4318E-02 8.0264E-03 5.5789E-03 4.5187E-03 3.7203E-03 3.5568E-03
  6.8276E-04 1.1267E-03 3.5301E-03 1.0637E-02 2.3246E-02 3.4244E-02 4.3005E-02
  3.8839E-02 3.9744E-02 4.1892E-02 2.4016E-02 1.9671E-02 3.4978E-02 1.7697E-02
  1.1111E-02 5.7779E-03 4.2165E-03 4.3459E-03 4.0822E-03 3.6034E-03 3.5568E-03
  6.2182E-06 4.9745E-05 4.2905E-04 2.1049E-03 6.7187E-03 1.9432E-02 5.2211E-02
  5.5419E-02 3.9569E-02 2.7892E-02 2.3020E-02 1.9550E-02 1.9139E-02 1.2775E-02
  6.9643E-03 4.3510E-03 3.2801E-03 2.7733E-03 2.3474E-03 2.8199E-03 3.5568E-03
  3.7433E-04 7.7230E-04 2.3816E-03 6.0484E-03 1.1739E-02 2.0021E-02 3.3243E-02
  4.2069E-02 3.5537E-02 3.6874E-02 3.7278E-02 2.9152E-02 1.9945E-02 1.6929E-02
  8.1489E-03 3.5462E-03 2.9543E-03 2.5028E-03 1.9015E-03 2.5457E-03 3.5568E-03
  2.9225E-04 8.5749E-04 3.1141E-03 7.7696E-03 1.4056E-02 2.1486E-02 2.8593E-02
  3.1482E-02 3.5233E-02 3.4191E-02 3.5970E-02 3.3097E-02 2.3756E-02 9.8191E-03
  6.4694E-03 6.1404E-03 4.8240E-03 3.1091E-03 1.9040E-03 2.4848E-03 3.5568E-03
  2.8355E-04 8.1893E-04 3.0892E-03 8.0152E-03 1.4822E-02 2.2836E-02 3.0719E-02
  3.3983E-02 3.6599E-02 3.6425E-02 3.4074E-02 2.8651E-02 1.7357E-02 7.7397E-03
  3.3889E-03 3.9656E-03 3.3087E-03 2.3212E-03 1.6721E-03 2.4742E-03 3.5568E-03
  9.7749E-04 1.8990E-03 5.2189E-03 1.2118E-02 2.1849E-02 3.1061E-02 3.7975E-02
  3.3792E-02 3.7761E-02 3.3885E-02 3.0751E-02 2.6121E-02 1.9621E-02 1.6245E-02
  6.8070E-03 7.3670E-03 5.9222E-03 3.7925E-03 2.4102E-03 2.7323E-03 3.5568E-03
  3.1769E-03 4.5627E-03 8.2823E-03 1.3408E-02 1.9018E-02 2.3444E-02 2.2366E-02
  1.9457E-02 2.2658E-02 1.9519E-02 1.4265E-02 1.3809E-02 1.3410E-02 6.3360E-03
  2.4215E-03 3.7318E-03 4.6263E-03 3.6422E-03 2.2485E-03 2.2227E-03 2.6876E-03
  9.7575E-04 1.7284E-03 4.4163E-03 8.9599E-03 1.3682E-02 1.6726E-02 1.6612E-02
  1.6714E-02 1.4125E-02 1.5397E-02 1.7095E-02 1.0256E-02 1.0298E-02 1.0627E-02
  2.6223E-03 4.1562E-03 8.1953E-03 7.9396E-03 4.3626E-03 2.5913E-03 2.6876E-03
  7.1253E-04 8.2982E-04 1.3388E-03 2.5002E-03 4.3503E-03 6.8729E-03 8.9058E-03
  1.1150E-02 1.1858E-02 1.0807E-02 1.2379E-02 1.2063E-02 1.1612E-02 6.8414E-03
  2.7662E-03 3.1171E-03 4.2358E-03 3.6243E-03 2.3376E-03 2.2259E-03 2.6876E-03
  7.1809E-04 8.4016E-04 1.3515E-03 2.4338E-03 4.0084E-03 6.0839E-03 1.1406E-02
  3.8843E-02 4.6762E-02 2.6853E-02 2.2614E-02 2.0550E-02 1.2490E-02 7.1809E-03
  5.7833E-03 4.9613E-03 4.3082E-03 3.4521E-03 2.5197E-03 2.3905E-03 2.6876E-03
  5.3042E-04 6.3062E-04 1.1094E-03 2.2135E-03 3.8155E-03 5.9697E-03 1.4557E-02
  4.7230E-02 6.5957E-02 5.1500E-02 3.2490E-02 2.2112E-02 1.5552E-02 1.3531E-02
  1.0899E-02 6.7003E-03 4.5165E-03 3.2644E-03 2.4159E-03 2.3614E-03 2.6876E-03
  1.6700E-04 2.6044E-04 7.2963E-04 2.0557E-03 4.7873E-03 1.0176E-02 2.4064E-02
  4.1247E-02 4.7895E-02 5.5169E-02 4.0750E-02 3.0589E-02 2.7360E-02 1.5646E-02
  8.5289E-03 5.9522E-03 6.1352E-03 5.3937E-03 3.4990E-03 2.5129E-03 2.6876E-03
  1.6541E-04 2.5288E-04 7.5666E-04 2.4775E-03 6.1197E-03 1.1667E-02 2.2773E-02
  4.1844E-02 6.3706E-02 6.9534E-02 5.2100E-02 4.2300E-02 3.1034E-02 1.7731E-02
  1.3236E-02 7.9177E-03 5.8632E-03 4.3881E-03 3.0100E-03 2.4712E-03 2.6876E-03
  2.0278E-04 3.0139E-04 8.3380E-04 2.6187E-03 6.5996E-03 1.3213E-02 2.2751E-02
  3.4777E-02 6.4322E-02 7.7566E-02 5.6339E-02 3.6316E-02 2.2706E-02 1.7014E-02
  1.2302E-02 6.3580E-03 4.6390E-03 3.7114E-03 2.7797E-03 2.4624E-03 2.6876E-03
  1.4076E-04 1.6422E-04 2.6600E-04 6.2465E-04 1.6819E-03 3.8767E-03 6.7157E-03
  1.2433E-02 2.5659E-02 3.4286E-02 3.1659E-02 4.3998E-02 4.6323E-02 3.0814E-02
  1.0792E-02 6.9961E-03 7.2672E-03 6.6625E-03 4.4811E-03 2.8549E-03 2.6876E-03
  1.9960E-04 2.0676E-04 2.2505E-04 2.6600E-04 3.7137E-04 6.3098E-04 1.4203E-03
  4.4163E-03 1.4742E-02 2.8288E-02 3.3001E-02 4.5178E-02 7.6284E-02 6.5447E-02
  2.6394E-02 9.8988E-03 8.4207E-03 1.0023E-02 8.4179E-03 4.2338E-03 2.6876E-03
  1.9086E-04 1.9086E-04 1.9483E-04 2.0477E-04 2.2068E-04 2.5449E-04 4.2744E-04
  4.7734E-03 2.0700E-02 3.8760E-02 5.1471E-02 4.4227E-02 5.4430E-02 5.3722E-02
  3.7515E-02 1.8262E-02 1.9521E-02 2.1746E-02 1.6046E-02 6.4414E-03 2.6876E-03
  4.5090E-04 4.1074E-04 3.5269E-04 3.2803E-04 3.2962E-04 3.6237E-04 1.9829E-03
  1.5519E-02 3.3015E-02 3.0105E-02 5.4059E-02 7.1468E-02 7.7719E-02 5.5794E-02
  1.7567E-02 1.1423E-02 1.1305E-02 1.0276E-02 6.0072E-03 2.9913E-03 2.6876E-03
  1.3193E-03 1.2819E-03 1.3133E-03 1.6020E-03 2.3646E-03 3.2468E-03 2.8620E-03
  5.7953E-03 1.0895E-02 2.7336E-02 6.1856E-02 3.7850E-02 3.8440E-02 3.7115E-02
  1.6473E-02 2.2094E-02 1.2322E-02 7.0028E-03 4.3853E-03 2.9547E-03 2.6876E-03
  1.2612E-03 1.6096E-03 3.3634E-03 8.2724E-03 1.6762E-02 2.2057E-02 2.5875E-02
  2.7955E-02 1.9935E-02 2.5152E-02 2.3114E-02 2.1315E-02 3.0950E-02 2.1776E-02
  1.0180E-02 9.9559E-03 5.9587E-03 4.5559E-03 3.6127E-03 2.7865E-03 2.6876E-03
  5.7098E-04 1.0294E-03 3.3917E-03 9.3758E-03 1.8039E-02 2.3731E-02 2.7281E-02
  2.5664E-02 2.4845E-02 2.3729E-02 1.4449E-02 1.1462E-02 1.9137E-02 1.0563E-02
  6.9372E-03 3.7706E-03 3.0605E-03 3.1754E-03 2.8883E-03 2.5996E-03 2.6876E-03
  6.3619E-05 1.0139E-04 3.8966E-04 1.5567E-03 4.5706E-03 1.2731E-02 3.1253E-02
  3.4791E-02 2.4682E-02 1.7877E-02 1.4418E-02 1.2861E-02 1.0942E-02 7.7177E-03
  4.3937E-03 2.9080E-03 2.4155E-03 2.0676E-03 1.6998E-03 2.0875E-03 2.6876E-03
  4.9782E-04 8.5806E-04 2.1809E-03 5.0247E-03 9.3547E-03 1.5592E-02 2.4089E-02
  2.7847E-02 2.3543E-02 2.5907E-02 2.6429E-02 2.1938E-02 1.4868E-02 1.0852E-02
  5.2899E-03 2.5372E-03 2.1495E-03 1.7400E-03 1.2958E-03 1.8728E-03 2.6876E-03
  3.2525E-04 8.2903E-04 2.7344E-03 6.4545E-03 1.1175E-02 1.6146E-02 2.0113E-02
  2.0802E-02 2.3762E-02 2.3604E-02 2.4574E-02 2.3799E-02 1.7432E-02 7.1301E-03
  4.4457E-03 4.6670E-03 3.8024E-03 2.4056E-03 1.4441E-03 1.8772E-03 2.6876E-03
  3.1491E-04 7.5428E-04 2.4831E-03 5.9340E-03 1.0380E-02 1.5560E-02 2.1286E-02
  2.2779E-02 2.3976E-02 2.4372E-02 2.2842E-02 2.1141E-02 1.3721E-02 6.4740E-03
  2.6179E-03 2.9349E-03 2.5475E-03 1.7487E-03 1.2239E-03 1.8485E-03 2.6876E-03
  8.8271E-04 1.5105E-03 3.7483E-03 8.3372E-03 1.4864E-02 2.1182E-02 2.7382E-02
  2.3306E-02 2.7302E-02 2.3542E-02 2.0667E-02 1.9806E-02 1.5086E-02 1.1801E-02
  4.8163E-03 4.9123E-03 4.3197E-03 2.7686E-03 1.7093E-03 2.0143E-03 2.6876E-03
  2.1769E-03 3.2053E-03 5.9013E-03 9.2567E-03 1.2419E-02 1.4452E-02 1.3452E-02
  1.2173E-02 1.4426E-02 1.2244E-02 9.7984E-03 9.1366E-03 8.6099E-03 4.0572E-03
  1.5451E-03 2.2350E-03 2.7724E-03 2.1656E-03 1.3299E-03 1.3712E-03 1.6965E-03
  4.5489E-04 9.9260E-04 2.8042E-03 5.6994E-03 8.5586E-03 1.0414E-02 1.0862E-02
  1.1869E-02 9.5575E-03 9.2364E-03 1.2007E-02 7.9000E-03 6.6705E-03 6.5401E-03
  1.5681E-03 2.1484E-03 4.1461E-03 4.0070E-03 2.2267E-03 1.4998E-03 1.6965E-03
  2.3921E-04 3.3254E-04 6.9410E-04 1.4680E-03 2.6475E-03 4.5096E-03 5.9063E-03
  7.9621E-03 8.0352E-03 6.4190E-03 7.5610E-03 8.1660E-03 8.3892E-03 4.9327E-03
  1.8709E-03 1.8310E-03 2.4406E-03 2.1298E-03 1.3612E-03 1.3281E-03 1.6965E-03
  4.0735E-04 5.0193E-04 8.8952E-04 1.7327E-03 3.1139E-03 5.5224E-03 1.0258E-02
  3.2898E-02 3.7367E-02 1.6809E-02 1.3684E-02 1.3096E-02 8.3992E-03 5.1890E-03
  4.2839E-03 2.9652E-03 2.4063E-03 1.9634E-03 1.4137E-03 1.4155E-03 1.6965E-03
  4.2587E-04 5.1394E-04 9.2154E-04 1.8501E-03 3.3514E-03 6.0832E-03 1.3515E-02
  3.6320E-02 4.8872E-02 3.6069E-02 2.1427E-02 1.4352E-02 9.5915E-03 9.2067E-03
  7.1406E-03 3.9442E-03 2.7046E-03 2.1161E-03 1.7362E-03 1.6287E-03 1.6965E-03
  2.2269E-04 3.0401E-04 6.7808E-04 1.6439E-03 3.5305E-03 7.4311E-03 1.7878E-02
  2.8829E-02 3.2031E-02 3.7175E-02 2.7606E-02 2.2164E-02 1.9064E-02 1.0092E-02
  5.6123E-03 3.7507E-03 3.7858E-03 3.3166E-03 2.2582E-03 1.6677E-03 1.6965E-03
  2.3770E-04 3.0776E-04 6.7808E-04 1.9046E-03 4.4693E-03 8.2911E-03 1.5608E-02
  2.8314E-02 4.3940E-02 4.9074E-02 3.6349E-02 3.0237E-02 2.2487E-02 1.1916E-02
  8.7828E-03 5.6370E-03 3.9151E-03 2.6280E-03 1.6832E-03 1.4820E-03 1.6965E-03
  3.0226E-04 3.8208E-04 7.7141E-04 2.0765E-03 5.0223E-03 9.6304E-03 1.5672E-02
  2.6567E-02 4.4523E-02 5.3057E-02 4.0634E-02 2.5143E-02 1.5159E-02 1.1194E-02
  7.9226E-03 4.3569E-03 3.3399E-03 2.6122E-03 1.8453E-03 1.5684E-03 1.6965E-03
  1.9116E-04 2.0743E-04 2.8524E-04 5.7074E-04 1.4270E-03 3.1321E-03 4.8764E-03
  9.4148E-03 1.9364E-02 2.4799E-02 2.4203E-02 3.0111E-02 2.9439E-02 1.9100E-02
  7.5515E-03 4.7513E-03 5.2127E-03 4.9437E-03 3.3043E-03 1.9324E-03 1.6965E-03
  2.0217E-04 2.0192E-04 2.1093E-04 2.4621E-04 3.1952E-04 4.8531E-04 1.0306E-03
  3.3449E-03 1.1889E-02 2.3266E-02 2.7598E-02 3.4361E-02 5.0494E-02 4.1632E-02
  1.8597E-02 6.3632E-03 5.7189E-03 7.4889E-03 6.4633E-03 3.0679E-03 1.6965E-03
  2.1268E-04 2.1143E-04 2.1018E-04 2.1393E-04 2.2895E-04 2.4855E-04 4.2036E-04
  4.0122E-03 1.4979E-02 2.9947E-02 3.9260E-02 3.5029E-02 3.9723E-02 3.7401E-02
  2.3742E-02 1.0868E-02 1.1764E-02 1.3678E-02 1.0376E-02 4.1761E-03 1.6965E-03
  1.9417E-04 1.9417E-04 1.9667E-04 2.0192E-04 2.0768E-04 2.4973E-04 1.4938E-03
  1.3093E-02 2.5583E-02 2.1337E-02 3.5805E-02 5.3083E-02 5.1295E-02 3.8774E-02
  1.1628E-02 8.0970E-03 7.4509E-03 6.5677E-03 3.9011E-03 1.9329E-03 1.6965E-03
  2.6173E-04 2.6348E-04 3.1152E-04 5.2770E-04 1.2511E-03 2.4398E-03 2.1674E-03
  4.1823E-03 8.5936E-03 1.7891E-02 4.0514E-02 2.6523E-02 2.3308E-02 2.0777E-02
  1.0068E-02 1.4340E-02 8.0144E-03 4.4393E-03 2.6996E-03 1.7995E-03 1.6965E-03
  5.2195E-04 7.7767E-04 1.9634E-03 5.1011E-03 1.0399E-02 1.3831E-02 1.6408E-02
  1.7793E-02 1.3672E-02 1.7974E-02 1.6115E-02 1.3739E-02 2.2403E-02 1.4769E-02
  5.3701E-03 6.3242E-03 3.8633E-03 2.7656E-03 2.0570E-03 1.6189E-03 1.6965E-03
  4.4939E-04 8.4323E-04 2.7534E-03 7.2225E-03 1.2935E-02 1.5960E-02 1.7818E-02
  1.7449E-02 1.5970E-02 1.4046E-02 8.7858E-03 6.7133E-03 9.8747E-03 5.9704E-03
  4.5537E-03 2.2872E-03 1.7625E-03 1.7920E-03 1.5934E-03 1.5283E-03 1.6965E-03
  1.3261E-04 1.6764E-04 3.8783E-04 1.2085E-03 3.2015E-03 8.6745E-03 2.1938E-02
  2.4226E-02 1.6928E-02 1.1161E-02 9.7396E-03 9.4857E-03 6.6958E-03 4.8379E-03
  2.6160E-03 1.5331E-03 1.3211E-03 1.1510E-03 9.4206E-04 1.2598E-03 1.6965E-03
  5.9802E-04 8.9152E-04 1.8466E-03 3.8138E-03 6.7348E-03 1.0705E-02 1.6739E-02
  1.8691E-02 1.5172E-02 1.5599E-02 1.7179E-02 1.5208E-02 1.0510E-02 7.4684E-03
  3.4485E-03 1.5377E-03 1.3114E-03 1.0822E-03 8.3121E-04 1.1925E-03 1.6965E-03
  3.3529E-04 7.6716E-04 2.3095E-03 5.0633E-03 8.2146E-03 1.1220E-02 1.3381E-02
  1.3728E-02 1.5239E-02 1.5288E-02 1.5810E-02 1.5961E-02 1.2074E-02 4.8492E-03
  2.8582E-03 3.1587E-03 2.6193E-03 1.5511E-03 8.6975E-04 1.1683E-03 1.6965E-03
  2.3470E-04 5.6824E-04 1.8881E-03 4.4706E-03 7.7617E-03 1.1493E-02 1.3977E-02
  1.3593E-02 1.5185E-02 1.5885E-02 1.4809E-02 1.3592E-02 9.6681E-03 4.8296E-03
  1.9447E-03 2.0561E-03 1.7022E-03 1.0707E-03 7.0085E-04 1.1337E-03 1.6965E-03
  5.7199E-04 1.1047E-03 2.8597E-03 5.8318E-03 9.6536E-03 1.3558E-02 1.6741E-02
  1.3676E-02 1.6720E-02 1.4871E-02 1.3536E-02 1.3040E-02 1.0054E-02 8.5278E-03
  3.1998E-03 3.1091E-03 2.6413E-03 1.6487E-03 1.0056E-03 1.2418E-03 1.6965E-03
  1.5401E-03 2.2647E-03 4.1290E-03 6.4864E-03 8.6894E-03 9.7193E-03 8.6765E-03
  8.1363E-03 7.9553E-03 7.3654E-03 6.5807E-03 5.9136E-03 5.6940E-03 2.7518E-03
  9.9731E-04 1.5187E-03 1.9372E-03 1.4638E-03 8.3352E-04 8.4124E-04 1.0565E-03
  3.1111E-04 7.0592E-04 1.9958E-03 3.9673E-03 5.8172E-03 6.8677E-03 6.4421E-03
  6.3111E-03 5.3598E-03 5.8376E-03 6.3818E-03 4.2405E-03 4.1527E-03 4.3252E-03
  1.0235E-03 1.3241E-03 2.5620E-03 2.4134E-03 1.2829E-03 8.9115E-04 1.0565E-03
  1.4990E-04 2.0512E-04 4.2036E-04 9.3265E-04 1.8209E-03 3.2077E-03 4.0162E-03
  4.9372E-03 4.9780E-03 4.4943E-03 5.0291E-03 5.4946E-03 6.0135E-03 3.5548E-03
  1.3216E-03 1.2571E-03 1.6130E-03 1.2683E-03 7.0215E-04 7.5463E-04 1.0565E-03
  3.0974E-04 3.8109E-04 6.7522E-04 1.3453E-03 2.5597E-03 4.8172E-03 8.1951E-03
  2.3685E-02 2.6004E-02 1.0038E-02 8.7784E-03 9.2617E-03 6.1703E-03 3.3807E-03
  2.8355E-03 1.7772E-03 1.3410E-03 1.0241E-03 7.2736E-04 8.2546E-04 1.0565E-03
  3.7834E-04 4.6101E-04 8.2238E-04 1.6264E-03 3.0225E-03 5.8084E-03 1.1333E-02
  2.6248E-02 3.3649E-02 2.3991E-02 1.4295E-02 8.7371E-03 6.1895E-03 5.8731E-03
  4.4566E-03 2.4017E-03 1.5605E-03 1.1277E-03 8.5479E-04 8.9887E-04 1.0565E-03
  2.3496E-04 3.1043E-04 6.3629E-04 1.3926E-03 2.7638E-03 5.6298E-03 1.3167E-02
  2.0462E-02 2.2615E-02 2.6731E-02 2.0162E-02 1.5390E-02 1.4289E-02 7.4031E-03
  3.4516E-03 2.3633E-03 2.4706E-03 2.0229E-03 1.2023E-03 9.3128E-04 1.0565E-03
  2.4834E-04 3.0717E-04 5.9341E-04 1.4629E-03 3.1778E-03 5.6828E-03 1.1019E-02
  2.1053E-02 3.2248E-02 3.6928E-02 2.5907E-02 2.1132E-02 1.6902E-02 8.8345E-03
  6.0724E-03 3.6247E-03 2.4335E-03 1.5794E-03 9.9354E-04 9.1722E-04 1.0565E-03
  2.9191E-04 3.5468E-04 6.5464E-04 1.6334E-03 3.7896E-03 7.0206E-03 1.1395E-02
  2.1069E-02 3.3145E-02 3.8819E-02 2.8719E-02 1.8837E-02 1.1179E-02 8.5289E-03
  5.2915E-03 2.7719E-03 2.0567E-03 1.5645E-03 1.0757E-03 9.5238E-04 1.0565E-03
  1.9963E-04 2.1524E-04 2.8436E-04 5.0783E-04 1.1222E-03 2.2859E-03 3.3919E-03
  7.1086E-03 1.4766E-02 1.7186E-02 1.7271E-02 2.1339E-02 1.8434E-02 1.2407E-02
  5.0334E-03 3.2830E-03 4.0407E-03 3.8918E-03 2.4563E-03 1.2909E-03 1.0565E-03
  2.0306E-04 2.0478E-04 2.1473E-04 2.4748E-04 3.0940E-04 4.2366E-04 7.3902E-04
  2.3550E-03 8.7911E-03 1.6320E-02 2.0118E-02 2.4509E-02 3.2044E-02 2.7340E-02
  1.3407E-02 4.2946E-03 3.7279E-03 5.0047E-03 4.3686E-03 2.0394E-03 1.0565E-03
  2.1781E-04 2.2210E-04 2.3153E-04 2.4268E-04 2.5212E-04 2.5669E-04 3.8932E-04
  3.2878E-03 1.0821E-02 2.2426E-02 2.9402E-02 2.7495E-02 2.7291E-02 2.5406E-02
  1.7442E-02 7.8045E-03 7.5875E-03 8.2598E-03 6.1640E-03 2.4929E-03 1.0565E-03
  1.8283E-04 1.8626E-04 1.9500E-04 2.0547E-04 2.1696E-04 2.4389E-04 1.0745E-03
  9.9297E-03 1.7916E-02 1.4501E-02 2.2160E-02 3.7984E-02 3.4466E-02 2.3735E-02
  7.8217E-03 5.2746E-03 5.3261E-03 4.9811E-03 3.1086E-03 1.4112E-03 1.0565E-03
  2.0512E-04 2.0735E-04 2.4371E-04 3.8795E-04 8.4450E-04 1.5549E-03 1.3108E-03
  2.8136E-03 6.3650E-03 1.0737E-02 2.3594E-02 1.7865E-02 1.4480E-02 1.1343E-02
  5.6114E-03 7.9253E-03 4.8989E-03 3.3622E-03 2.3033E-03 1.3242E-03 1.0565E-03
  4.3631E-04 6.2205E-04 1.4492E-03 3.5553E-03 6.9676E-03 8.7311E-03 9.5751E-03
  1.0402E-02 8.7487E-03 1.1050E-02 1.0680E-02 8.4973E-03 1.3956E-02 8.4635E-03
  3.1931E-03 3.9493E-03 2.3862E-03 1.7643E-03 1.3587E-03 1.0321E-03 1.0565E-03
  4.0716E-04 6.9855E-04 2.0740E-03 5.2546E-03 9.3305E-03 1.1433E-02 1.2097E-02
  1.3208E-02 1.2562E-02 8.6349E-03 5.5191E-03 4.3474E-03 5.8396E-03 3.2917E-03
  2.5767E-03 1.4064E-03 1.0457E-03 1.0169E-03 9.0693E-04 9.2253E-04 1.0565E-03
  1.4235E-04 1.8094E-04 3.6788E-04 1.0093E-03 2.5383E-03 6.5874E-03 1.5770E-02
  1.7901E-02 1.1810E-02 6.7411E-03 6.1965E-03 6.1142E-03 3.9429E-03 2.7681E-03
  1.4835E-03 8.8557E-04 7.9065E-04 6.6630E-04 5.2481E-04 7.5463E-04 1.0565E-03
  6.7917E-04 9.2511E-04 1.5943E-03 2.9199E-03 4.9996E-03 7.8046E-03 1.1640E-02
  1.2702E-02 1.0158E-02 1.1244E-02 1.2803E-02 1.0700E-02 6.6133E-03 4.6801E-03
  2.2985E-03 1.0611E-03 8.5633E-04 6.6167E-04 4.8982E-04 7.3285E-04 1.0565E-03
  3.2209E-04 6.9495E-04 1.9571E-03 4.1198E-03 6.5318E-03 8.5314E-03 9.3682E-03
  9.3286E-03 1.0026E-02 1.0198E-02 1.0697E-02 1.0756E-02 8.2860E-03 3.3385E-03
  2.0836E-03 2.2277E-03 1.7609E-03 1.0222E-03 5.7077E-04 7.4125E-04 1.0565E-03
  2.1404E-04 4.6804E-04 1.4381E-03 3.2941E-03 5.6237E-03 8.0902E-03 9.5339E-03
  9.2415E-03 1.0302E-02 1.0637E-02 1.0012E-02 9.0626E-03 6.8186E-03 3.3538E-03
  1.3739E-03 1.4350E-03 1.1520E-03 6.6099E-04 3.9687E-04 6.8740E-04 1.0565E-03
  3.4404E-04 6.6905E-04 1.8497E-03 4.1338E-03 6.9987E-03 9.2564E-03 1.0853E-02
  9.2823E-03 1.1935E-02 1.0335E-02 9.2559E-03 9.3092E-03 7.3846E-03 5.4325E-03
  1.9130E-03 2.2252E-03 1.9243E-03 1.1127E-03 6.2103E-04 7.6441E-04 1.0565E-03
  1.5763E-03 2.3235E-03 4.1503E-03 6.2269E-03 8.0216E-03 8.8315E-03 7.6614E-03
  7.2049E-03 8.0662E-03 7.4876E-03 7.1728E-03 6.3151E-03 6.3659E-03 3.1054E-03
  1.0173E-03 1.4376E-03 1.7805E-03 1.2990E-03 7.2754E-04 8.5503E-04 1.1484E-03
  3.3381E-04 7.2308E-04 1.9324E-03 3.6252E-03 5.1878E-03 6.3309E-03 6.5666E-03
  6.1450E-03 5.1882E-03 5.5287E-03 6.6298E-03 4.4886E-03 4.2550E-03 4.6816E-03
  1.0410E-03 1.3787E-03 2.6974E-03 2.4690E-03 1.2131E-03 8.8998E-04 1.1484E-03
  3.2061E-04 3.7625E-04 5.7918E-04 1.0763E-03 1.9865E-03 3.3898E-03 4.2231E-03
  5.1222E-03 5.2853E-03 4.3476E-03 4.7019E-03 6.0289E-03 6.3255E-03 3.5911E-03
  1.2709E-03 1.1425E-03 1.5130E-03 1.2052E-03 6.2037E-04 7.6160E-04 1.1484E-03
  7.8032E-04 8.5575E-04 1.1420E-03 1.8133E-03 3.0824E-03 5.3500E-03 8.6835E-03
  1.7512E-02 2.3990E-02 1.0904E-02 8.2112E-03 9.1479E-03 6.1298E-03 3.2464E-03
  2.9624E-03 1.7470E-03 1.1954E-03 8.9159E-04 6.6174E-04 8.6609E-04 1.1484E-03
  1.1519E-03 1.2479E-03 1.6018E-03 2.3839E-03 3.8338E-03 6.6772E-03 1.2577E-02
  2.3695E-02 3.3341E-02 2.4575E-02 1.4805E-02 8.7196E-03 6.1898E-03 5.8606E-03
  4.6655E-03 2.3190E-03 1.4330E-03 1.0128E-03 8.3506E-04 9.7005E-04 1.1484E-03
  1.0200E-03 1.1234E-03 1.4881E-03 2.2566E-03 3.6885E-03 6.8099E-03 1.4617E-02
  2.1372E-02 2.3188E-02 2.7276E-02 2.1181E-02 1.5674E-02 1.4577E-02 7.3931E-03
  3.5334E-03 2.2188E-03 2.3092E-03 2.0792E-03 1.4872E-03 1.1546E-03 1.1484E-03
  8.8874E-04 9.6078E-04 1.3012E-03 2.2472E-03 3.9991E-03 6.5636E-03 1.2008E-02
  2.1362E-02 3.3094E-02 3.8135E-02 2.6630E-02 2.1377E-02 1.7302E-02 8.6061E-03
  5.5719E-03 3.0297E-03 1.9916E-03 1.3736E-03 1.0164E-03 1.0323E-03 1.1484E-03
  8.0029E-04 8.7804E-04 1.2322E-03 2.2497E-03 4.3765E-03 7.5831E-03 1.1222E-02
  1.9082E-02 3.2944E-02 3.9897E-02 2.8016E-02 1.9099E-02 1.1136E-02 8.0027E-03
  4.9617E-03 2.5439E-03 1.7753E-03 1.3183E-03 1.0139E-03 1.0350E-03 1.1484E-03
  5.4423E-04 5.6455E-04 6.6227E-04 9.3117E-04 1.5758E-03 2.7592E-03 3.8410E-03
  7.1350E-03 1.4401E-02 1.7700E-02 1.7450E-02 2.1110E-02 1.8094E-02 1.2233E-02
  4.8959E-03 3.0397E-03 3.5696E-03 3.4116E-03 2.2347E-03 1.3037E-03 1.1484E-03
  1.0902E-03 1.0925E-03 1.1063E-03 1.1311E-03 1.1569E-03 1.2037E-03 1.4378E-03
  2.8889E-03 8.4917E-03 1.5688E-02 2.0807E-02 2.4465E-02 2.9831E-02 2.5650E-02
  1.1780E-02 3.8582E-03 3.5977E-03 5.1849E-03 4.7486E-03 2.2807E-03 1.1484E-03
  1.7885E-03 1.7814E-03 1.7636E-03 1.7252E-03 1.6548E-03 1.5442E-03 1.4274E-03
  3.8650E-03 1.0247E-02 2.0240E-02 2.7132E-02 2.4666E-02 2.3323E-02 2.3530E-02
  1.5971E-02 7.0106E-03 6.6405E-03 7.0623E-03 5.3781E-03 2.4046E-03 1.1484E-03
  1.8549E-03 1.8670E-03 1.9000E-03 1.9298E-03 1.9414E-03 1.9492E-03 2.4358E-03
  8.5958E-03 1.5763E-02 1.4261E-02 2.1789E-02 3.5101E-02 2.9808E-02 1.8448E-02
  6.9840E-03 4.7858E-03 4.8264E-03 4.5213E-03 3.0612E-03 1.6325E-03 1.1484E-03
  1.7475E-03 1.7716E-03 1.8294E-03 1.9429E-03 2.2557E-03 2.7182E-03 2.6289E-03
  3.9565E-03 7.3394E-03 9.9581E-03 2.0311E-02 1.7227E-02 1.4435E-02 9.9450E-03
  5.3968E-03 8.0394E-03 4.8574E-03 3.4440E-03 2.8221E-03 1.7709E-03 1.1484E-03
  1.4447E-03 1.6320E-03 2.4701E-03 4.6043E-03 7.9555E-03 9.5922E-03 9.0913E-03
  8.8747E-03 8.3743E-03 1.0204E-02 1.0396E-02 8.3818E-03 1.2512E-02 7.2413E-03
  3.0835E-03 4.1488E-03 2.2941E-03 1.6063E-03 1.4231E-03 1.2154E-03 1.1484E-03
  6.7154E-04 9.2690E-04 2.2373E-03 5.4194E-03 9.4788E-03 1.1317E-02 1.1245E-02
  1.3107E-02 1.2774E-02 8.0632E-03 5.2691E-03 4.2465E-03 5.3119E-03 2.9062E-03
  2.4724E-03 1.3763E-03 9.9055E-04 9.1156E-04 8.5682E-04 9.8182E-04 1.1484E-03
  3.8873E-04 4.3955E-04 6.9098E-04 1.4453E-03 2.9003E-03 6.3494E-03 1.4535E-02
  1.7867E-02 1.2851E-02 6.9063E-03 5.7713E-03 5.8203E-03 3.8838E-03 3.2320E-03
  1.6147E-03 8.5717E-04 6.6958E-04 5.3228E-04 4.1994E-04 7.6231E-04 1.1484E-03
  1.2440E-03 1.4981E-03 2.1787E-03 3.5116E-03 5.5453E-03 8.1822E-03 1.1515E-02
  1.2911E-02 1.0386E-02 1.0621E-02 1.2127E-02 1.0063E-02 6.7898E-03 5.4603E-03
  2.1206E-03 8.3990E-04 6.7975E-04 4.7843E-04 4.2047E-04 8.0136E-04 1.1484E-03
  5.7632E-04 9.8966E-04 2.3870E-03 4.7274E-03 7.2101E-03 9.1761E-03 9.8141E-03
  9.6737E-03 9.9762E-03 9.7226E-03 1.0277E-02 1.0270E-02 7.2415E-03 3.2040E-03
  1.8582E-03 1.9559E-03 1.6163E-03 9.5757E-04 6.0057E-04 8.3471E-04 1.1484E-03
  3.3060E-04 6.0646E-04 1.6305E-03 3.5432E-03 5.9260E-03 8.4133E-03 9.7633E-03
  9.0341E-03 1.0036E-02 1.0512E-02 9.9660E-03 9.0486E-03 6.3381E-03 3.6179E-03
  1.3648E-03 1.4604E-03 1.1111E-03 6.0361E-04 3.6733E-04 7.2914E-04 1.1484E-03
  4.2368E-04 7.9619E-04 2.1480E-03 4.7452E-03 7.8777E-03 9.7013E-03 9.9148E-03
  8.5067E-03 1.1298E-02 1.0452E-02 9.4352E-03 9.5359E-03 8.2634E-03 6.0073E-03
  2.0314E-03 2.5367E-03 2.1218E-03 1.1218E-03 5.6420E-04 7.8692E-04 1.1484E-03
 /EOF
1
  15:17:41.9452       0.0000    CSP                   NEW LIBRARIES ON THE CRAY
  15:17:41.9455       0.0001    CSP
  15:17:41.9458       0.0001    CSP     NAG Mark 13 is now available on the Cray. Some users testing this
  15:17:41.9461       0.0002    CSP     library in their jobs have experienced problems with the BLAS
  15:17:41.9464       0.0002    CSP     routines. These problems have now been resolved. In addition
  15:17:41.9467       0.0003    CSP     the warning messages seen in jobs using NAG Mark 12 are not
  15:17:41.9470       0.0003    CSP     issued when the new version of this library is employed.
  15:17:41.9473       0.0004    CSP
  15:17:41.9476       0.0004    CSP     NAG Mark 13 may be accessed as follows:
  15:17:41.9479       0.0005    CSP
  15:17:41.9482       0.0005    CSP     NEW,ID=NEWNAG,OWN=DJB.
  15:17:41.9485       0.0006    CSP     SEGLDR,CMD='LIB=$NAG',GO.
  15:17:41.9488       0.0006    CSP
  15:17:41.9491       0.0006    CSP     We would also like to remind users that a new version of IMSL
  15:17:41.9494       0.0007    CSP     (Version 2.1) is also available for testing. This is accessed
  15:17:41.9497       0.0007    CSP     as follows:
  15:17:41.9500       0.0008    CSP
  15:17:41.9503       0.0008    CSP     NEW,ID=NEWIMSL,OWN=DJB.
  15:17:41.9506       0.0009    CSP     SEGLDR,CMD='LIB=$IMSL',GO.
  15:17:41.9509       0.0009    CSP
  15:17:41.9512       0.0010    CSP     If you encounter any problems with either of these libraries please
  15:17:41.9515       0.0010    CSP     contact User Support.
  15:17:41.9518       0.0011    CSP     ************************************************************************
  15:17:41.9521       0.0011    CSP     *                                                                      *
  15:17:41.9524       0.0012    CSP     *  The Cray system is unavailable for routine preventive maintenance   *
  15:17:41.9527       0.0012    CSP     *  every Monday 0800-1200 and Thursday 0700-0900 (sometimes till 1100) *
  15:17:41.9530       0.0012    CSP     *                                                                      *
  15:17:41.9533       0.0013    CSP     *  System Development is scheduled on all Atlas Centre mainframe       *
  15:17:41.9536       0.0013    CSP     *  every Tuesday 0730-0830 and Thursday 1800-1900, during which the    *
  15:17:41.9539       0.0014    CSP     *  services may be interrupted.                                        *
  15:17:41.9542       0.0014    CSP     *                                                                      *
  15:17:41.9545       0.0015    CSP     ************************************************************************
  15:17:42.0642       0.0015    CSP             Cray XMP-48 Sn 220/126     -   Atlas Centre     10/24/89
  15:17:42.0645       0.0015    CSP
  15:17:42.0648       0.0015    CSP             CRAY OPERATING SYSTEM           COS 1.17  ASSEMBLY DATE 10/19/89
  15:17:42.0653       0.0015    CSP
  15:17:42.0655       0.0015    CSP
  15:17:42.1322       0.0015    CSP     JOB,JN=dmsp2,US=DR5,T=3,MFL=1000000.
  15:17:42.2129       0.0025    CSP     ACCOUNT,AC=,UPW=.
  15:17:42.2132       0.0025    CSP
  15:17:42.2135       0.0025    CSP     .......................................................................
  15:17:42.2138       0.0025    CSP
  15:17:57.1149       0.0149    USER    Account=CRAY15  ,  Username=DR5
  15:17:57.1152       0.0149    USER    COS filespace: Used        942487Kb,  Limit        840000Kb
  15:17:57.1156       0.0149    USER            0.08 AUs estimated for this job
  15:17:57.1160       0.0149    USER    Last Job Tuesday 24 Oct 89 15:05:54
  15:17:57.8476       0.0161    USER    NOTE,TEXT=' //* *FILE SITE=UCL.PH.APG,USER=CRAY,PSWD=CRAYJOBS'.
  15:17:58.0075       0.0172    USER    NOTE,TEXT=' //* *FILE DEV=FILE,FILE=dmsp2.LOG'.
  15:17:58.0085       0.0172    EXP     *.
  15:17:58.1728       0.0180    CSP     CFT.
  15:17:58.2429       0.0183    USER    CF000 - (C) COPYRIGHT CRAY RESEARCH, INC.
  15:17:58.2432       0.0183    USER    CF000 - UNPUBLISHED - ALL RIGHTS RESERVED UNDER
  15:17:58.2435       0.0183    USER    CF000 - THE COPYRIGHT LAWS OF THE UNITED STATES.
  15:17:58.2439       0.0183    USER    CF000 - CFT VERSION -   05/16/89 1.15BF3
  15:17:58.2444       0.0183    USER    CF998 - REVISION 1
  15:17:58.2573       0.0309    USER    CF001 - COMPILE TIME =    0.0125 SECONDS
  15:17:58.2576       0.0309    USER    CF002 -        8 LINES,        8 STATEMENTS
  15:17:58.2579       0.0309    USER    CF003 -    70180 WORDS,     6350 I/O BUFFERS USED
  15:17:58.2582       0.0309    EXP     *.
  15:17:58.2646       0.0311    CSP     ACCESS,DN=DMSPMOD,ID=STARTDAT.
  15:17:58.6070       0.0312    PDM     PD000 - PDN = DMSPMOD          ID = STARTDAT  ED =    1  OWN = DR5
  15:17:58.6072       0.0312    PDM     PD000 - ACCESS  COMPLETE, SIZE =      93
  15:17:58.6118       0.0312    CSP     ASSIGN,DN=DMSPMOD,A=FT39.
  15:17:58.7490       0.0322    CSP     LDR(SET=ZERO)
  15:18:08.8376       0.1871    USER    LD000 - BEGIN EXECUTION
  15:18:17.6246       1.0741    CSP     EXIT.
  15:18:17.6249       1.0741    CSP     END OF JOB
  15:18:17.6387       1.0741    CSP
  15:18:17.6390       1.0741    CSP
  15:18:19.1170       1.0742    USER        JOB NAME -                        DMSP2
  15:18:19.1173       1.0742    USER        USER NUMBER -                     DR5
  15:18:19.1176       1.0742    USER        JOB SEQUENCE NUMBER -                  47660
  15:18:19.1179       1.0742    USER
  15:18:19.1185       1.0742    USER        TIME EXECUTING IN CPU -           0000:00:01.0742
  15:18:19.1202       1.0743    USER        TIME WAITING TO EXECUTE -         0000:00:28.1918
  15:18:19.1206       1.0743    USER        TIME WAITING FOR I/O -            0000:00:09.0758
  15:18:19.1209       1.0743    USER        TIME WAITING IN INPUT QUEUE -     0000:00:03.2865
  15:18:19.1212       1.0743    USER        MEMORY * CPU TIME (MWDS*SEC) -             0.14500
  15:18:19.1215       1.0743    USER        MEMORY * I/O WAIT TIME (MWDS*SEC) -        1.05267
  15:18:19.1219       1.0743    USER        MINIMUM JOB SIZE (WORDS) -             56320
  15:18:19.1222       1.0744    USER        MAXIMUM JOB SIZE (WORDS) -            153088
  15:18:19.1225       1.0744    USER        MINIMUM FL (WORDS) -                   50688
  15:18:19.1228       1.0744    USER        MAXIMUM FL (WORDS) -                  147456
  15:18:19.1240       1.0744    USER        MINIMUM JTA (WORDS) -                   5632
  15:18:19.1243       1.0744    USER        MAXIMUM JTA (WORDS) -                   5632
  15:18:19.1246       1.0744    USER        DISK SECTORS MOVED -                    1326
  15:18:19.1249       1.0744    USER        FSS SECTORS MOVED -                        0
  15:18:19.1252       1.0744    USER        USER I/O REQUESTS -                      420
  15:18:19.1255       1.0744    USER        USER I/O SUSPENSIONS -                   398
  15:18:19.1259       1.0744    USER        OPEN CALLS -                              34
  15:18:19.1262       1.0744    USER        CLOSE CALLS -                              8
  15:18:19.1265       1.0744    USER        MEMORY RESIDENT DATASETS -                 0
  15:18:19.1270       1.0744    USER        PEAK DISK UTILISATION (SECTORS) -        882
  15:18:19.1274       1.0745    USER        SECTORS RECEIVED FROM FRONT END -          0
  15:18:19.1278       1.0745    USER        SECTORS QUEUED TO FRONT END -              0
  15:18:32.7419       1.0866    USER           49560436 INSTRUCTIONS ISSUED,          45 MILLION/SEC                   
  15:18:32.7423       1.0867    USER              99394 FLOATING POINT ADDS,           0 MILLION/SEC                   
  15:18:32.7427       1.0868    USER             292684 FLOATING POINT MULTIPLIES,     0 MILLION/SEC                   
  15:18:32.7431       1.0869    USER               4166 FLOATING POINT RECIPROCALS,    0 MILLION/SEC                   
  15:18:32.7434       1.0870    USER             396244 FLOATING POINT OPERATIONS,     0 MILLION/SEC                   
  15:18:44.3596       1.0873    USER    End job on Tuesday 24 Oct 89 at 15:19:25
  15:18:44.3599       1.0874    USER             0.045 AUs used in this job
+
