  0.323345E-03 0.161672E-03 0.000000E+00 0.000000E+00 0.000000E+00 0.165901E-04
  0.553417E-03 0.271112E-02 0.790951E-02 0.146158E-01 0.163102E-01 0.121876E-01
  0.642336E-02 0.380863E-02 0.306556E-02 0.237744E-02 0.244685E-02 0.250592E-02
  0.217947E-02 0.237845E-02 0.283548E-02 0.000000E+00 0.000000E+00 0.000000E+00
  0.000000E+00 0.000000E+00 0.000000E+00 0.353192E-03 0.183685E-02 0.555717E-02
  0.118400E-01 0.155199E-01 0.131682E-01 0.787406E-02 0.471399E-02 0.348715E-02
  0.290570E-02 0.248416E-02 0.243566E-02 0.208433E-02 0.225160E-02 0.283548E-02
  0.174109E-03 0.167890E-03 0.113792E-03 0.783489E-04 0.117523E-03 0.229700E-03
  0.777271E-03 0.144075E-02 0.371038E-02 0.860967E-02 0.120850E-01 0.128163E-01
  0.111653E-01 0.762471E-02 0.617339E-02 0.501634E-02 0.366374E-02 0.276211E-02
  0.219315E-02 0.235855E-02 0.283548E-02 0.152967E-03 0.146749E-03 0.140531E-03
  0.152967E-03 0.187789E-03 0.287318E-03 0.656638E-03 0.142023E-02 0.345046E-02
  0.685055E-02 0.123816E-01 0.183417E-01 0.178094E-01 0.133697E-01 0.105361E-01
  0.833489E-02 0.632636E-02 0.444474E-02 0.301643E-02 0.262407E-02 0.283548E-02
  0.150480E-03 0.125607E-03 0.100734E-03 0.106331E-03 0.111927E-03 0.126858E-03
  0.143018E-03 0.422835E-03 0.141028E-02 0.431168E-02 0.944477E-02 0.166815E-01
  0.213022E-01 0.221398E-01 0.196003E-01 0.140134E-01 0.933657E-02 0.609940E-02
  0.378935E-02 0.282989E-02 0.283548E-02 0.373090E-04 0.186545E-04 0.000000E+00
  0.000000E+00 0.000000E+00 0.000000E+00 0.528544E-04 0.245618E-03 0.861216E-03
  0.214838E-02 0.554660E-02 0.119296E-01 0.198857E-01 0.264863E-01 0.269433E-01
  0.204928E-01 0.139536E-01 0.888887E-02 0.497142E-02 0.304690E-02 0.283548E-02
  0.000000E+00 0.000000E+00 0.559635E-05 0.111927E-04 0.111927E-04 0.194877E-04
  0.559635E-04 0.157941E-03 0.448330E-03 0.102351E-02 0.280501E-02 0.770431E-02
  0.173624E-01 0.332149E-01 0.421051E-01 0.313554E-01 0.196152E-01 0.113985E-01
  0.577605E-02 0.318557E-02 0.283548E-02 0.534762E-04 0.534762E-04 0.640471E-04
  0.870543E-04 0.932725E-04 0.812478E-04 0.808361E-04 0.126851E-03 0.295363E-03
  0.689595E-03 0.149609E-02 0.435893E-02 0.139362E-01 0.353248E-01 0.526604E-01
  0.372690E-01 0.220067E-01 0.122734E-01 0.590974E-02 0.319925E-02 0.283548E-02
  0.920289E-04 0.876761E-04 0.833234E-04 0.833234E-04 0.895416E-04 0.109861E-03
  0.100112E-03 0.146127E-03 0.282927E-03 0.524191E-03 0.111740E-02 0.284046E-02
  0.103141E-01 0.316772E-01 0.492752E-01 0.358115E-01 0.203701E-01 0.111405E-01
  0.558889E-02 0.317313E-02 0.283548E-02 0.994906E-04 0.994906E-04 0.932725E-04
  0.870543E-04 0.951379E-04 0.165434E-03 0.262407E-03 0.154210E-03 0.236290E-03
  0.448330E-03 0.905987E-03 0.197365E-02 0.669510E-02 0.229705E-01 0.396787E-01
  0.329157E-01 0.196618E-01 0.106337E-01 0.541291E-02 0.319800E-02 0.283548E-02
  0.118145E-03 0.115036E-03 0.105709E-03 0.932725E-04 0.901634E-04 0.130600E-03
  0.189654E-03 0.121254E-03 0.167890E-03 0.292254E-03 0.444599E-03 0.988688E-03
  0.359721E-02 0.162543E-01 0.353689E-01 0.301572E-01 0.189374E-01 0.109409E-01
  0.558080E-02 0.319303E-02 0.283548E-02 0.634253E-04 0.634253E-04 0.509890E-04
  0.267381E-04 0.932726E-05 0.373091E-05 0.292254E-04 0.907852E-04 0.146127E-03
  0.152345E-03 0.275465E-03 0.735609E-03 0.477866E-02 0.228157E-01 0.442211E-01
  0.303604E-01 0.169122E-01 0.959152E-02 0.478363E-02 0.289829E-02 0.283548E-02
  0.335781E-04 0.397963E-04 0.478799E-04 0.497453E-04 0.435272E-04 0.290140E-04
  0.230072E-04 0.429054E-04 0.528544E-04 0.957598E-04 0.286657E-03 0.165528E-02
  0.104117E-01 0.361064E-01 0.463645E-01 0.282419E-01 0.179145E-01 0.114072E-01
  0.576735E-02 0.308608E-02 0.283548E-02 0.140531E-03 0.142396E-03 0.152967E-03
  0.155454E-03 0.143018E-03 0.787344E-04 0.205199E-04 0.870544E-05 0.211418E-04
  0.143018E-03 0.129089E-02 0.385899E-02 0.142166E-01 0.344200E-01 0.406494E-01
  0.241934E-01 0.145468E-01 0.883850E-02 0.519901E-02 0.333978E-02 0.283548E-02
  0.895417E-04 0.447709E-04 0.000000E+00 0.677780E-04 0.135556E-03 0.127261E-03
  0.000000E+00 0.174109E-04 0.715088E-04 0.237534E-03 0.134499E-02 0.628905E-02
  0.179786E-01 0.263768E-01 0.298167E-01 0.239529E-01 0.153645E-01 0.881736E-02
  0.518719E-02 0.340445E-02 0.283548E-02 0.000000E+00 0.000000E+00 0.000000E+00
  0.000000E+00 0.000000E+00 0.000000E+00 0.000000E+00 0.932725E-05 0.270490E-03
  0.103222E-02 0.374955E-02 0.104310E-01 0.185705E-01 0.200038E-01 0.199914E-01
  0.179719E-01 0.123368E-01 0.756751E-02 0.417550E-02 0.281372E-02 0.283548E-02
  0.000000E+00 0.000000E+00 0.000000E+00 0.000000E+00 0.000000E+00 0.000000E+00
  0.000000E+00 0.559636E-05 0.177218E-03 0.160491E-02 0.542722E-02 0.117026E-01
  0.153968E-01 0.144168E-01 0.126303E-01 0.106172E-01 0.909469E-02 0.682444E-02
  0.398957E-02 0.271858E-02 0.283548E-02 0.000000E+00 0.000000E+00 0.000000E+00
  0.000000E+00 0.000000E+00 0.000000E+00 0.000000E+00 0.727525E-04 0.835099E-03
  0.428307E-02 0.957038E-02 0.129823E-01 0.119507E-01 0.102594E-01 0.838147E-02
  0.653790E-02 0.592716E-02 0.484955E-02 0.322039E-02 0.257121E-02 0.283548E-02
  0.000000E+00 0.000000E+00 0.000000E+00 0.000000E+00 0.000000E+00 0.000000E+00
  0.000000E+00 0.250592E-03 0.223978E-02 0.817813E-02 0.138696E-01 0.141731E-01
  0.104689E-01 0.768005E-02 0.586870E-02 0.408016E-02 0.337833E-02 0.284294E-02
  0.212848E-02 0.225346E-02 0.283548E-02 0.000000E+00 0.000000E+00 0.000000E+00
  0.000000E+00 0.000000E+00 0.000000E+00 0.138043E-03 0.134685E-02 0.491670E-02
  0.110173E-01 0.144690E-01 0.132534E-01 0.880430E-02 0.492106E-02 0.387578E-02
  0.337242E-02 0.303757E-02 0.273102E-02 0.211729E-02 0.226030E-02 0.283548E-02
  0.238570E-03 0.119285E-03 0.000000E+00 0.000000E+00 0.000000E+00 0.106084E-04
  0.330022E-03 0.155667E-02 0.440758E-02 0.855074E-02 0.970383E-02 0.775153E-02
  0.456861E-02 0.316304E-02 0.247516E-02 0.168991E-02 0.166601E-02 0.171174E-02
  0.155269E-02 0.174355E-02 0.207556E-02 0.660043E-04 0.902589E-04 0.966208E-04
  0.500997E-04 0.107356E-04 0.954756E-05 0.209146E-03 0.105050E-02 0.331095E-02
  0.699566E-02 0.833245E-02 0.800004E-02 0.542667E-02 0.361910E-02 0.269822E-02
  0.211915E-02 0.178729E-02 0.172526E-02 0.145965E-02 0.162029E-02 0.207556E-02
  0.408750E-03 0.422666E-03 0.363421E-03 0.302984E-03 0.353879E-03 0.372424E-03
  0.397219E-03 0.840561E-03 0.218450E-02 0.472249E-02 0.722549E-02 0.915989E-02
  0.815551E-02 0.556862E-02 0.460122E-02 0.364750E-02 0.262944E-02 0.197138E-02
  0.149663E-02 0.166204E-02 0.207556E-02 0.310936E-03 0.302984E-03 0.272765E-03
  0.264812E-03 0.295827E-03 0.309344E-03 0.400002E-03 0.985293E-03 0.212287E-02
  0.379883E-02 0.797101E-02 0.128951E-01 0.129524E-01 0.100072E-01 0.806962E-02
  0.624697E-02 0.465132E-02 0.326403E-02 0.215866E-02 0.187556E-02 0.207556E-02
  0.178132E-03 0.166601E-03 0.147516E-03 0.135985E-03 0.124851E-03 0.133607E-03
  0.147913E-03 0.322864E-03 0.793245E-03 0.244852E-02 0.624417E-02 0.116959E-01
  0.159349E-01 0.164577E-01 0.151591E-01 0.104028E-01 0.678294E-02 0.444973E-02
  0.273799E-02 0.204375E-02 0.207556E-02 0.397616E-04 0.397616E-04 0.377736E-04
  0.357855E-04 0.377736E-04 0.477179E-04 0.974160E-04 0.210737E-03 0.471175E-03
  0.113718E-02 0.334793E-02 0.820084E-02 0.145150E-01 0.205210E-01 0.212685E-01
  0.157776E-01 0.105806E-01 0.664019E-02 0.361234E-02 0.219484E-02 0.207556E-02
  0.771376E-04 0.807161E-04 0.807161E-04 0.771376E-04 0.775352E-04 0.779328E-04
  0.950303E-04 0.160239E-03 0.310141E-03 0.594437E-03 0.168351E-02 0.508869E-02
  0.126693E-01 0.269993E-01 0.344543E-01 0.236830E-01 0.143921E-01 0.844577E-02
  0.445211E-02 0.242347E-02 0.207556E-02 0.103380E-03 0.104573E-03 0.105766E-03
  0.105766E-03 0.106959E-03 0.115047E-03 0.125647E-03 0.160637E-03 0.245727E-03
  0.416304E-03 0.817499E-03 0.252566E-02 0.948116E-02 0.281954E-01 0.428328E-01
  0.289789E-01 0.168784E-01 0.934518E-02 0.442825E-02 0.232963E-02 0.207556E-02
  0.141551E-03 0.132009E-03 0.115706E-03 0.119683E-03 0.154673E-03 0.212874E-03
  0.163818E-03 0.152287E-03 0.221472E-03 0.344336E-03 0.651296E-03 0.163221E-02
  0.691375E-02 0.236578E-01 0.394221E-01 0.302952E-01 0.172975E-01 0.910621E-02
  0.435231E-02 0.238252E-02 0.207556E-02 0.141551E-03 0.138370E-03 0.132009E-03
  0.128828E-03 0.128430E-03 0.154553E-03 0.191651E-03 0.146720E-03 0.184096E-03
  0.301791E-03 0.596425E-03 0.137297E-02 0.479366E-02 0.190911E-01 0.362702E-01
  0.322766E-01 0.191301E-01 0.975711E-02 0.440599E-02 0.234951E-02 0.207556E-02
  0.103380E-03 0.111333E-03 0.125249E-03 0.133201E-03 0.129225E-03 0.125913E-03
  0.184892E-03 0.280320E-03 0.202784E-03 0.222665E-03 0.357855E-03 0.753483E-03
  0.301791E-02 0.145229E-01 0.334475E-01 0.306888E-01 0.185249E-01 0.964021E-02
  0.426046E-02 0.225448E-02 0.207556E-02 0.102585E-03 0.106561E-03 0.114116E-03
  0.118092E-03 0.114514E-03 0.100459E-03 0.938375E-04 0.164216E-03 0.196820E-03
  0.176144E-03 0.270379E-03 0.626643E-03 0.397736E-02 0.169488E-01 0.358137E-01
  0.284517E-01 0.159687E-01 0.822628E-02 0.364256E-02 0.207158E-02 0.207556E-02
  0.106561E-03 0.107754E-03 0.115706E-03 0.129225E-03 0.143937E-03 0.153481E-03
  0.145925E-03 0.130418E-03 0.118887E-03 0.132804E-03 0.250101E-03 0.127993E-02
  0.704497E-02 0.240661E-01 0.313592E-01 0.212588E-01 0.138374E-01 0.829308E-02
  0.413322E-02 0.228987E-02 0.207556E-02 0.155866E-03 0.155866E-03 0.159842E-03
  0.158649E-03 0.151890E-03 0.113170E-03 0.902589E-04 0.763423E-04 0.795233E-04
  0.152287E-03 0.824657E-03 0.264813E-02 0.883583E-02 0.231154E-01 0.285123E-01
  0.177647E-01 0.107631E-01 0.637578E-02 0.382706E-02 0.250101E-02 0.207556E-02
  0.102585E-03 0.703782E-04 0.425450E-04 0.942351E-04 0.137973E-03 0.124847E-03
  0.481116E-04 0.624258E-04 0.109344E-03 0.249703E-03 0.830222E-03 0.404495E-02
  0.112720E-01 0.190637E-01 0.236355E-01 0.174220E-01 0.105309E-01 0.590421E-02
  0.359286E-02 0.247119E-02 0.207556E-02 0.238570E-04 0.238570E-04 0.278331E-04
  0.357855E-04 0.477140E-04 0.848394E-04 0.974160E-04 0.536782E-04 0.218689E-03
  0.858851E-03 0.229623E-02 0.657459E-02 0.119981E-01 0.145468E-01 0.156840E-01
  0.130458E-01 0.829229E-02 0.481116E-02 0.264614E-02 0.194832E-02 0.207556E-02
  0.182903E-04 0.139165E-04 0.954277E-05 0.135189E-04 0.258450E-04 0.463946E-04
  0.401592E-04 0.962232E-04 0.194434E-03 0.106084E-02 0.334554E-02 0.755352E-02
  0.109193E-01 0.114335E-01 0.105746E-01 0.865335E-02 0.686405E-02 0.485012E-02
  0.281830E-02 0.197138E-02 0.207556E-02 0.000000E+00 0.000000E+00 0.000000E+00
  0.675948E-05 0.230618E-04 0.273004E-04 0.254475E-04 0.104971E-03 0.631017E-03
  0.276264E-02 0.615351E-02 0.892609E-02 0.877977E-02 0.794557E-02 0.688751E-02
  0.537917E-02 0.453283E-02 0.357815E-02 0.237775E-02 0.189067E-02 0.207556E-02
  0.000000E+00 0.000000E+00 0.119285E-05 0.119285E-05 0.000000E+00 0.000000E+00
  0.159047E-04 0.217496E-03 0.149305E-02 0.524337E-02 0.891814E-02 0.958733E-02
  0.727201E-02 0.546285E-02 0.433004E-02 0.320120E-02 0.279604E-02 0.244017E-02
  0.184852E-02 0.176383E-02 0.207556E-02 0.000000E+00 0.000000E+00 0.000000E+00
  0.000000E+00 0.000000E+00 0.000000E+00 0.120478E-03 0.906962E-03 0.285091E-02
  0.664417E-02 0.947520E-02 0.936705E-02 0.666684E-02 0.407875E-02 0.292407E-02
  0.244117E-02 0.223341E-02 0.209027E-02 0.170896E-02 0.173560E-02 0.207556E-02
  0.140120E-03 0.700602E-04 0.000000E+00 0.000000E+00 0.000000E+00 0.150204E-04
  0.223943E-03 0.952069E-03 0.240582E-02 0.475033E-02 0.568739E-02 0.471656E-02
  0.298507E-02 0.184909E-02 0.138494E-02 0.992533E-03 0.101838E-02 0.107217E-02
  0.983346E-03 0.107968E-02 0.126609E-02 0.500430E-06 0.700602E-05 0.157636E-04
  0.157636E-04 0.112597E-04 0.216917E-04 0.172899E-03 0.661319E-03 0.185610E-02
  0.360535E-02 0.484517E-02 0.459845E-02 0.343095E-02 0.226470E-02 0.161639E-02
  0.131953E-02 0.111371E-02 0.104865E-02 0.905028E-03 0.100611E-02 0.126609E-02
  0.142623E-03 0.164391E-03 0.202174E-03 0.226445E-03 0.227195E-03 0.216351E-03
  0.249214E-03 0.465150E-03 0.112021E-02 0.269657E-02 0.425616E-02 0.550648E-02
  0.523550E-02 0.366215E-02 0.291801E-02 0.231849E-02 0.172148E-02 0.129987E-02
  0.994855E-03 0.105165E-02 0.126609E-02 0.173649E-03 0.183408E-03 0.209680E-03
  0.227696E-03 0.225944E-03 0.225028E-03 0.270733E-03 0.478912E-03 0.942560E-03
  0.220465E-02 0.486393E-02 0.818404E-02 0.845352E-02 0.653312E-02 0.503508E-02
  0.400666E-02 0.308140E-02 0.216711E-02 0.143548E-02 0.119528E-02 0.126609E-02
  0.164642E-03 0.161889E-03 0.161139E-03 0.160888E-03 0.156635E-03 0.164647E-03
  0.168645E-03 0.253468E-03 0.488170E-03 0.141922E-02 0.365940E-02 0.715665E-02
  0.101295E-01 0.105844E-01 0.101147E-01 0.701697E-02 0.453390E-02 0.293252E-02
  0.180355E-02 0.129887E-02 0.126609E-02 0.112597E-03 0.110095E-03 0.105090E-03
  0.102588E-03 0.103839E-03 0.111766E-03 0.147627E-03 0.302760E-03 0.545469E-03
  0.696849E-03 0.208304E-02 0.521198E-02 0.923794E-02 0.137030E-01 0.145976E-01
  0.103925E-01 0.666698E-02 0.408726E-02 0.226194E-02 0.137994E-02 0.126609E-02
  0.147627E-03 0.147627E-03 0.145375E-03 0.142873E-03 0.142873E-03 0.143457E-03
  0.161639E-03 0.204926E-03 0.303261E-03 0.403847E-03 0.107918E-02 0.326931E-02
  0.816402E-02 0.184434E-01 0.236721E-01 0.159463E-01 0.914036E-02 0.498153E-02
  0.248664E-02 0.140871E-02 0.126609E-02 0.184659E-03 0.186410E-03 0.188162E-03
  0.188162E-03 0.190664E-03 0.194167E-03 0.207428E-03 0.209180E-03 0.238455E-03
  0.308265E-03 0.503933E-03 0.152506E-02 0.585028E-02 0.185049E-01 0.282410E-01
  0.190917E-01 0.108506E-01 0.575695E-02 0.261875E-02 0.138444E-02 0.126609E-02
  0.202174E-03 0.196169E-03 0.189413E-03 0.191164E-03 0.194417E-03 0.198506E-03
  0.201673E-03 0.208429E-03 0.243710E-03 0.294753E-03 0.407100E-03 0.996607E-03
  0.446934E-02 0.160448E-01 0.267950E-01 0.200283E-01 0.114651E-01 0.593685E-02
  0.273860E-02 0.145125E-02 0.126609E-02 0.184659E-03 0.184659E-03 0.187161E-03
  0.191915E-03 0.191915E-03 0.193669E-03 0.209430E-03 0.204426E-03 0.217937E-03
  0.262225E-03 0.408351E-03 0.934303E-03 0.330009E-02 0.132309E-01 0.261062E-01
  0.242519E-01 0.144074E-01 0.724373E-02 0.316397E-02 0.153707E-02 0.126609E-02
  0.180155E-03 0.182657E-03 0.190163E-03 0.193917E-03 0.191415E-03 0.190164E-03
  0.207679E-03 0.281492E-03 0.217687E-03 0.198921E-03 0.292752E-03 0.605521E-03
  0.254594E-02 0.114586E-01 0.259273E-01 0.250435E-01 0.148378E-01 0.735758E-02
  0.307139E-02 0.147752E-02 0.126609E-02 0.180155E-03 0.182407E-03 0.189663E-03
  0.199672E-03 0.202174E-03 0.199338E-03 0.194417E-03 0.204676E-03 0.195168E-03
  0.176151E-03 0.215936E-03 0.459895E-03 0.258948E-02 0.113130E-01 0.257331E-01
  0.237485E-01 0.131476E-01 0.622285E-02 0.260224E-02 0.138144E-02 0.126609E-02
  0.142623E-03 0.155634E-03 0.180405E-03 0.199672E-03 0.214685E-03 0.231203E-03
  0.233951E-03 0.205176E-03 0.170647E-03 0.172648E-03 0.238955E-03 0.972336E-03
  0.451363E-02 0.145405E-01 0.196972E-01 0.151638E-01 0.968208E-02 0.528104E-02
  0.240081E-02 0.132464E-02 0.126609E-02 0.176652E-03 0.185660E-03 0.206427E-03
  0.228446E-03 0.255720E-03 0.223000E-03 0.162139E-03 0.145875E-03 0.140871E-03
  0.197170E-03 0.628290E-03 0.188612E-02 0.522249E-02 0.135369E-01 0.164747E-01
  0.106741E-01 0.641376E-02 0.363513E-02 0.199547E-02 0.133515E-02 0.126609E-02
  0.144124E-03 0.123857E-03 0.108343E-03 0.152131E-03 0.205176E-03 0.191150E-03
  0.109344E-03 0.119102E-03 0.159137E-03 0.286496E-03 0.911783E-03 0.263727E-02
  0.650209E-02 0.118514E-01 0.151493E-01 0.108432E-01 0.620559E-02 0.329008E-02
  0.181856E-02 0.130487E-02 0.126609E-02 0.105090E-03 0.975839E-04 0.888264E-04
  0.900775E-04 0.950818E-04 0.102591E-03 0.913285E-04 0.110095E-03 0.253968E-03
  0.664321E-03 0.171773E-02 0.399719E-02 0.729377E-02 0.981344E-02 0.107905E-01
  0.812708E-02 0.498429E-02 0.289499E-02 0.160513E-02 0.118602E-02 0.126609E-02
  0.104089E-03 0.910783E-04 0.723121E-04 0.755650E-04 0.126609E-03 0.219047E-03
  0.128861E-03 0.173149E-03 0.237955E-03 0.790430E-03 0.220289E-02 0.481614E-02
  0.710436E-02 0.782998E-02 0.744465E-02 0.560938E-02 0.421688E-02 0.299257E-02
  0.183458E-02 0.127510E-02 0.126609E-02 0.700603E-05 0.102588E-04 0.220189E-04
  0.500430E-04 0.114098E-03 0.195353E-03 0.123857E-03 0.153382E-03 0.504183E-03
  0.178754E-02 0.373696E-02 0.555002E-02 0.562409E-02 0.521073E-02 0.477085E-02
  0.365433E-02 0.295479E-02 0.228947E-02 0.151755E-02 0.117701E-02 0.126609E-02
  0.000000E+00 0.000000E+00 0.750644E-06 0.225193E-05 0.105090E-04 0.190168E-04
  0.397842E-04 0.199422E-03 0.100411E-02 0.318674E-02 0.540765E-02 0.595137E-02
  0.463974E-02 0.347098E-02 0.276288E-02 0.200764E-02 0.174125E-02 0.149078E-02
  0.109044E-02 0.105040E-02 0.126609E-02 0.000000E+00 0.000000E+00 0.000000E+00
  0.000000E+00 0.000000E+00 0.634196E-05 0.112847E-03 0.636297E-03 0.171873E-02
  0.394364E-02 0.587580E-02 0.621184E-02 0.434248E-02 0.232250E-02 0.167769E-02
  0.139890E-02 0.130913E-02 0.124232E-02 0.995606E-03 0.103039E-02 0.126609E-02
  0.908986E-04 0.454493E-04 0.000000E+00 0.000000E+00 0.514520E-05 0.343134E-04
  0.168934E-03 0.646581E-03 0.164218E-02 0.299451E-02 0.348073E-02 0.292848E-02
  0.196461E-02 0.119798E-02 0.844671E-03 0.600282E-03 0.607134E-03 0.624285E-03
  0.566830E-03 0.657729E-03 0.799222E-03 0.137205E-05 0.531671E-05 0.123485E-04
  0.185227E-04 0.233249E-04 0.325901E-04 0.128459E-03 0.455522E-03 0.118202E-02
  0.222822E-02 0.305351E-02 0.287806E-02 0.220421E-02 0.148542E-02 0.102270E-02
  0.744831E-03 0.639034E-03 0.613480E-03 0.534758E-03 0.621712E-03 0.799222E-03
  0.737479E-04 0.806082E-04 0.891836E-04 0.984449E-04 0.104276E-03 0.114687E-03
  0.234278E-03 0.357249E-03 0.806940E-03 0.163069E-02 0.263023E-02 0.338795E-02
  0.334507E-02 0.244329E-02 0.188572E-02 0.143836E-02 0.106334E-02 0.842442E-03
  0.706608E-03 0.711925E-03 0.799222E-03 0.109078E-03 0.113023E-03 0.123142E-03
  0.132060E-03 0.136005E-03 0.153221E-03 0.234278E-03 0.344386E-03 0.620683E-03
  0.120261E-02 0.296021E-02 0.504024E-02 0.518465E-02 0.420329E-02 0.307855E-02
  0.238440E-02 0.189275E-02 0.138766E-02 0.948433E-03 0.775897E-03 0.799222E-03
  0.131374E-03 0.129488E-03 0.127430E-03 0.125543E-03 0.123828E-03 0.135039E-03
  0.148696E-03 0.201006E-03 0.352618E-03 0.937628E-03 0.231020E-02 0.448525E-02
  0.622947E-02 0.647335E-02 0.621798E-02 0.440660E-02 0.286571E-02 0.182415E-02
  0.107380E-02 0.782757E-03 0.799222E-03 0.116625E-03 0.114910E-03 0.110622E-03
  0.108049E-03 0.108907E-03 0.115484E-03 0.149211E-03 0.322433E-03 0.554825E-03
  0.505945E-03 0.139864E-02 0.336325E-02 0.577464E-02 0.858134E-02 0.919963E-02
  0.645166E-02 0.405528E-02 0.244655E-02 0.134804E-02 0.848959E-03 0.799222E-03
  0.152298E-03 0.155385E-03 0.156757E-03 0.153499E-03 0.150411E-03 0.149325E-03
  0.158987E-03 0.203064E-03 0.276298E-03 0.287788E-03 0.730619E-03 0.215876E-02
  0.535324E-02 0.121458E-01 0.152403E-01 0.102229E-01 0.591561E-02 0.318625E-02
  0.157941E-02 0.900925E-03 0.799222E-03 0.195175E-03 0.196375E-03 0.196375E-03
  0.195175E-03 0.195689E-03 0.199178E-03 0.203579E-03 0.195861E-03 0.207866E-03
  0.238909E-03 0.360336E-03 0.105031E-02 0.382992E-02 0.116338E-01 0.179237E-01
  0.124202E-01 0.707208E-02 0.370455E-02 0.169260E-02 0.895094E-03 0.799222E-03
  0.226046E-03 0.219014E-03 0.207352E-03 0.204436E-03 0.205465E-03 0.205466E-03
  0.207523E-03 0.220043E-03 0.250743E-03 0.273553E-03 0.321061E-03 0.668191E-03
  0.285576E-02 0.101794E-01 0.168620E-01 0.127906E-01 0.750205E-02 0.388274E-02
  0.176738E-02 0.928366E-03 0.799222E-03 0.231191E-03 0.224845E-03 0.217128E-03
  0.219357E-03 0.217985E-03 0.213698E-03 0.243197E-03 0.224674E-03 0.235307E-03
  0.270466E-03 0.382632E-03 0.658415E-03 0.218448E-02 0.871923E-02 0.176424E-01
  0.165463E-01 0.981654E-02 0.482552E-02 0.206271E-02 0.999542E-03 0.799222E-03
  0.207523E-03 0.209238E-03 0.214384E-03 0.222101E-03 0.222101E-03 0.216670E-03
  0.234107E-03 0.225531E-03 0.195518E-03 0.206666E-03 0.272696E-03 0.471644E-03
  0.179053E-02 0.814143E-02 0.180974E-01 0.176111E-01 0.105082E-01 0.503201E-02
  0.200320E-02 0.953578E-03 0.799222E-03 0.202721E-03 0.201006E-03 0.201006E-03
  0.204436E-03 0.204436E-03 0.200662E-03 0.188658E-03 0.195861E-03 0.189515E-03
  0.195861E-03 0.256231E-03 0.434255E-03 0.185948E-02 0.758438E-02 0.166324E-01
  0.160115E-01 0.917716E-02 0.430276E-02 0.174062E-02 0.893208E-03 0.799222E-03
  0.183169E-03 0.183684E-03 0.187628E-03 0.200835E-03 0.215241E-03 0.222160E-03
  0.204608E-03 0.195689E-03 0.175451E-03 0.169106E-03 0.220729E-03 0.857019E-03
  0.309999E-02 0.871049E-02 0.116791E-01 0.983919E-02 0.655568E-02 0.347456E-02
  0.150446E-02 0.825291E-03 0.799222E-03 0.190373E-03 0.192088E-03 0.198948E-03
  0.203922E-03 0.201349E-03 0.179043E-03 0.160702E-03 0.146124E-03 0.140464E-03
  0.202721E-03 0.599931E-03 0.168077E-02 0.359135E-02 0.805945E-02 0.938640E-02
  0.661865E-02 0.419626E-02 0.239406E-02 0.129042E-02 0.845357E-03 0.799222E-03
  0.145781E-03 0.130517E-03 0.115253E-03 0.132403E-03 0.148010E-03 0.142120E-03
  0.109250E-03 0.118854E-03 0.155557E-03 0.298422E-03 0.873312E-03 0.212445E-02
  0.417568E-02 0.714772E-02 0.858409E-02 0.636464E-02 0.388566E-02 0.220095E-02
  0.123656E-02 0.842785E-03 0.799222E-03 0.806082E-04 0.814657E-04 0.857534E-04
  0.908986E-04 0.934712E-04 0.101192E-03 0.105477E-03 0.101189E-03 0.209238E-03
  0.520523E-03 0.122113E-02 0.270209E-02 0.463326E-02 0.622999E-02 0.624113E-02
  0.467574E-02 0.300823E-02 0.179911E-02 0.102990E-02 0.765778E-03 0.799222E-03
  0.596843E-04 0.612279E-04 0.644866E-04 0.802652E-04 0.141836E-03 0.260040E-03
  0.144066E-03 0.105134E-03 0.205294E-03 0.617768E-03 0.146072E-02 0.293225E-02
  0.448096E-02 0.502000E-02 0.467613E-02 0.350025E-02 0.258015E-02 0.177870E-02
  0.106557E-02 0.772981E-03 0.799222E-03 0.240110E-04 0.274411E-04 0.360164E-04
  0.547107E-04 0.114910E-03 0.228137E-03 0.146981E-03 0.151784E-03 0.418134E-03
  0.127961E-02 0.229390E-02 0.334661E-02 0.348862E-02 0.330494E-02 0.295026E-02
  0.237193E-02 0.193854E-02 0.144632E-02 0.898696E-03 0.711753E-03 0.799222E-03
  0.514519E-05 0.977588E-05 0.207523E-04 0.324148E-04 0.406471E-04 0.456218E-04
  0.686027E-04 0.187629E-03 0.725131E-03 0.200697E-02 0.334884E-02 0.378687E-02
  0.295575E-02 0.222067E-02 0.175486E-02 0.129778E-02 0.112937E-02 0.918590E-03
  0.635261E-03 0.638177E-03 0.799222E-03 0.000000E+00 0.000000E+00 0.000000E+00
  0.308713E-05 0.234964E-04 0.602658E-04 0.115253E-03 0.444374E-03 0.113503E-02
  0.242974E-02 0.373473E-02 0.415338E-02 0.289932E-02 0.153653E-02 0.106300E-02
  0.866928E-03 0.798193E-03 0.730962E-03 0.583123E-03 0.634918E-03 0.799222E-03
  0.110557E-03 0.597364E-04 0.891589E-05 0.222897E-04 0.570617E-04 0.118899E-03
  0.301357E-03 0.781032E-03 0.162626E-02 0.269973E-02 0.320080E-02 0.286735E-02
  0.198646E-02 0.118135E-02 0.843443E-03 0.594996E-03 0.606280E-03 0.639269E-03
  0.603606E-03 0.762308E-03 0.959349E-03 0.663342E-04 0.750718E-04 0.905854E-04
  0.100750E-03 0.103068E-03 0.106280E-03 0.195080E-03 0.544226E-03 0.121238E-02
  0.203354E-02 0.261146E-02 0.278925E-02 0.223753E-02 0.155796E-02 0.100375E-02
  0.755839E-03 0.732886E-03 0.717016E-03 0.586130E-03 0.712914E-03 0.959349E-03
  0.309203E-03 0.308668E-03 0.276214E-03 0.251785E-03 0.277641E-03 0.313372E-03
  0.317049E-03 0.393547E-03 0.756959E-03 0.154512E-02 0.242958E-02 0.308508E-02
  0.313911E-02 0.231100E-02 0.175857E-02 0.135589E-02 0.104815E-02 0.826503E-03
  0.662629E-03 0.767123E-03 0.959349E-03 0.743228E-03 0.746260E-03 0.724327E-03
  0.692051E-03 0.701324E-03 0.730515E-03 0.698649E-03 0.668335E-03 0.750718E-03
  0.121096E-02 0.270669E-02 0.436843E-02 0.450752E-02 0.377784E-02 0.286450E-02
  0.222431E-02 0.181403E-02 0.134880E-02 0.970584E-03 0.894085E-03 0.959349E-03
  0.118653E-02 0.119544E-02 0.117155E-02 0.111021E-02 0.108078E-02 0.107942E-02
  0.986454E-03 0.858957E-03 0.763735E-03 0.112019E-02 0.230707E-02 0.394207E-02
  0.518334E-02 0.554996E-02 0.536451E-02 0.388381E-02 0.254834E-02 0.168706E-02
  0.118510E-02 0.993052E-03 0.959349E-03 0.109487E-02 0.108417E-02 0.103513E-02
  0.955783E-03 0.888022E-03 0.837487E-03 0.780140E-03 0.670475E-03 0.546544E-03
  0.691873E-03 0.158614E-02 0.331938E-02 0.515695E-02 0.760169E-02 0.791285E-02
  0.557895E-02 0.365551E-02 0.233507E-02 0.149430E-02 0.108417E-02 0.959349E-03
  0.615196E-03 0.610738E-03 0.599861E-03 0.587200E-03 0.572043E-03 0.555991E-03
  0.534775E-03 0.510167E-03 0.517121E-03 0.573826E-03 0.106812E-02 0.248272E-02
  0.539447E-02 0.113052E-01 0.138200E-01 0.911508E-02 0.537307E-02 0.300234E-02
  0.163749E-02 0.107633E-02 0.959349E-03 0.461486E-03 0.457207E-03 0.449182E-03
  0.442228E-03 0.439375E-03 0.444251E-03 0.455424E-03 0.455780E-03 0.467014E-03
  0.507492E-03 0.694726E-03 0.146649E-02 0.404336E-02 0.107857E-01 0.164767E-01
  0.115515E-01 0.663609E-02 0.350216E-02 0.169705E-02 0.103852E-02 0.959349E-03
  0.381957E-03 0.380173E-03 0.380173E-03 0.389089E-03 0.406386E-03 0.428444E-03
  0.452927E-03 0.479496E-03 0.511950E-03 0.532279E-03 0.585239E-03 0.975041E-03
  0.284292E-02 0.882655E-02 0.145892E-01 0.115886E-01 0.714787E-02 0.385273E-02
  0.185468E-02 0.107775E-02 0.959349E-03 0.497507E-03 0.494653E-03 0.492335E-03
  0.489839E-03 0.487877E-03 0.503933E-03 0.539768E-03 0.509276E-03 0.539233E-03
  0.537985E-03 0.640339E-03 0.102800E-02 0.230547E-02 0.787291E-02 0.156520E-01
  0.146622E-01 0.889913E-02 0.448077E-02 0.199092E-02 0.109380E-02 0.959349E-03
  0.126249E-02 0.122059E-02 0.111449E-02 0.992338E-03 0.896047E-03 0.814891E-03
  0.680282E-03 0.608064E-03 0.525146E-03 0.511772E-03 0.530495E-03 0.780140E-03
  0.209791E-02 0.766945E-02 0.158649E-01 0.154290E-01 0.952217E-02 0.473434E-02
  0.204352E-02 0.111538E-02 0.959349E-03 0.203782E-02 0.204727E-02 0.205583E-02
  0.204316E-02 0.199823E-02 0.187847E-02 0.161342E-02 0.127586E-02 0.664412E-03
  0.393191E-03 0.411736E-03 0.728785E-03 0.227159E-02 0.736952E-02 0.143594E-01
  0.134485E-01 0.813914E-02 0.414446E-02 0.209399E-02 0.127051E-02 0.959349E-03
  0.183703E-02 0.186057E-02 0.192084E-02 0.201463E-02 0.212145E-02 0.220593E-02
  0.219687E-02 0.177016E-02 0.887844E-03 0.418868E-03 0.431886E-03 0.118617E-02
  0.340355E-02 0.810722E-02 0.100860E-01 0.858335E-02 0.570831E-02 0.312252E-02
  0.172522E-02 0.117708E-02 0.959349E-03 0.125357E-02 0.124519E-02 0.124287E-02
  0.126855E-02 0.131759E-02 0.132846E-02 0.114551E-02 0.694369E-03 0.384810E-03
  0.394439E-03 0.941340E-03 0.236021E-02 0.385969E-02 0.692550E-02 0.779587E-02
  0.577041E-02 0.376447E-02 0.219259E-02 0.140853E-02 0.109630E-02 0.959349E-03
  0.408348E-03 0.365552E-03 0.303319E-03 0.278889E-03 0.270865E-03 0.276635E-03
  0.252141E-03 0.317762E-03 0.453284E-03 0.634276E-03 0.115978E-02 0.240337E-02
  0.408187E-02 0.607297E-02 0.696812E-02 0.531406E-02 0.329406E-02 0.186413E-02
  0.114462E-02 0.945619E-03 0.959349E-03 0.260344E-03 0.259452E-03 0.260344E-03
  0.260344E-03 0.254103E-03 0.244887E-03 0.238054E-03 0.264802E-03 0.570617E-03
  0.945084E-03 0.149252E-02 0.277462E-02 0.413608E-02 0.547525E-02 0.547792E-02
  0.397805E-02 0.261414E-02 0.163428E-02 0.100125E-02 0.852359E-03 0.959349E-03
  0.503926E-03 0.503926E-03 0.500716E-03 0.497150E-03 0.498042E-03 0.498814E-03
  0.490017E-03 0.541016E-03 0.733243E-03 0.117226E-02 0.178639E-02 0.283614E-02
  0.391229E-02 0.434899E-02 0.409364E-02 0.309902E-02 0.231599E-02 0.164766E-02
  0.108221E-02 0.899435E-03 0.959349E-03 0.417620E-03 0.435274E-03 0.479853E-03
  0.539233E-03 0.613948E-03 0.708066E-03 0.814912E-03 0.960598E-03 0.123307E-02
  0.181117E-02 0.231046E-02 0.302088E-02 0.307652E-02 0.289463E-02 0.257562E-02
  0.208797E-02 0.167619E-02 0.126730E-02 0.904428E-03 0.852002E-03 0.959349E-03
  0.260344E-03 0.272826E-03 0.306885E-03 0.354852E-03 0.406208E-03 0.447348E-03
  0.496793E-03 0.700254E-03 0.127087E-02 0.225483E-02 0.323058E-02 0.360166E-02
  0.284524E-02 0.206581E-02 0.160432E-02 0.122699E-02 0.105564E-02 0.864306E-03
  0.660132E-03 0.761417E-03 0.959349E-03 0.353070E-04 0.486808E-04 0.891590E-04
  0.150500E-03 0.217904E-03 0.273432E-03 0.375181E-03 0.705960E-03 0.128603E-02
  0.234256E-02 0.356457E-02 0.417424E-02 0.289606E-02 0.141032E-02 0.101106E-02
  0.837643E-03 0.752323E-03 0.691160E-03 0.577571E-03 0.724683E-03 0.959349E-03
  0.211418E-03 0.105709E-03 0.155454E-04 0.715089E-04 0.189654E-03 0.549412E-03
  0.240954E-02 0.766389E-02 0.143609E-01 0.179892E-01 0.175446E-01 0.125327E-01
  0.887332E-02 0.589171E-02 0.309665E-02 0.197746E-02 0.168823E-02 0.145505E-02
  0.127783E-02 0.152967E-02 0.185301E-02 0.000000E+00 0.000000E+00 0.000000E+00
  0.553417E-04 0.298472E-03 0.989769E-03 0.258303E-02 0.610562E-02 0.105889E-01
  0.152302E-01 0.160528E-01 0.104583E-01 0.657198E-02 0.426255E-02 0.281185E-02
  0.188745E-02 0.176596E-02 0.162170E-02 0.136737E-02 0.152843E-02 0.185301E-02
  0.106952E-03 0.137421E-03 0.292876E-03 0.951379E-03 0.248478E-02 0.469490E-02
  0.533083E-02 0.652099E-02 0.103085E-01 0.132080E-01 0.149852E-01 0.124481E-01
  0.966054E-02 0.618086E-02 0.418296E-02 0.274587E-02 0.287652E-02 0.262593E-02
  0.209428E-02 0.183001E-02 0.185301E-02 0.166647E-03 0.216392E-03 0.443355E-03
  0.101232E-02 0.193571E-02 0.301318E-02 0.339823E-02 0.525186E-02 0.113438E-01
  0.136545E-01 0.179232E-01 0.201120E-01 0.163245E-01 0.111971E-01 0.858480E-02
  0.611156E-02 0.458901E-02 0.311344E-02 0.192514E-02 0.161734E-02 0.185301E-02
  0.144261E-03 0.156076E-03 0.213283E-03 0.322101E-03 0.420348E-03 0.461806E-03
  0.711358E-03 0.120757E-02 0.378313E-02 0.948146E-02 0.154608E-01 0.206853E-01
  0.212792E-01 0.186601E-01 0.167685E-01 0.105133E-01 0.647560E-02 0.413446E-02
  0.260355E-02 0.186669E-02 0.185301E-02 0.000000E+00 0.000000E+00 0.000000E+00
  0.000000E+00 0.621816E-05 0.622065E-04 0.258054E-03 0.771052E-03 0.243441E-02
  0.552484E-02 0.117990E-01 0.181757E-01 0.248229E-01 0.281776E-01 0.246208E-01
  0.160281E-01 0.101885E-01 0.658193E-02 0.395164E-02 0.227274E-02 0.185301E-02
  0.335781E-04 0.279817E-04 0.223854E-04 0.341999E-04 0.466362E-04 0.729726E-04
  0.207065E-03 0.496831E-03 0.106455E-02 0.229886E-02 0.573377E-02 0.129804E-01
  0.298640E-01 0.440140E-01 0.385725E-01 0.241386E-01 0.145368E-01 0.842934E-02
  0.427188E-02 0.220496E-02 0.185301E-02 0.746180E-04 0.746180E-04 0.746180E-04
  0.851889E-04 0.101978E-03 0.138888E-03 0.214527E-03 0.404181E-03 0.615598E-03
  0.114787E-02 0.325956E-02 0.999508E-02 0.280247E-01 0.506215E-01 0.468290E-01
  0.266613E-01 0.144100E-01 0.769063E-02 0.379370E-02 0.212786E-02 0.185301E-02
  0.100734E-03 0.105087E-03 0.120011E-03 0.121876E-03 0.108818E-03 0.115249E-03
  0.149236E-03 0.264894E-03 0.400450E-03 0.754263E-03 0.195126E-02 0.657695E-02
  0.217437E-01 0.454877E-01 0.497205E-01 0.304728E-01 0.158787E-01 0.749227E-02
  0.319676E-02 0.186172E-02 0.185301E-02 0.136800E-03 0.151101E-03 0.185923E-03
  0.186545E-03 0.146749E-03 0.140952E-03 0.154832E-03 0.200225E-03 0.249348E-03
  0.486260E-03 0.109440E-02 0.383039E-02 0.141942E-01 0.329557E-01 0.414410E-01
  0.269750E-01 0.143938E-01 0.691149E-02 0.299778E-02 0.180078E-02 0.185301E-02
  0.180327E-03 0.205199E-03 0.267381E-03 0.273599E-03 0.205199E-03 0.163743E-03
  0.202090E-03 0.167890E-03 0.158563E-03 0.286036E-03 0.528544E-03 0.213283E-02
  0.108445E-01 0.296917E-01 0.382635E-01 0.235107E-01 0.117928E-01 0.609069E-02
  0.320546E-02 0.200225E-02 0.185301E-02 0.228829E-03 0.204578E-03 0.156076E-03
  0.123742E-03 0.125607E-03 0.174543E-03 0.464497E-03 0.315261E-03 0.155454E-03
  0.276708E-03 0.501806E-03 0.278885E-02 0.126552E-01 0.364944E-01 0.428711E-01
  0.216726E-01 0.101704E-01 0.511817E-02 0.272977E-02 0.187664E-02 0.185301E-02
  0.113171E-03 0.901634E-04 0.752398E-04 0.914070E-04 0.107574E-03 0.121464E-03
  0.141774E-03 0.764834E-04 0.348217E-04 0.192763E-03 0.125358E-02 0.889695E-02
  0.236042E-01 0.408745E-01 0.452297E-01 0.199532E-01 0.819865E-02 0.467482E-02
  0.311841E-02 0.209179E-02 0.185301E-02 0.149236E-03 0.155454E-03 0.178461E-03
  0.197116E-03 0.190276E-03 0.109404E-03 0.690216E-04 0.659125E-04 0.932725E-04
  0.709493E-03 0.297415E-02 0.100573E-01 0.260336E-01 0.391309E-01 0.352837E-01
  0.193778E-01 0.881425E-02 0.441117E-02 0.268065E-02 0.195872E-02 0.185301E-02
  0.111927E-03 0.559636E-04 0.733745E-04 0.165403E-03 0.184680E-03 0.161246E-03
  0.366872E-04 0.141774E-03 0.576423E-03 0.170626E-02 0.482716E-02 0.136228E-01
  0.257395E-01 0.291259E-01 0.254491E-01 0.170000E-01 0.928559E-02 0.510884E-02
  0.304441E-02 0.211915E-02 0.185301E-02 0.000000E+00 0.000000E+00 0.310908E-05
  0.124363E-04 0.186545E-04 0.186545E-04 0.528544E-04 0.236290E-03 0.127472E-02
  0.328008E-02 0.749911E-02 0.151941E-01 0.222766E-01 0.216516E-01 0.157195E-01
  0.109323E-01 0.778203E-02 0.494655E-02 0.278885E-02 0.189343E-02 0.185301E-02
  0.000000E+00 0.000000E+00 0.000000E+00 0.000000E+00 0.000000E+00 0.000000E+00
  0.808359E-05 0.328319E-03 0.165714E-02 0.504915E-02 0.115577E-01 0.157811E-01
  0.166267E-01 0.142893E-01 0.112263E-01 0.761602E-02 0.472891E-02 0.277081E-02
  0.155641E-02 0.147868E-02 0.185301E-02 0.000000E+00 0.000000E+00 0.000000E+00
  0.000000E+00 0.000000E+00 0.000000E+00 0.702652E-04 0.891063E-03 0.387018E-02
  0.899022E-02 0.141382E-01 0.152022E-01 0.128579E-01 0.899707E-02 0.656638E-02
  0.438206E-02 0.331863E-02 0.272107E-02 0.220434E-02 0.185923E-02 0.185301E-02
  0.000000E+00 0.000000E+00 0.000000E+00 0.000000E+00 0.000000E+00 0.000000E+00
  0.384905E-03 0.196929E-02 0.629962E-02 0.129997E-01 0.167430E-01 0.153234E-01
  0.111672E-01 0.619143E-02 0.425322E-02 0.291025E-02 0.247296E-02 0.219377E-02
  0.174295E-02 0.164160E-02 0.185301E-02 0.000000E+00 0.000000E+00 0.000000E+00
  0.000000E+00 0.304689E-04 0.203612E-03 0.118394E-02 0.456475E-02 0.114035E-01
  0.171938E-01 0.189138E-01 0.167978E-01 0.109060E-01 0.498697E-02 0.236663E-02
  0.207399E-02 0.188659E-02 0.157071E-02 0.118021E-02 0.141339E-02 0.185301E-02
  0.170975E-03 0.854875E-04 0.198808E-05 0.298212E-04 0.109344E-03 0.351322E-03
  0.162227E-02 0.479724E-02 0.841157E-02 0.109086E-01 0.110577E-01 0.837976E-02
  0.644934E-02 0.457259E-02 0.230816E-02 0.133340E-02 0.115309E-02 0.106760E-02
  0.100398E-02 0.118092E-02 0.139166E-02 0.182903E-04 0.163023E-04 0.182904E-04
  0.568591E-04 0.201989E-03 0.638735E-03 0.173202E-02 0.384773E-02 0.632727E-02
  0.897181E-02 0.925214E-02 0.683224E-02 0.472527E-02 0.312646E-02 0.235667E-02
  0.147495E-02 0.134792E-02 0.135229E-02 0.126482E-02 0.127555E-02 0.139166E-02
  0.866804E-04 0.107754E-03 0.184096E-03 0.428630E-03 0.914120E-03 0.156254E-02
  0.210140E-02 0.348153E-02 0.577339E-02 0.773682E-02 0.886168E-02 0.802430E-02
  0.674397E-02 0.436543E-02 0.314276E-02 0.201696E-02 0.204256E-02 0.193997E-02
  0.169544E-02 0.146601E-02 0.139166E-02 0.132804E-03 0.156661E-03 0.252884E-03
  0.453680E-03 0.739964E-03 0.107763E-02 0.149066E-02 0.281711E-02 0.604258E-02
  0.815034E-02 0.115484E-01 0.135730E-01 0.113742E-01 0.785372E-02 0.612051E-02
  0.465953E-02 0.348789E-02 0.233918E-02 0.144494E-02 0.122227E-02 0.139166E-02
  0.133599E-03 0.136780E-03 0.158251E-03 0.199206E-03 0.237775E-03 0.269061E-03
  0.487080E-03 0.804378E-03 0.220081E-02 0.573840E-02 0.102394E-01 0.145027E-01
  0.152828E-01 0.133305E-01 0.120573E-01 0.790763E-02 0.496941E-02 0.313083E-02
  0.191890E-02 0.139007E-02 0.139166E-02 0.357855E-04 0.337974E-04 0.318093E-04
  0.377736E-04 0.596425E-04 0.117981E-03 0.262427E-03 0.546722E-03 0.139365E-02
  0.333401E-02 0.747916E-02 0.125448E-01 0.177874E-01 0.201751E-01 0.181074E-01
  0.119696E-01 0.744537E-02 0.460042E-02 0.265210E-02 0.159245E-02 0.139166E-02
  0.914518E-04 0.878732E-04 0.842947E-04 0.886684E-04 0.974160E-04 0.118763E-03
  0.200796E-03 0.380121E-03 0.696624E-03 0.141273E-02 0.354992E-02 0.888156E-02
  0.215747E-01 0.336594E-01 0.304757E-01 0.189981E-01 0.111500E-01 0.616464E-02
  0.298689E-02 0.158291E-02 0.139166E-02 0.151094E-03 0.143142E-03 0.132406E-03
  0.133599E-03 0.136382E-03 0.149511E-03 0.222665E-03 0.295429E-03 0.426642E-03
  0.717698E-03 0.200319E-02 0.669944E-02 0.196279E-01 0.372153E-01 0.363648E-01
  0.213463E-01 0.112828E-01 0.575351E-02 0.271532E-02 0.153997E-02 0.139166E-02
  0.135190E-03 0.132804E-03 0.133201E-03 0.137178E-03 0.141154E-03 0.154546E-03
  0.168987E-03 0.204375E-03 0.314912E-03 0.509347E-03 0.132764E-02 0.479207E-02
  0.162029E-01 0.356928E-01 0.413525E-01 0.265415E-01 0.136685E-01 0.623741E-02
  0.261393E-02 0.147635E-02 0.139166E-02 0.156661E-03 0.152685E-03 0.152685E-03
  0.152685E-03 0.152287E-03 0.170717E-03 0.145528E-03 0.192844E-03 0.287079E-03
  0.360240E-03 0.741554E-03 0.309703E-02 0.120052E-01 0.306896E-01 0.408074E-01
  0.276919E-01 0.146307E-01 0.693761E-02 0.302188E-02 0.159126E-02 0.139166E-02
  0.135190E-03 0.141154E-03 0.147118E-03 0.139166E-03 0.127237E-03 0.123261E-03
  0.149106E-03 0.192844E-03 0.182904E-03 0.258451E-03 0.403581E-03 0.176144E-02
  0.979130E-02 0.285866E-01 0.385469E-01 0.246508E-01 0.126084E-01 0.627637E-02
  0.310538E-02 0.170776E-02 0.139166E-02 0.175746E-03 0.188073E-03 0.196025E-03
  0.190061E-03 0.202387E-03 0.235929E-03 0.255270E-03 0.190458E-03 0.155468E-03
  0.248510E-03 0.494237E-03 0.241393E-02 0.984896E-02 0.274924E-01 0.338451E-01
  0.194544E-01 0.971417E-02 0.487239E-02 0.237297E-02 0.145369E-02 0.139166E-02
  0.146323E-03 0.142347E-03 0.146323E-03 0.178530E-03 0.244534E-03 0.368499E-03
  0.520082E-03 0.379724E-03 0.168192E-03 0.264017E-03 0.115388E-02 0.621355E-02
  0.153249E-01 0.271516E-01 0.290554E-01 0.144326E-01 0.667598E-02 0.378769E-02
  0.231333E-02 0.151969E-02 0.139166E-02 0.171770E-03 0.175746E-03 0.190458E-03
  0.198411E-03 0.198013E-03 0.165921E-03 0.180915E-03 0.182108E-03 0.149504E-03
  0.544337E-03 0.233600E-02 0.651773E-02 0.153532E-01 0.241099E-01 0.228065E-01
  0.128310E-01 0.619367E-02 0.326960E-02 0.191810E-02 0.140836E-02 0.139166E-02
  0.117695E-03 0.823067E-04 0.982113E-04 0.165806E-03 0.186482E-03 0.169639E-03
  0.751495E-04 0.146323E-03 0.387676E-03 0.104891E-02 0.310697E-02 0.812927E-02
  0.150824E-01 0.183083E-01 0.171222E-01 0.112852E-01 0.621117E-02 0.354793E-02
  0.209703E-02 0.148907E-02 0.139166E-02 0.318093E-04 0.357855E-04 0.457259E-04
  0.576544E-04 0.675948E-04 0.662667E-04 0.934398E-04 0.248510E-03 0.829030E-03
  0.198609E-02 0.449903E-02 0.918693E-02 0.138092E-01 0.149961E-01 0.127178E-01
  0.844087E-02 0.568591E-02 0.358849E-02 0.195826E-02 0.133599E-02 0.139166E-02
  0.954277E-05 0.994038E-05 0.139165E-04 0.214713E-04 0.290260E-04 0.326045E-04
  0.572567E-04 0.312129E-03 0.118013E-02 0.308511E-02 0.684934E-02 0.977421E-02
  0.106959E-01 0.103782E-01 0.854199E-02 0.545430E-02 0.344097E-02 0.206800E-02
  0.115865E-02 0.109861E-02 0.139166E-02 0.000000E+00 0.000000E+00 0.000000E+00
  0.000000E+00 0.278332E-05 0.145838E-04 0.106164E-03 0.704178E-03 0.267874E-02
  0.551653E-02 0.864617E-02 0.982669E-02 0.814994E-02 0.609467E-02 0.464177E-02
  0.313238E-02 0.235588E-02 0.182307E-02 0.137257E-02 0.125647E-02 0.139166E-02
  0.000000E+00 0.000000E+00 0.000000E+00 0.000000E+00 0.834995E-05 0.400384E-04
  0.292646E-03 0.135468E-02 0.413442E-02 0.788473E-02 0.103861E-01 0.101221E-01
  0.738891E-02 0.423104E-02 0.297417E-02 0.216553E-02 0.178092E-02 0.146919E-02
  0.110259E-02 0.113480E-02 0.139166E-02 0.000000E+00 0.000000E+00 0.000000E+00
  0.000000E+00 0.250498E-04 0.130723E-03 0.798811E-03 0.292924E-02 0.700958E-02
  0.105901E-01 0.122637E-01 0.111138E-01 0.725093E-02 0.364773E-02 0.173281E-02
  0.136916E-02 0.121949E-02 0.103380E-02 0.806366E-03 0.103539E-02 0.139166E-02
  0.950818E-04 0.475409E-04 0.000000E+00 0.187661E-04 0.775667E-04 0.237764E-03
  0.945813E-03 0.264352E-02 0.458269E-02 0.616780E-02 0.675331E-02 0.524576E-02
  0.424240E-02 0.310892E-02 0.155759E-02 0.870796E-03 0.729377E-03 0.646806E-03
  0.577997E-03 0.710611E-03 0.875753E-03 0.000000E+00 0.000000E+00 0.000000E+00
  0.310267E-04 0.134616E-03 0.378077E-03 0.942310E-03 0.198596E-02 0.337715E-02
  0.494150E-02 0.521598E-02 0.440128E-02 0.321752E-02 0.210231E-02 0.158036E-02
  0.976213E-03 0.859239E-03 0.780671E-03 0.634045E-03 0.703105E-03 0.875753E-03
  0.590508E-04 0.773165E-04 0.130362E-03 0.281992E-03 0.549472E-03 0.877009E-03
  0.121354E-02 0.199396E-02 0.317648E-02 0.428719E-02 0.493850E-02 0.464149E-02
  0.413631E-02 0.276513E-02 0.199847E-02 0.129011E-02 0.124057E-02 0.106517E-02
  0.781922E-03 0.752147E-03 0.875753E-03 0.124107E-03 0.139870E-03 0.199421E-03
  0.317523E-03 0.470655E-03 0.646271E-03 0.905278E-03 0.164166E-02 0.337115E-02
  0.460721E-02 0.665272E-02 0.786426E-02 0.679785E-02 0.480063E-02 0.388734E-02
  0.312038E-02 0.227821E-02 0.148828E-02 0.899023E-03 0.766409E-03 0.875753E-03
  0.150630E-03 0.152381E-03 0.165642E-03 0.188912E-03 0.210931E-03 0.231204E-03
  0.374072E-03 0.546220E-03 0.126884E-02 0.323303E-02 0.612502E-02 0.908406E-02
  0.961302E-02 0.840998E-02 0.780371E-02 0.510552E-02 0.310067E-02 0.192465E-02
  0.118902E-02 0.877505E-03 0.875753E-03 0.107593E-03 0.105090E-03 0.101337E-03
  0.102588E-03 0.116350E-03 0.160988E-03 0.268981E-03 0.441630E-03 0.898272E-03
  0.200923E-02 0.463649E-02 0.785926E-02 0.115011E-01 0.127197E-01 0.113773E-01
  0.755656E-02 0.464649E-02 0.289124E-02 0.172899E-02 0.104340E-02 0.875753E-03
  0.157135E-03 0.159387E-03 0.163891E-03 0.164141E-03 0.165142E-03 0.185168E-03
  0.254219E-03 0.376073E-03 0.531207E-03 0.907030E-03 0.225419E-02 0.565011E-02
  0.135481E-01 0.214202E-01 0.202026E-01 0.129383E-01 0.752447E-02 0.409727E-02
  0.199171E-02 0.104039E-02 0.875753E-03 0.195168E-03 0.195168E-03 0.195168E-03
  0.195168E-03 0.197670E-03 0.211521E-03 0.243209E-03 0.291501E-03 0.405849E-03
  0.520698E-03 0.127259E-02 0.401145E-02 0.119132E-01 0.236203E-01 0.248429E-01
  0.153934E-01 0.798862E-02 0.387483E-02 0.178378E-02 0.992603E-03 0.875753E-03
  0.200673E-03 0.200673E-03 0.202424E-03 0.199922E-03 0.196419E-03 0.209520E-03
  0.241458E-03 0.250966E-03 0.332286E-03 0.422363E-03 0.911283E-03 0.296380E-02
  0.104542E-01 0.240209E-01 0.282783E-01 0.188944E-01 0.972361E-02 0.434424E-02
  0.179404E-02 0.972586E-03 0.875753E-03 0.204176E-03 0.209430E-03 0.225194E-03
  0.228196E-03 0.214935E-03 0.208512E-03 0.198921E-03 0.222191E-03 0.279490E-03
  0.328282E-03 0.587505E-03 0.211957E-02 0.860089E-02 0.223915E-01 0.300266E-01
  0.215418E-01 0.117173E-01 0.550824E-02 0.230949E-02 0.110420E-02 0.875753E-03
  0.217687E-03 0.230198E-03 0.252717E-03 0.247713E-03 0.216436E-03 0.195165E-03
  0.190163E-03 0.200172E-03 0.213934E-03 0.262726E-03 0.339042E-03 0.125233E-02
  0.681086E-02 0.211482E-01 0.303974E-01 0.202823E-01 0.103201E-01 0.491798E-02
  0.225819E-02 0.113973E-02 0.875753E-03 0.210181E-03 0.212683E-03 0.212683E-03
  0.207428E-03 0.206928E-03 0.209180E-03 0.214184E-03 0.207679E-03 0.212933E-03
  0.253468E-03 0.487669E-03 0.190389E-02 0.676857E-02 0.182725E-01 0.237191E-01
  0.150159E-01 0.762381E-02 0.384806E-02 0.188737E-02 0.104340E-02 0.875753E-03
  0.217187E-03 0.212182E-03 0.212182E-03 0.223692E-03 0.238705E-03 0.262901E-03
  0.278489E-03 0.225694E-03 0.180655E-03 0.222691E-03 0.109044E-02 0.441104E-02
  0.934253E-02 0.158611E-01 0.170792E-01 0.935819E-02 0.466701E-02 0.262476E-02
  0.151881E-02 0.968583E-03 0.875753E-03 0.219689E-03 0.222191E-03 0.230448E-03
  0.234452E-03 0.234201E-03 0.207665E-03 0.193416E-03 0.171648E-03 0.171397E-03
  0.476159E-03 0.193116E-02 0.465400E-02 0.914011E-02 0.137696E-01 0.134058E-01
  0.762924E-02 0.367066E-02 0.190939E-02 0.113498E-02 0.869998E-03 0.875753E-03
  0.168145E-03 0.145875E-03 0.151130E-03 0.181406E-03 0.184158E-03 0.177816E-03
  0.131863E-03 0.184909E-03 0.355055E-03 0.779670E-03 0.226244E-02 0.529030E-02
  0.883259E-02 0.106522E-01 0.103254E-01 0.661522E-02 0.352153E-02 0.197595E-02
  0.119303E-02 0.897772E-03 0.875753E-03 0.950818E-04 0.963328E-04 0.102588E-03
  0.108844E-03 0.110095E-03 0.110095E-03 0.122605E-03 0.236453E-03 0.656815E-03
  0.125608E-02 0.276363E-02 0.540840E-02 0.811323E-02 0.921918E-02 0.802815E-02
  0.527007E-02 0.338291E-02 0.202174E-02 0.110345E-02 0.810697E-03 0.875753E-03
  0.670576E-04 0.670576E-04 0.695598E-04 0.745641E-04 0.770662E-04 0.800703E-04
  0.105341E-03 0.258973E-03 0.825961E-03 0.196569E-02 0.398643E-02 0.569289E-02
  0.641727E-02 0.644079E-02 0.536736E-02 0.357648E-02 0.221866E-02 0.132714E-02
  0.764908E-03 0.712112E-03 0.875753E-03 0.350302E-05 0.600517E-05 0.135116E-04
  0.227696E-04 0.362812E-04 0.565541E-04 0.132864E-03 0.577496E-03 0.187186E-02
  0.345597E-02 0.503533E-02 0.569189E-02 0.478612E-02 0.373371E-02 0.285420E-02
  0.199287E-02 0.148202E-02 0.116025E-02 0.875253E-03 0.790179E-03 0.875753E-03
  0.100086E-04 0.117601E-04 0.135116E-04 0.152631E-04 0.245211E-04 0.557264E-04
  0.245962E-03 0.991603E-03 0.266955E-02 0.466176E-02 0.619358E-02 0.617856E-02
  0.454741E-02 0.276313E-02 0.191615E-02 0.132938E-02 0.107643E-02 0.877755E-03
  0.654813E-03 0.697600E-03 0.875753E-03 0.000000E+00 0.000000E+00 0.450388E-05
  0.207679E-04 0.487920E-04 0.122801E-03 0.550223E-03 0.183883E-02 0.418985E-02
  0.619908E-02 0.763006E-02 0.707609E-02 0.473207E-02 0.248213E-02 0.113498E-02
  0.805551E-03 0.715365E-03 0.617531E-03 0.474158E-03 0.631793E-03 0.875753E-03
  0.651726E-04 0.325863E-04 0.000000E+00 0.943288E-05 0.557397E-04 0.182986E-03
  0.729762E-03 0.189344E-02 0.288217E-02 0.394466E-02 0.443088E-02 0.343442E-02
  0.286674E-02 0.202893E-02 0.101275E-02 0.551136E-03 0.473359E-03 0.421907E-03
  0.373027E-03 0.470786E-03 0.589983E-03 0.000000E+00 0.000000E+00 0.463068E-05
  0.339584E-04 0.117311E-03 0.310495E-03 0.793391E-03 0.138046E-02 0.204762E-02
  0.310616E-02 0.339961E-02 0.302024E-02 0.233575E-02 0.151166E-02 0.121341E-02
  0.678290E-03 0.574548E-03 0.498742E-03 0.373370E-03 0.443002E-03 0.589983E-03
  0.449348E-04 0.535101E-04 0.795792E-04 0.171507E-03 0.354333E-03 0.600000E-03
  0.815686E-03 0.127292E-02 0.194626E-02 0.258752E-02 0.305471E-02 0.298439E-02
  0.270724E-02 0.180854E-02 0.122130E-02 0.813283E-03 0.798707E-03 0.700605E-03
  0.507489E-03 0.491539E-03 0.589983E-03 0.967298E-04 0.104105E-03 0.138749E-03
  0.214041E-03 0.319517E-03 0.451558E-03 0.615881E-03 0.102681E-02 0.196581E-02
  0.272404E-02 0.386010E-02 0.472982E-02 0.412783E-02 0.300411E-02 0.244106E-02
  0.194205E-02 0.139349E-02 0.918419E-03 0.570603E-03 0.506803E-03 0.589983E-03
  0.127944E-03 0.129145E-03 0.136691E-03 0.151269E-03 0.170135E-03 0.191979E-03
  0.298765E-03 0.403041E-03 0.863194E-03 0.211365E-02 0.387159E-02 0.561771E-02
  0.570963E-02 0.513526E-02 0.508947E-02 0.331575E-02 0.201675E-02 0.125372E-02
  0.777269E-03 0.582609E-03 0.589983E-03 0.111479E-03 0.108907E-03 0.106334E-03
  0.111479E-03 0.129488E-03 0.167518E-03 0.240967E-03 0.332723E-03 0.622570E-03
  0.134376E-02 0.297393E-02 0.496855E-02 0.699148E-02 0.772209E-02 0.691859E-02
  0.468497E-02 0.293534E-02 0.191230E-02 0.120312E-02 0.723759E-03 0.589983E-03
  0.158472E-03 0.158472E-03 0.160016E-03 0.163446E-03 0.172364E-03 0.191522E-03
  0.237880E-03 0.290018E-03 0.358964E-03 0.649668E-03 0.158558E-02 0.390092E-02
  0.873399E-02 0.135381E-01 0.128848E-01 0.832509E-02 0.485261E-02 0.267671E-02
  0.134616E-02 0.717928E-03 0.589983E-03 0.197576E-03 0.197576E-03 0.198776E-03
  0.201178E-03 0.206494E-03 0.218389E-03 0.246112E-03 0.257432E-03 0.282815E-03
  0.378516E-03 0.926994E-03 0.284015E-02 0.784198E-02 0.146937E-01 0.154083E-01
  0.972421E-02 0.525788E-02 0.259524E-02 0.120484E-02 0.672307E-03 0.589983E-03
  0.203750E-03 0.203236E-03 0.203922E-03 0.203922E-03 0.204436E-03 0.212329E-03
  0.215070E-03 0.224502E-03 0.245769E-03 0.296364E-03 0.710724E-03 0.213440E-02
  0.678069E-02 0.157255E-01 0.183157E-01 0.120633E-01 0.645260E-02 0.299365E-02
  0.124514E-02 0.658758E-03 0.589983E-03 0.223302E-03 0.221415E-03 0.224502E-03
  0.228104E-03 0.223130E-03 0.220901E-03 0.208381E-03 0.208552E-03 0.220215E-03
  0.253659E-03 0.462211E-03 0.163480E-02 0.591390E-02 0.153257E-01 0.203935E-01
  0.150981E-01 0.869231E-02 0.418768E-02 0.173445E-02 0.789275E-03 0.589983E-03
  0.219529E-03 0.216956E-03 0.216956E-03 0.222959E-03 0.222959E-03 0.217241E-03
  0.210096E-03 0.205808E-03 0.204951E-03 0.227247E-03 0.340441E-03 0.113881E-02
  0.495826E-02 0.144160E-01 0.213620E-01 0.144167E-01 0.758060E-02 0.360679E-02
  0.158558E-02 0.774353E-03 0.589983E-03 0.208552E-03 0.205294E-03 0.200663E-03
  0.199462E-03 0.198090E-03 0.198835E-03 0.205294E-03 0.208381E-03 0.201521E-03
  0.225531E-03 0.442831E-03 0.162331E-02 0.497061E-02 0.121264E-01 0.165300E-01
  0.104658E-01 0.525034E-02 0.256591E-02 0.119677E-02 0.669391E-03 0.589983E-03
  0.211982E-03 0.206151E-03 0.202550E-03 0.207009E-03 0.209753E-03 0.213242E-03
  0.212668E-03 0.194660E-03 0.165504E-03 0.235650E-03 0.114549E-02 0.348022E-02
  0.623942E-02 0.994414E-02 0.107058E-01 0.618590E-02 0.318831E-02 0.174388E-02
  0.965755E-03 0.633546E-03 0.589983E-03 0.200663E-03 0.202378E-03 0.207523E-03
  0.209753E-03 0.211296E-03 0.198712E-03 0.179739E-03 0.159673E-03 0.169106E-03
  0.482449E-03 0.187285E-02 0.356494E-02 0.572027E-02 0.830676E-02 0.814366E-02
  0.475039E-02 0.240933E-02 0.131734E-02 0.794934E-03 0.601989E-03 0.589983E-03
  0.159501E-03 0.144237E-03 0.146124E-03 0.165161E-03 0.165504E-03 0.161444E-03
  0.131031E-03 0.178196E-03 0.364795E-03 0.747598E-03 0.186548E-02 0.354316E-02
  0.535856E-02 0.644694E-02 0.605385E-02 0.368051E-02 0.205105E-02 0.123296E-02
  0.789789E-03 0.610564E-03 0.589983E-03 0.960438E-04 0.977589E-04 0.102047E-03
  0.106334E-03 0.108049E-03 0.105761E-03 0.115767E-03 0.240110E-03 0.678310E-03
  0.113795E-02 0.194060E-02 0.345415E-02 0.494454E-02 0.545477E-02 0.474902E-02
  0.313945E-02 0.206494E-02 0.125972E-02 0.691172E-03 0.529956E-03 0.589983E-03
  0.668876E-04 0.686027E-04 0.718613E-04 0.751200E-04 0.783786E-04 0.819813E-04
  0.109593E-03 0.250229E-03 0.662188E-03 0.141202E-02 0.253762E-02 0.351469E-02
  0.397741E-02 0.394397E-02 0.328058E-02 0.216706E-02 0.136845E-02 0.838325E-03
  0.495998E-03 0.476789E-03 0.589983E-03 0.195518E-04 0.217814E-04 0.296707E-04
  0.411616E-04 0.555682E-04 0.778710E-04 0.144752E-03 0.505431E-03 0.142848E-02
  0.236182E-02 0.315350E-02 0.348313E-02 0.296690E-02 0.232375E-02 0.178882E-02
  0.126478E-02 0.952892E-03 0.765607E-03 0.596844E-03 0.540075E-03 0.589983E-03
  0.754629E-05 0.104619E-04 0.192088E-04 0.337868E-04 0.523096E-04 0.797023E-04
  0.214898E-03 0.764235E-03 0.190544E-02 0.303550E-02 0.398222E-02 0.410244E-02
  0.302933E-02 0.178247E-02 0.127138E-02 0.889378E-03 0.691515E-03 0.558426E-03
  0.429110E-03 0.470615E-03 0.589983E-03 0.000000E+00 0.000000E+00 0.617426E-05
  0.240110E-04 0.471644E-04 0.100753E-03 0.406128E-03 0.131151E-02 0.273313E-02
  0.392167E-02 0.494111E-02 0.491161E-02 0.337182E-02 0.160376E-02 0.751886E-03
  0.540036E-03 0.471129E-03 0.400297E-03 0.309227E-03 0.423450E-03 0.589983E-03
  0.820262E-04 0.436878E-04 0.115907E-04 0.427963E-04 0.116798E-03 0.271690E-03
  0.809563E-03 0.179120E-02 0.267387E-02 0.366086E-02 0.431440E-02 0.338001E-02
  0.285576E-02 0.208721E-02 0.103246E-02 0.568267E-03 0.487699E-03 0.435987E-03
  0.398540E-03 0.560809E-03 0.734669E-03 0.285308E-04 0.361985E-04 0.572400E-04
  0.980748E-04 0.183311E-03 0.366208E-03 0.747330E-03 0.144009E-02 0.205850E-02
  0.290497E-02 0.325662E-02 0.268136E-02 0.226357E-02 0.162180E-02 0.138785E-02
  0.733298E-03 0.580603E-03 0.493940E-03 0.380708E-03 0.523363E-03 0.734669E-03
  0.248218E-03 0.260701E-03 0.293333E-03 0.390338E-03 0.571508E-03 0.789767E-03
  0.910847E-03 0.129441E-02 0.204994E-02 0.268992E-02 0.288055E-02 0.279335E-02
  0.263964E-02 0.183097E-02 0.126552E-02 0.917757E-03 0.818122E-03 0.656923E-03
  0.472720E-03 0.557600E-03 0.734669E-03 0.607707E-03 0.618941E-03 0.656744E-03
  0.733956E-03 0.846296E-03 0.920839E-03 0.915840E-03 0.121131E-02 0.215426E-02
  0.261913E-02 0.336949E-02 0.430477E-02 0.390605E-02 0.283008E-02 0.239195E-02
  0.202585E-02 0.139890E-02 0.901931E-03 0.623577E-03 0.634811E-03 0.734669E-03
  0.946154E-03 0.949007E-03 0.955605E-03 0.970583E-03 0.995905E-03 0.938153E-03
  0.834527E-03 0.810989E-03 0.116584E-02 0.227730E-02 0.371151E-02 0.508491E-02
  0.510595E-02 0.437645E-02 0.436076E-02 0.300465E-02 0.185985E-02 0.117797E-02
  0.848436E-03 0.744655E-03 0.734669E-03 0.977181E-03 0.966482E-03 0.933493E-03
  0.884456E-03 0.844334E-03 0.822635E-03 0.808671E-03 0.743585E-03 0.857708E-03
  0.157722E-02 0.318119E-02 0.480299E-02 0.625539E-02 0.688396E-02 0.630888E-02
  0.427001E-02 0.271578E-02 0.180547E-02 0.128210E-02 0.909421E-03 0.734669E-03
  0.643727E-03 0.643014E-03 0.638378E-03 0.628748E-03 0.619119E-03 0.612580E-03
  0.613770E-03 0.602536E-03 0.665125E-03 0.990020E-03 0.207829E-02 0.428515E-02
  0.827983E-02 0.122986E-01 0.116593E-01 0.747885E-02 0.448130E-02 0.255797E-02
  0.141388E-02 0.879641E-03 0.734669E-03 0.486451E-03 0.484668E-03 0.481458E-03
  0.480388E-03 0.487164E-03 0.501434E-03 0.520866E-03 0.537093E-03 0.594333E-03
  0.764805E-03 0.143332E-02 0.336147E-02 0.775236E-02 0.133646E-01 0.134619E-01
  0.828733E-02 0.457510E-02 0.234452E-02 0.119241E-02 0.791909E-03 0.734669E-03
  0.396222E-03 0.399253E-03 0.411914E-03 0.431707E-03 0.456315E-03 0.486697E-03
  0.512842E-03 0.543513E-03 0.574540E-03 0.606102E-03 0.101142E-02 0.246649E-02
  0.680585E-02 0.147761E-01 0.167020E-01 0.105533E-01 0.569190E-02 0.271631E-02
  0.119705E-02 0.744833E-03 0.734669E-03 0.542443E-03 0.537628E-03 0.532992E-03
  0.535488E-03 0.539946E-03 0.538280E-03 0.506779E-03 0.500538E-03 0.536558E-03
  0.599683E-03 0.838985E-03 0.207080E-02 0.585899E-02 0.138111E-01 0.184213E-01
  0.136403E-01 0.800843E-02 0.391746E-02 0.166727E-02 0.870191E-03 0.734669E-03
  0.128745E-02 0.124109E-02 0.112697E-02 0.101195E-02 0.931710E-03 0.846389E-03
  0.674041E-03 0.574183E-03 0.508206E-03 0.533170E-03 0.715054E-03 0.148628E-02
  0.485470E-02 0.128121E-01 0.187813E-01 0.129625E-01 0.716481E-02 0.355922E-02
  0.168867E-02 0.942409E-03 0.734669E-03 0.195829E-02 0.195775E-02 0.195187E-02
  0.194562E-02 0.191799E-02 0.180584E-02 0.155279E-02 0.128157E-02 0.690090E-03
  0.456315E-03 0.699719E-03 0.199716E-02 0.503658E-02 0.112000E-01 0.148949E-01
  0.968432E-02 0.498148E-02 0.253122E-02 0.148075E-02 0.100429E-02 0.734669E-03
  0.184024E-02 0.186128E-02 0.191264E-02 0.197790E-02 0.204085E-02 0.209073E-02
  0.205743E-02 0.171631E-02 0.843443E-03 0.492692E-03 0.158168E-02 0.386308E-02
  0.626591E-02 0.927199E-02 0.980177E-02 0.588701E-02 0.299627E-02 0.166442E-02
  0.123111E-02 0.967909E-03 0.734669E-03 0.124002E-02 0.124501E-02 0.126944E-02
  0.131331E-02 0.138232E-02 0.143808E-02 0.127925E-02 0.812594E-03 0.484846E-03
  0.793336E-03 0.241317E-02 0.382278E-02 0.543085E-02 0.732583E-02 0.720582E-02
  0.432981E-02 0.215711E-02 0.117850E-02 0.925469E-03 0.835597E-03 0.734669E-03
  0.416907E-03 0.375716E-03 0.336129E-03 0.318654E-03 0.297969E-03 0.309447E-03
  0.304032E-03 0.435095E-03 0.789056E-03 0.122005E-02 0.230030E-02 0.364357E-02
  0.471240E-02 0.551252E-02 0.517550E-02 0.323393E-02 0.188214E-02 0.114498E-02
  0.796545E-03 0.722365E-03 0.734669E-03 0.313839E-03 0.312948E-03 0.310273E-03
  0.301357E-03 0.284417E-03 0.267473E-03 0.272826E-03 0.433312E-03 0.117779E-02
  0.169937E-02 0.233685E-02 0.345223E-02 0.417264E-02 0.459436E-02 0.393726E-02
  0.260188E-02 0.176891E-02 0.108863E-02 0.631245E-03 0.600931E-03 0.734669E-03
  0.485024E-03 0.486629E-03 0.484311E-03 0.474325E-03 0.463983E-03 0.461606E-03
  0.502143E-03 0.685989E-03 0.121096E-02 0.187073E-02 0.264588E-02 0.323165E-02
  0.345580E-02 0.339232E-02 0.287555E-02 0.194089E-02 0.126320E-02 0.809384E-03
  0.570617E-03 0.619119E-03 0.734669E-03 0.322398E-03 0.338804E-03 0.379995E-03
  0.435630E-03 0.501608E-03 0.577413E-03 0.698649E-03 0.111252E-02 0.196649E-02
  0.259666E-02 0.301535E-02 0.321400E-02 0.275465E-02 0.214819E-02 0.159969E-02
  0.113774E-02 0.882495E-03 0.736274E-03 0.644262E-03 0.666017E-03 0.734669E-03
  0.239659E-03 0.254638E-03 0.293154E-03 0.347898E-03 0.417977E-03 0.498478E-03
  0.694548E-03 0.125643E-02 0.230476E-02 0.313251E-02 0.382135E-02 0.390070E-02
  0.292495E-02 0.171720E-02 0.117244E-02 0.832550E-03 0.675646E-03 0.567942E-03
  0.491265E-03 0.594155E-03 0.734669E-03 0.420831E-04 0.588449E-04 0.106277E-03
  0.178496E-03 0.264980E-03 0.375570E-03 0.768193E-03 0.157562E-02 0.279299E-02
  0.374289E-02 0.465035E-02 0.490517E-02 0.364642E-02 0.168885E-02 0.750361E-03
  0.543055E-03 0.485024E-03 0.431886E-03 0.359132E-03 0.526394E-03 0.734669E-03
  0.248727E-03 0.124363E-03 0.155454E-04 0.226963E-03 0.935834E-03 0.259355E-02
  0.675914E-02 0.131297E-01 0.173020E-01 0.190742E-01 0.169414E-01 0.134064E-01
  0.103688E-01 0.602851E-02 0.270801E-02 0.220752E-02 0.198670E-02 0.183125E-02
  0.163538E-02 0.176907E-02 0.202712E-02 0.000000E+00 0.000000E+00 0.559635E-05
  0.172865E-03 0.807740E-03 0.242980E-02 0.708995E-02 0.138615E-01 0.176702E-01
  0.172983E-01 0.152476E-01 0.105603E-01 0.103340E-01 0.587990E-02 0.244996E-02
  0.241783E-02 0.178897E-02 0.150044E-02 0.125296E-02 0.155268E-02 0.202712E-02
  0.115658E-03 0.129960E-03 0.162294E-03 0.378686E-03 0.100423E-02 0.221198E-02
  0.604965E-02 0.125476E-01 0.171062E-01 0.184213E-01 0.190183E-01 0.189070E-01
  0.138584E-01 0.625485E-02 0.424701E-02 0.410355E-02 0.286036E-02 0.222548E-02
  0.189654E-02 0.187851E-02 0.202712E-02 0.145505E-03 0.168512E-03 0.284792E-03
  0.612489E-03 0.127783E-02 0.245696E-02 0.610686E-02 0.114439E-01 0.145443E-01
  0.171814E-01 0.200219E-01 0.238479E-01 0.169737E-01 0.104073E-01 0.878938E-02
  0.616900E-02 0.440122E-02 0.335346E-02 0.252271E-02 0.207811E-02 0.202712E-02
  0.134312E-03 0.146127E-03 0.229450E-03 0.460766E-03 0.908474E-03 0.157048E-02
  0.297353E-02 0.503609E-02 0.980978E-02 0.162238E-01 0.236738E-01 0.253682E-01
  0.204820E-01 0.161032E-01 0.117859E-01 0.788824E-02 0.557210E-02 0.408409E-02
  0.305747E-02 0.232497E-02 0.202712E-02 0.000000E+00 0.310908E-05 0.248727E-04
  0.746180E-04 0.189654E-03 0.460237E-03 0.101356E-02 0.202401E-02 0.545955E-02
  0.126602E-01 0.212133E-01 0.245555E-01 0.259950E-01 0.233306E-01 0.185084E-01
  0.127134E-01 0.818000E-02 0.566475E-02 0.425322E-02 0.285414E-02 0.202712E-02
  0.335781E-04 0.335781E-04 0.460144E-04 0.771052E-04 0.134312E-03 0.274894E-03
  0.619329E-03 0.130830E-02 0.276771E-02 0.677096E-02 0.152867E-01 0.269570E-01
  0.386123E-01 0.397757E-01 0.321286E-01 0.193985E-01 0.106150E-01 0.579533E-02
  0.330620E-02 0.222859E-02 0.202712E-02 0.115658E-03 0.120011E-03 0.128716E-03
  0.137421E-03 0.162916E-03 0.237146E-03 0.409777E-03 0.754885E-03 0.126229E-02
  0.300337E-02 0.919604E-02 0.217151E-01 0.420566E-01 0.517948E-01 0.387846E-01
  0.225825E-01 0.122964E-01 0.614914E-02 0.291321E-02 0.192577E-02 0.202712E-02
  0.907852E-04 0.970034E-04 0.111927E-03 0.126851E-03 0.128716E-03 0.145930E-03
  0.249348E-03 0.424079E-03 0.683376E-03 0.132696E-02 0.467295E-02 0.139598E-01
  0.346737E-01 0.495948E-01 0.419353E-01 0.261505E-01 0.145138E-01 0.715213E-02
  0.299716E-02 0.182752E-02 0.202712E-02 0.151723E-03 0.151101E-03 0.155454E-03
  0.147371E-03 0.116901E-03 0.106956E-03 0.142396E-03 0.215148E-03 0.328319E-03
  0.590726E-03 0.198670E-02 0.886835E-02 0.317960E-01 0.529769E-01 0.453192E-01
  0.244597E-01 0.134431E-01 0.745558E-02 0.364758E-02 0.211915E-02 0.202712E-02
  0.994906E-04 0.963816E-04 0.994906E-04 0.105709E-03 0.105709E-03 0.109856E-03
  0.124363E-03 0.152345E-03 0.186545E-03 0.363763E-03 0.138043E-02 0.730945E-02
  0.295176E-01 0.499039E-01 0.376448E-01 0.188002E-01 0.108010E-01 0.657882E-02
  0.368426E-02 0.224476E-02 0.202712E-02 0.509890E-04 0.572071E-04 0.708871E-04
  0.845671E-04 0.845671E-04 0.775194E-04 0.945161E-04 0.108196E-03 0.126229E-03
  0.198359E-03 0.191582E-02 0.121099E-01 0.331036E-01 0.483021E-01 0.379059E-01
  0.184451E-01 0.101369E-01 0.636367E-02 0.410896E-02 0.254447E-02 0.202712E-02
  0.335781E-04 0.354435E-04 0.497453E-04 0.702653E-04 0.721307E-04 0.659125E-04
  0.851889E-04 0.273599E-04 0.578289E-04 0.373090E-03 0.427437E-02 0.210050E-01
  0.422095E-01 0.474135E-01 0.313228E-01 0.166285E-01 0.881363E-02 0.572258E-02
  0.389630E-02 0.242695E-02 0.202712E-02 0.149236E-03 0.155454E-03 0.174109E-03
  0.175974E-03 0.159185E-03 0.973902E-04 0.901634E-04 0.609380E-04 0.343243E-03
  0.236477E-02 0.843432E-02 0.207898E-01 0.384488E-01 0.420000E-01 0.229102E-01
  0.101976E-01 0.606520E-02 0.416182E-02 0.292129E-02 0.217574E-02 0.202712E-02
  0.123120E-03 0.129338E-03 0.147993E-03 0.172865E-03 0.185923E-03 0.170785E-03
  0.659125E-04 0.534762E-03 0.310286E-02 0.730634E-02 0.131085E-01 0.230333E-01
  0.285569E-01 0.267555E-01 0.165496E-01 0.969130E-02 0.651104E-02 0.424452E-02
  0.281621E-02 0.216641E-02 0.202712E-02 0.000000E+00 0.621816E-05 0.186545E-04
  0.341999E-04 0.435272E-04 0.518222E-04 0.105709E-03 0.755507E-03 0.448641E-02
  0.970966E-02 0.157662E-01 0.223170E-01 0.215739E-01 0.176751E-01 0.115285E-01
  0.858184E-02 0.562122E-02 0.338268E-02 0.198981E-02 0.172243E-02 0.202712E-02
  0.000000E+00 0.000000E+00 0.000000E+00 0.621807E-06 0.746178E-05 0.518371E-04
  0.358788E-03 0.202090E-02 0.631268E-02 0.115471E-01 0.170260E-01 0.193522E-01
  0.153763E-01 0.109427E-01 0.815574E-02 0.565980E-02 0.418607E-02 0.322536E-02
  0.234425E-02 0.192825E-02 0.202712E-02 0.000000E+00 0.000000E+00 0.000000E+00
  0.000000E+00 0.397963E-04 0.269549E-03 0.118891E-02 0.422586E-02 0.881611E-02
  0.138522E-01 0.172554E-01 0.164719E-01 0.134729E-01 0.803636E-02 0.510263E-02
  0.386426E-02 0.299094E-02 0.250343E-02 0.183560E-02 0.169321E-02 0.202712E-02
  0.000000E+00 0.000000E+00 0.000000E+00 0.000000E+00 0.466363E-04 0.408484E-03
  0.232373E-02 0.717887E-02 0.129935E-01 0.168562E-01 0.184468E-01 0.157910E-01
  0.122548E-01 0.906733E-02 0.482841E-02 0.340569E-02 0.275402E-02 0.229450E-02
  0.162232E-02 0.159993E-02 0.202712E-02 0.000000E+00 0.000000E+00 0.000000E+00
  0.795923E-04 0.504293E-03 0.170130E-02 0.498634E-02 0.107817E-01 0.170682E-01
  0.214900E-01 0.219147E-01 0.188305E-01 0.123710E-01 0.829566E-02 0.411394E-02
  0.294459E-02 0.249846E-02 0.197800E-02 0.142583E-02 0.157133E-02 0.202712E-02
  0.182904E-03 0.914518E-04 0.159047E-04 0.170975E-03 0.654079E-03 0.171408E-02
  0.407954E-02 0.728433E-02 0.925253E-02 0.107754E-01 0.106303E-01 0.923265E-02
  0.751296E-02 0.418690E-02 0.200200E-02 0.185428E-02 0.161233E-02 0.144335E-02
  0.129623E-02 0.133599E-02 0.147118E-02 0.318093E-04 0.373759E-04 0.667996E-04
  0.186482E-03 0.585689E-03 0.157649E-02 0.404058E-02 0.794597E-02 0.992450E-02
  0.103794E-01 0.906645E-02 0.735789E-02 0.728195E-02 0.408591E-02 0.177257E-02
  0.180239E-02 0.141353E-02 0.120438E-02 0.100796E-02 0.117535E-02 0.147118E-02
  0.174951E-03 0.180120E-03 0.192844E-03 0.319286E-03 0.730819E-03 0.155442E-02
  0.468670E-02 0.100390E-01 0.991973E-02 0.112191E-01 0.121547E-01 0.125989E-01
  0.924935E-02 0.468670E-02 0.306165E-02 0.264756E-02 0.192725E-02 0.154593E-02
  0.131054E-02 0.133042E-02 0.147118E-02 0.174951E-03 0.186880E-03 0.256065E-03
  0.469983E-03 0.939568E-03 0.184444E-02 0.544575E-02 0.101921E-01 0.936784E-02
  0.105181E-01 0.123217E-01 0.153015E-01 0.114848E-01 0.739447E-02 0.606564E-02
  0.439459E-02 0.308908E-02 0.232526E-02 0.182943E-02 0.153599E-02 0.147118E-02
  0.156661E-03 0.160239E-03 0.205170E-03 0.361036E-03 0.691455E-03 0.119962E-02
  0.226959E-02 0.382944E-02 0.623940E-02 0.989270E-02 0.147703E-01 0.166220E-01
  0.142068E-01 0.118617E-01 0.870343E-02 0.579858E-02 0.407676E-02 0.296741E-02
  0.210339E-02 0.159086E-02 0.147118E-02 0.477140E-04 0.477140E-04 0.556663E-04
  0.994041E-04 0.216701E-03 0.454686E-03 0.834994E-03 0.142744E-02 0.328630E-02
  0.739368E-02 0.134931E-01 0.166740E-01 0.180041E-01 0.163043E-01 0.133838E-01
  0.969230E-02 0.624258E-02 0.413720E-02 0.282904E-02 0.188470E-02 0.147118E-02
  0.129623E-03 0.133201E-03 0.137575E-03 0.147118E-03 0.188868E-03 0.303555E-03
  0.544337E-03 0.934399E-03 0.175031E-02 0.442468E-02 0.105114E-01 0.186641E-01
  0.271735E-01 0.289087E-01 0.229357E-01 0.137321E-01 0.776107E-02 0.429147E-02
  0.237735E-02 0.157695E-02 0.147118E-02 0.154275E-03 0.161035E-03 0.167794E-03
  0.170180E-03 0.194037E-03 0.263776E-03 0.397616E-03 0.596822E-03 0.857659E-03
  0.192168E-02 0.627598E-02 0.151770E-01 0.302860E-01 0.392221E-01 0.285007E-01
  0.159333E-01 0.882669E-02 0.449426E-02 0.211890E-02 0.140239E-02 0.147118E-02
  0.113718E-03 0.120478E-03 0.140756E-03 0.172963E-03 0.194037E-03 0.206500E-03
  0.271572E-03 0.389266E-03 0.604377E-03 0.932808E-03 0.333520E-02 0.989190E-02
  0.263759E-01 0.412976E-01 0.364443E-01 0.226446E-01 0.122669E-01 0.608950E-02
  0.257457E-02 0.143261E-02 0.147118E-02 0.153480E-03 0.152685E-03 0.155070E-03
  0.154673E-03 0.143142E-03 0.140494E-03 0.175746E-03 0.234196E-03 0.304177E-03
  0.519685E-03 0.159206E-02 0.772767E-02 0.281174E-01 0.504341E-01 0.439020E-01
  0.237516E-01 0.122442E-01 0.609943E-02 0.271850E-02 0.152009E-02 0.147118E-02
  0.135190E-03 0.127237E-03 0.117297E-03 0.119285E-03 0.125249E-03 0.132541E-03
  0.151094E-03 0.165011E-03 0.190856E-03 0.383700E-03 0.161830E-02 0.824259E-02
  0.280320E-01 0.479883E-01 0.370559E-01 0.183978E-01 0.101273E-01 0.578333E-02
  0.311731E-02 0.176542E-02 0.147118E-02 0.126442E-03 0.130418E-03 0.153082E-03
  0.179325E-03 0.179325E-03 0.162223E-03 0.168192E-03 0.190061E-03 0.174951E-03
  0.261234E-03 0.162307E-02 0.939051E-02 0.264534E-01 0.405318E-01 0.323425E-01
  0.151342E-01 0.805213E-02 0.482189E-02 0.293163E-02 0.180478E-02 0.147118E-02
  0.174951E-03 0.176542E-03 0.207953E-03 0.268391E-03 0.289067E-03 0.256849E-03
  0.211134E-03 0.219484E-03 0.225449E-03 0.489068E-03 0.314355E-02 0.143703E-01
  0.278156E-01 0.333159E-01 0.232673E-01 0.128178E-01 0.680441E-02 0.424336E-02
  0.282944E-02 0.177257E-02 0.147118E-02 0.208351E-03 0.205965E-03 0.207556E-03
  0.205965E-03 0.203977E-03 0.185808E-03 0.192049E-03 0.146323E-03 0.292646E-03
  0.163142E-02 0.559884E-02 0.144593E-01 0.248061E-01 0.263608E-01 0.148868E-01
  0.734607E-02 0.436265E-02 0.302427E-02 0.218609E-02 0.162188E-02 0.147118E-02
  0.141552E-03 0.141949E-03 0.149902E-03 0.165806E-03 0.174156E-03 0.168852E-03
  0.106959E-03 0.554674E-03 0.201830E-02 0.420002E-02 0.781038E-02 0.129225E-01
  0.182709E-01 0.177341E-01 0.114187E-01 0.736299E-02 0.479724E-02 0.300598E-02
  0.198689E-02 0.156025E-02 0.147118E-02 0.636186E-04 0.695829E-04 0.755471E-04
  0.775352E-04 0.815114E-04 0.861515E-04 0.153082E-03 0.846923E-03 0.304177E-02
  0.610142E-02 0.979329E-02 0.133738E-01 0.136701E-01 0.116084E-01 0.859050E-02
  0.677207E-02 0.428034E-02 0.245528E-02 0.141154E-02 0.124653E-02 0.147118E-02
  0.739566E-04 0.779328E-04 0.779328E-04 0.695828E-04 0.612329E-04 0.864299E-04
  0.353084E-03 0.164136E-02 0.429187E-02 0.733682E-02 0.105305E-01 0.118315E-01
  0.102995E-01 0.819129E-02 0.623701E-02 0.413155E-02 0.304813E-02 0.226959E-02
  0.155826E-02 0.132963E-02 0.147118E-02 0.000000E+00 0.000000E+00 0.000000E+00
  0.000000E+00 0.290260E-04 0.182701E-03 0.900601E-03 0.312884E-02 0.571375E-02
  0.851336E-02 0.105106E-01 0.104410E-01 0.901794E-02 0.568989E-02 0.354634E-02
  0.247809E-02 0.204534E-02 0.176065E-02 0.129305E-02 0.122148E-02 0.147118E-02
  0.000000E+00 0.000000E+00 0.000000E+00 0.000000E+00 0.536782E-04 0.331724E-03
  0.164414E-02 0.488273E-02 0.795988E-02 0.105356E-01 0.120160E-01 0.104144E-01
  0.818970E-02 0.604258E-02 0.315548E-02 0.226813E-02 0.186522E-02 0.159166E-02
  0.116144E-02 0.116462E-02 0.147118E-02 0.000000E+00 0.000000E+00 0.397610E-06
  0.664018E-04 0.333600E-03 0.101681E-02 0.303858E-02 0.681753E-02 0.994796E-02
  0.133452E-01 0.145691E-01 0.127965E-01 0.843662E-02 0.548074E-02 0.269186E-02
  0.203351E-02 0.163699E-02 0.130299E-02 0.959051E-03 0.111134E-02 0.147118E-02
  0.112597E-03 0.562984E-04 0.137618E-04 0.123856E-03 0.456643E-03 0.119378E-02
  0.272234E-02 0.458895E-02 0.566487E-02 0.631918E-02 0.648433E-02 0.586379E-02
  0.497428E-02 0.278990E-02 0.125483E-02 0.113602E-02 0.963328E-03 0.819455E-03
  0.715615E-03 0.811948E-03 0.955821E-03 0.500430E-06 0.250215E-06 0.142623E-04
  0.107843E-03 0.384831E-03 0.100074E-02 0.262150E-02 0.494325E-02 0.608348E-02
  0.637498E-02 0.540139E-02 0.438802E-02 0.469304E-02 0.284670E-02 0.109269E-02
  0.105062E-02 0.881258E-03 0.770162E-03 0.631543E-03 0.748143E-03 0.955821E-03
  0.675581E-04 0.750645E-04 0.100586E-03 0.224443E-03 0.510689E-03 0.963464E-03
  0.240757E-02 0.483316E-02 0.546820E-02 0.652461E-02 0.742163E-02 0.785450E-02
  0.585553E-02 0.312319E-02 0.195618E-02 0.151324E-02 0.118277E-02 0.997858E-03
  0.834468E-03 0.845477E-03 0.955821E-03 0.122605E-03 0.135116E-03 0.192666E-03
  0.343545E-03 0.625288E-03 0.110961E-02 0.268656E-02 0.470880E-02 0.479762E-02
  0.590933E-02 0.717917E-02 0.915687E-02 0.703480E-02 0.459245E-02 0.371870E-02
  0.266904E-02 0.191765E-02 0.150404E-02 0.117476E-02 0.973587E-03 0.955821E-03
  0.165142E-03 0.169646E-03 0.200172E-03 0.296505E-03 0.496177E-03 0.820469E-03
  0.139820E-02 0.208429E-02 0.347649E-02 0.583226E-02 0.877079E-02 0.978116E-02
  0.881433E-02 0.744966E-02 0.569039E-02 0.394264E-02 0.262676E-02 0.184634E-02
  0.127560E-02 0.979342E-03 0.955821E-03 0.117601E-03 0.117601E-03 0.125108E-03
  0.161389E-03 0.250215E-03 0.420416E-03 0.668074E-03 0.964579E-03 0.198671E-02
  0.437001E-02 0.833592E-02 0.101325E-01 0.112234E-01 0.103364E-01 0.846228E-02
  0.614929E-02 0.393839E-02 0.260224E-02 0.177778E-02 0.119228E-02 0.955821E-03
  0.171648E-03 0.173900E-03 0.181156E-03 0.199421E-03 0.243209E-03 0.322468E-03
  0.460646E-03 0.689843E-03 0.113948E-02 0.273760E-02 0.659167E-02 0.113613E-01
  0.168973E-01 0.183760E-01 0.149646E-01 0.925738E-02 0.526428E-02 0.301609E-02
  0.174400E-02 0.109744E-02 0.955821E-03 0.225194E-03 0.234452E-03 0.247963E-03
  0.253218E-03 0.265979E-03 0.305777E-03 0.397342E-03 0.491172E-03 0.627790E-03
  0.129286E-02 0.402371E-02 0.982495E-02 0.195566E-01 0.253836E-01 0.189138E-01
  0.105546E-01 0.580099E-02 0.303086E-02 0.155684E-02 0.100862E-02 0.955821E-03
  0.189663E-03 0.192916E-03 0.200422E-03 0.210681E-03 0.220690E-03 0.241049E-03
  0.321276E-03 0.345047E-03 0.413105E-03 0.642803E-03 0.205201E-02 0.637948E-02
  0.173927E-01 0.279761E-01 0.251902E-01 0.156303E-01 0.868922E-02 0.441204E-02
  0.194017E-02 0.103089E-02 0.955821E-03 0.179654E-03 0.182407E-03 0.190163E-03
  0.195418E-03 0.195918E-03 0.213526E-03 0.275737E-03 0.268981E-03 0.273485E-03
  0.408351E-03 0.123231E-02 0.588331E-02 0.199044E-01 0.358638E-01 0.324804E-01
  0.174287E-01 0.897897E-02 0.441029E-02 0.194117E-02 0.103864E-02 0.955821E-03
  0.185159E-03 0.185159E-03 0.190164E-03 0.197670E-03 0.201423E-03 0.211019E-03
  0.240207E-03 0.232700E-03 0.226445E-03 0.349050E-03 0.125733E-02 0.633169E-02
  0.201135E-01 0.338879E-01 0.273998E-01 0.134227E-01 0.725999E-02 0.396341E-02
  0.204551E-02 0.114473E-02 0.955821E-03 0.195168E-03 0.202424E-03 0.221941E-03
  0.241458E-03 0.246212E-03 0.237034E-03 0.221941E-03 0.214685E-03 0.203425E-03
  0.318274E-03 0.135391E-02 0.637198E-02 0.178258E-01 0.266927E-01 0.226297E-01
  0.107043E-01 0.559756E-02 0.322953E-02 0.187411E-02 0.114949E-02 0.955821E-03
  0.160638E-03 0.168895E-03 0.183908E-03 0.195668E-03 0.204926E-03 0.206843E-03
  0.196419E-03 0.185660E-03 0.220940E-03 0.643803E-03 0.270733E-02 0.872475E-02
  0.161201E-01 0.198213E-01 0.146784E-01 0.833731E-02 0.440654E-02 0.259223E-02
  0.164516E-02 0.107567E-02 0.955821E-03 0.191665E-03 0.197420E-03 0.210681E-03
  0.217437E-03 0.217437E-03 0.195824E-03 0.177152E-03 0.166894E-03 0.335038E-03
  0.143123E-02 0.408676E-02 0.852458E-02 0.134611E-01 0.148560E-01 0.898973E-02
  0.483980E-02 0.286196E-02 0.185735E-02 0.131688E-02 0.101637E-02 0.955821E-03
  0.169646E-03 0.169646E-03 0.174650E-03 0.187161E-03 0.196919E-03 0.196167E-03
  0.165142E-03 0.460145E-03 0.132063E-02 0.279190E-02 0.505510E-02 0.717517E-02
  0.102721E-01 0.102578E-01 0.674155E-02 0.439455E-02 0.285871E-02 0.184684E-02
  0.128235E-02 0.101562E-02 0.955821E-03 0.130112E-03 0.128861E-03 0.130112E-03
  0.136367E-03 0.140120E-03 0.141789E-03 0.195168E-03 0.740637E-03 0.218313E-02
  0.379451E-02 0.620659E-02 0.766284E-02 0.783424E-02 0.695348E-02 0.500180E-02
  0.408806E-02 0.266354E-02 0.162890E-02 0.994605E-03 0.841974E-03 0.955821E-03
  0.930800E-04 0.953319E-04 0.100086E-03 0.105341E-03 0.110095E-03 0.155155E-03
  0.437376E-03 0.119178E-02 0.279465E-02 0.450687E-02 0.623611E-02 0.695098E-02
  0.620208E-02 0.491923E-02 0.375022E-02 0.259411E-02 0.190088E-02 0.147752E-02
  0.108568E-02 0.906529E-03 0.955821E-03 0.105090E-04 0.147627E-04 0.197670E-04
  0.280241E-04 0.595512E-04 0.181371E-03 0.734632E-03 0.221891E-02 0.373646E-02
  0.525727E-02 0.636072E-02 0.649884E-02 0.559306E-02 0.355105E-02 0.218313E-02
  0.149136E-02 0.125883E-02 0.109444E-02 0.828963E-03 0.806193E-03 0.955821E-03
  0.000000E+00 0.000000E+00 0.000000E+00 0.117601E-04 0.680585E-04 0.274150E-03
  0.118152E-02 0.322127E-02 0.484341E-02 0.617256E-02 0.730778E-02 0.667049E-02
  0.507712E-02 0.354530E-02 0.193742E-02 0.141781E-02 0.111921E-02 0.898272E-03
  0.640551E-03 0.720119E-03 0.955821E-03 0.000000E+00 0.000000E+00 0.750634E-06
  0.502932E-04 0.235202E-03 0.703437E-03 0.207128E-02 0.427242E-02 0.599741E-02
  0.794608E-02 0.921993E-02 0.849130E-02 0.562559E-02 0.339792E-02 0.162690E-02
  0.126932E-02 0.101512E-02 0.779170E-03 0.560482E-03 0.699101E-03 0.955821E-03
  0.737479E-04 0.377315E-04 0.154356E-04 0.951863E-04 0.306997E-03 0.758213E-03
  0.177853E-02 0.301080E-02 0.372341E-02 0.423450E-02 0.429282E-02 0.398325E-02
  0.341556E-02 0.194918E-02 0.824090E-03 0.759799E-03 0.631145E-03 0.495655E-03
  0.414189E-03 0.497370E-03 0.607134E-03 0.686027E-06 0.343013E-06 0.168077E-04
  0.946718E-04 0.294477E-03 0.708003E-03 0.165213E-02 0.317013E-02 0.408049E-02
  0.436811E-02 0.370420E-02 0.308249E-02 0.330699E-02 0.200320E-02 0.698547E-03
  0.590809E-03 0.511090E-03 0.458438E-03 0.379030E-03 0.465127E-03 0.607134E-03
  0.449348E-04 0.535101E-04 0.795792E-04 0.180425E-03 0.397553E-03 0.715733E-03
  0.158627E-02 0.302692E-02 0.339292E-02 0.410484E-02 0.492413E-02 0.501880E-02
  0.386679E-02 0.203527E-02 0.124874E-02 0.905396E-03 0.705065E-03 0.600445E-03
  0.492396E-03 0.516750E-03 0.607134E-03 0.102561E-03 0.112851E-03 0.160873E-03
  0.286073E-03 0.510233E-03 0.854436E-03 0.181711E-02 0.308712E-02 0.299983E-02
  0.348931E-02 0.445180E-02 0.565046E-02 0.454116E-02 0.300840E-02 0.239166E-02
  0.164892E-02 0.115270E-02 0.875542E-03 0.652755E-03 0.573519E-03 0.607134E-03
  0.140979E-03 0.145609E-03 0.174765E-03 0.262405E-03 0.436142E-03 0.694562E-03
  0.104619E-02 0.152607E-02 0.247176E-02 0.374331E-02 0.551017E-02 0.599073E-02
  0.550674E-02 0.463000E-02 0.368345E-02 0.239818E-02 0.156500E-02 0.113366E-02
  0.797164E-03 0.616224E-03 0.607134E-03 0.120055E-03 0.118340E-03 0.123485E-03
  0.155214E-03 0.233249E-03 0.377932E-03 0.547107E-03 0.720329E-03 0.140464E-02
  0.297650E-02 0.559198E-02 0.663388E-02 0.701291E-02 0.638091E-02 0.530814E-02
  0.390505E-02 0.254516E-02 0.166962E-02 0.110879E-02 0.744340E-03 0.607134E-03
  0.168420E-03 0.169963E-03 0.178367E-03 0.201006E-03 0.241482E-03 0.308505E-03
  0.400640E-03 0.503544E-03 0.801966E-03 0.191110E-02 0.454870E-02 0.764320E-02
  0.108523E-01 0.115863E-01 0.961210E-02 0.586849E-02 0.334884E-02 0.185004E-02
  0.100709E-02 0.659272E-03 0.607134E-03 0.223645E-03 0.226046E-03 0.229133E-03
  0.235650E-03 0.253659E-03 0.292833E-03 0.349874E-03 0.389664E-03 0.466842E-03
  0.946203E-03 0.288680E-02 0.663320E-02 0.126349E-01 0.160297E-01 0.122909E-01
  0.689319E-02 0.368088E-02 0.185776E-02 0.915675E-03 0.612279E-03 0.607134E-03
  0.209924E-03 0.209410E-03 0.211296E-03 0.218328E-03 0.230848E-03 0.249262E-03
  0.286759E-03 0.309055E-03 0.319174E-03 0.446261E-03 0.146055E-02 0.438028E-02
  0.112755E-01 0.178849E-01 0.158476E-01 0.100448E-01 0.590824E-02 0.319689E-02
  0.149503E-02 0.748970E-03 0.607134E-03 0.209238E-03 0.212497E-03 0.220729E-03
  0.220901E-03 0.215241E-03 0.236576E-03 0.301509E-03 0.297393E-03 0.273039E-03
  0.376800E-03 0.979647E-03 0.415647E-02 0.135134E-01 0.236280E-01 0.215256E-01
  0.117769E-01 0.615246E-02 0.303018E-02 0.133861E-02 0.700948E-03 0.607134E-03
  0.207523E-03 0.209238E-03 0.212668E-03 0.216956E-03 0.224674E-03 0.245834E-03
  0.272696E-03 0.258975E-03 0.240967E-03 0.313000E-03 0.882403E-03 0.438800E-02
  0.135645E-01 0.228181E-01 0.190115E-01 0.923247E-02 0.498999E-02 0.267208E-02
  0.134290E-02 0.746055E-03 0.607134E-03 0.195861E-03 0.196032E-03 0.196375E-03
  0.198433E-03 0.202035E-03 0.206038E-03 0.210096E-03 0.215070E-03 0.210782E-03
  0.355019E-03 0.118889E-02 0.445197E-02 0.114386E-01 0.170409E-01 0.153457E-01
  0.709186E-02 0.370661E-02 0.221810E-02 0.135302E-02 0.798364E-03 0.607134E-03
  0.181111E-03 0.185056E-03 0.189515E-03 0.191059E-03 0.193803E-03 0.197119E-03
  0.202035E-03 0.207866E-03 0.244397E-03 0.688428E-03 0.242888E-02 0.560793E-02
  0.984261E-02 0.124305E-01 0.929670E-02 0.502160E-02 0.265939E-02 0.160925E-02
  0.105683E-02 0.694774E-03 0.607134E-03 0.191745E-03 0.195175E-03 0.202035E-03
  0.205465E-03 0.208895E-03 0.196310E-03 0.178367E-03 0.177853E-03 0.378687E-03
  0.144186E-02 0.344094E-02 0.540075E-02 0.805087E-02 0.919774E-02 0.574925E-02
  0.296298E-02 0.179328E-02 0.117842E-02 0.826491E-03 0.639892E-03 0.607134E-03
  0.160187E-03 0.160359E-03 0.163789E-03 0.172193E-03 0.177853E-03 0.181113E-03
  0.172364E-03 0.434769E-03 0.107569E-02 0.221089E-02 0.367745E-02 0.460050E-02
  0.602109E-02 0.606122E-02 0.408375E-02 0.276220E-02 0.183838E-02 0.118751E-02
  0.822032E-03 0.651040E-03 0.607134E-03 0.111479E-03 0.113195E-03 0.118340E-03
  0.124342E-03 0.133775E-03 0.149787E-03 0.199805E-03 0.595129E-03 0.148182E-02
  0.249028E-02 0.384861E-02 0.466327E-02 0.483735E-02 0.426280E-02 0.292076E-02
  0.229897E-02 0.152984E-02 0.969014E-03 0.606277E-03 0.529956E-03 0.607134E-03
  0.840383E-04 0.874685E-04 0.941572E-04 0.960438E-04 0.993024E-04 0.140768E-03
  0.395323E-03 0.898696E-03 0.193031E-02 0.299485E-02 0.381620E-02 0.430225E-02
  0.397964E-02 0.312348E-02 0.235599E-02 0.155387E-02 0.112749E-02 0.871597E-03
  0.631488E-03 0.550365E-03 0.607134E-03 0.229819E-04 0.264121E-04 0.327578E-04
  0.413331E-04 0.686027E-04 0.155647E-03 0.567859E-03 0.162348E-02 0.262886E-02
  0.342225E-02 0.406608E-02 0.422078E-02 0.352961E-02 0.224022E-02 0.132009E-02
  0.904451E-03 0.789617E-03 0.687914E-03 0.504745E-03 0.496341E-03 0.607134E-03
  0.514519E-05 0.977588E-05 0.197233E-04 0.343014E-04 0.763205E-04 0.221414E-03
  0.909158E-03 0.231448E-02 0.321301E-02 0.399885E-02 0.475074E-02 0.437754E-02
  0.338554E-02 0.243008E-02 0.119900E-02 0.824884E-03 0.666475E-03 0.561513E-03
  0.424479E-03 0.471129E-03 0.607134E-03 0.000000E+00 0.000000E+00 0.106334E-04
  0.598558E-04 0.186942E-03 0.494392E-03 0.143997E-02 0.291236E-02 0.400966E-02
  0.534775E-02 0.616739E-02 0.584495E-02 0.391310E-02 0.226338E-02 0.970386E-03
  0.781304E-03 0.633032E-03 0.492568E-03 0.361193E-03 0.448319E-03 0.607134E-03
  0.927252E-04 0.579533E-04 0.472542E-04 0.148004E-03 0.379817E-03 0.851328E-03
  0.184381E-02 0.298682E-02 0.360648E-02 0.391318E-02 0.424842E-02 0.398629E-02
  0.344688E-02 0.195525E-02 0.816695E-03 0.778680E-03 0.630353E-03 0.471650E-03
  0.400323E-03 0.576858E-03 0.763200E-03 0.285308E-04 0.395865E-04 0.768550E-04
  0.169937E-03 0.375894E-03 0.777121E-03 0.170151E-02 0.327837E-02 0.412806E-02
  0.411326E-02 0.368137E-02 0.297131E-02 0.330155E-02 0.201107E-02 0.679926E-03
  0.557204E-03 0.481636E-03 0.422435E-03 0.353782E-03 0.536558E-03 0.763200E-03
  0.261057E-03 0.266407E-03 0.273718E-03 0.358597E-03 0.582742E-03 0.910465E-03
  0.163821E-02 0.282188E-02 0.338358E-02 0.398647E-02 0.462021E-02 0.466158E-02
  0.376607E-02 0.207080E-02 0.125554E-02 0.913997E-03 0.723970E-03 0.594155E-03
  0.483063E-03 0.596116E-03 0.763200E-03 0.649790E-03 0.659954E-03 0.675289E-03
  0.731638E-03 0.886774E-03 0.116581E-02 0.192512E-02 0.293511E-02 0.299146E-02
  0.336289E-02 0.418476E-02 0.528302E-02 0.428087E-02 0.285540E-02 0.231456E-02
  0.164866E-02 0.113820E-02 0.849506E-03 0.669583E-03 0.684562E-03 0.763200E-03
  0.102675E-02 0.103906E-02 0.102872E-02 0.100197E-02 0.104013E-02 0.117659E-02
  0.145472E-02 0.191478E-02 0.291389E-02 0.387021E-02 0.544654E-02 0.564233E-02
  0.513216E-02 0.415231E-02 0.332580E-02 0.225753E-02 0.146738E-02 0.104601E-02
  0.828643E-03 0.764627E-03 0.763200E-03 0.939735E-03 0.937060E-03 0.908529E-03
  0.870191E-03 0.877323E-03 0.949271E-03 0.989664E-03 0.104494E-02 0.171809E-02
  0.328015E-02 0.578106E-02 0.636059E-02 0.655674E-02 0.604497E-02 0.490641E-02
  0.346983E-02 0.229406E-02 0.157811E-02 0.123039E-02 0.954000E-03 0.763200E-03
  0.677251E-03 0.680104E-03 0.682600E-03 0.689733E-03 0.715589E-03 0.758933E-03
  0.773899E-03 0.822223E-03 0.120882E-02 0.244973E-02 0.510666E-02 0.780622E-02
  0.105393E-01 0.106939E-01 0.868104E-02 0.528199E-02 0.306992E-02 0.176642E-02
  0.106795E-02 0.807245E-03 0.763200E-03 0.573827E-03 0.575610E-03 0.573113E-03
  0.569725E-03 0.583456E-03 0.618417E-03 0.663342E-03 0.713271E-03 0.871261E-03
  0.146024E-02 0.340034E-02 0.677679E-02 0.121869E-01 0.149248E-01 0.114544E-01
  0.645544E-02 0.348504E-02 0.180493E-02 0.998579E-03 0.769441E-03 0.763200E-03
  0.422970E-03 0.424218E-03 0.434025E-03 0.456850E-03 0.493762E-03 0.542575E-03
  0.615553E-03 0.671545E-03 0.720582E-03 0.884812E-03 0.188535E-02 0.458384E-02
  0.108109E-01 0.164354E-01 0.144491E-01 0.939121E-02 0.561541E-02 0.303836E-02
  0.148967E-02 0.866446E-03 0.763200E-03 0.626609E-03 0.630532E-03 0.639447E-03
  0.638913E-03 0.628570E-03 0.624707E-03 0.633028E-03 0.662094E-03 0.686523E-03
  0.792266E-03 0.135129E-02 0.424985E-02 0.126905E-01 0.211487E-01 0.189992E-01
  0.106520E-01 0.568905E-02 0.286967E-02 0.136859E-02 0.832566E-03 0.763200E-03
  0.134273E-02 0.131688E-02 0.123574E-02 0.111805E-02 0.101106E-02 0.914150E-03
  0.754284E-03 0.644619E-03 0.595581E-03 0.684740E-03 0.119295E-02 0.432866E-02
  0.126588E-01 0.210816E-01 0.172540E-01 0.867583E-02 0.480299E-02 0.265604E-02
  0.150500E-02 0.957566E-03 0.763200E-03 0.185094E-02 0.186253E-02 0.187822E-02
  0.187751E-02 0.186467E-02 0.181835E-02 0.160165E-02 0.120186E-02 0.668691E-03
  0.710061E-03 0.155261E-02 0.439856E-02 0.104321E-01 0.154393E-01 0.134271E-01
  0.638645E-02 0.351732E-02 0.227997E-02 0.173450E-02 0.117511E-02 0.763200E-03
  0.181207E-02 0.182437E-02 0.185058E-02 0.188589E-02 0.191478E-02 0.191751E-02
  0.187287E-02 0.159612E-02 0.901575E-03 0.119794E-02 0.310772E-02 0.579212E-02
  0.908422E-02 0.111434E-01 0.852074E-02 0.462094E-02 0.247255E-02 0.154726E-02
  0.130671E-02 0.102533E-02 0.763200E-03 0.126927E-02 0.126267E-02 0.127176E-02
  0.131652E-02 0.137697E-02 0.141216E-02 0.125019E-02 0.832209E-03 0.776217E-03
  0.219367E-02 0.413055E-02 0.528124E-02 0.738360E-02 0.818211E-02 0.503605E-02
  0.255643E-02 0.161164E-02 0.113892E-02 0.104298E-02 0.927252E-03 0.763200E-03
  0.434739E-03 0.407991E-03 0.365195E-03 0.335059E-03 0.322933E-03 0.347255E-03
  0.397292E-03 0.757494E-03 0.154120E-02 0.291353E-02 0.395384E-02 0.443048E-02
  0.537967E-02 0.512343E-02 0.364606E-02 0.249123E-02 0.163874E-02 0.109380E-02
  0.877324E-03 0.805640E-03 0.763200E-03 0.361985E-03 0.362877E-03 0.363768E-03
  0.357527E-03 0.341479E-03 0.324535E-03 0.386058E-03 0.845226E-03 0.195793E-02
  0.300465E-02 0.383918E-02 0.434560E-02 0.431975E-02 0.352623E-02 0.249556E-02
  0.194563E-02 0.129013E-02 0.828286E-03 0.554568E-03 0.607172E-03 0.763200E-03
  0.574896E-03 0.568299E-03 0.549754E-03 0.522114E-03 0.495367E-03 0.510002E-03
  0.746795E-03 0.126213E-02 0.225768E-02 0.314749E-02 0.363839E-02 0.398505E-02
  0.364250E-02 0.273468E-02 0.213714E-02 0.137282E-02 0.952038E-03 0.720047E-03
  0.606815E-03 0.667443E-03 0.763200E-03 0.275679E-03 0.284952E-03 0.308133E-03
  0.343083E-03 0.403533E-03 0.536189E-03 0.101070E-02 0.206082E-02 0.291567E-02
  0.354086E-02 0.397756E-02 0.390641E-02 0.327998E-02 0.220775E-02 0.130279E-02
  0.851451E-03 0.715411E-03 0.612343E-03 0.506066E-03 0.607707E-03 0.763200E-03
  0.225394E-03 0.242690E-03 0.280494E-03 0.330958E-03 0.417085E-03 0.615505E-03
  0.130261E-02 0.259524E-02 0.327980E-02 0.392656E-02 0.469778E-02 0.436326E-02
  0.340480E-02 0.250269E-02 0.124751E-02 0.807597E-03 0.654426E-03 0.592193E-03
  0.504639E-03 0.600218E-03 0.763200E-03 0.567051E-04 0.741803E-04 0.131242E-03
  0.243939E-03 0.453462E-03 0.880321E-03 0.176962E-02 0.301018E-02 0.387859E-02
  0.511415E-02 0.594850E-02 0.572382E-02 0.384988E-02 0.238803E-02 0.106705E-02
  0.756111E-03 0.599326E-03 0.492692E-03 0.395687E-03 0.549397E-03 0.763200E-03
  0.279817E-03 0.301581E-03 0.799034E-03 0.237845E-02 0.518906E-02 0.981580E-02
  0.175539E-01 0.191675E-01 0.191893E-01 0.196618E-01 0.175788E-01 0.165372E-01
  0.119669E-01 0.494655E-02 0.200536E-02 0.146333E-02 0.154832E-02 0.168201E-02
  0.173798E-02 0.171000E-02 0.170378E-02 0.497453E-05 0.590726E-04 0.460766E-03
  0.188535E-02 0.493100E-02 0.976146E-02 0.150971E-01 0.170633E-01 0.183467E-01
  0.224532E-01 0.206773E-01 0.149503E-01 0.979299E-02 0.555966E-02 0.223419E-02
  0.116904E-02 0.118643E-02 0.135805E-02 0.135121E-02 0.146811E-02 0.170378E-02
  0.110683E-03 0.145505E-03 0.362519E-03 0.111740E-02 0.319489E-02 0.785595E-02
  0.149205E-01 0.172081E-01 0.191488E-01 0.208246E-01 0.173561E-01 0.161088E-01
  0.147569E-01 0.105982E-01 0.409653E-02 0.163950E-02 0.175041E-02 0.195499E-02
  0.206505E-02 0.186980E-02 0.170378E-02 0.191519E-03 0.251836E-03 0.538493E-03
  0.133007E-02 0.297974E-02 0.601021E-02 0.110043E-01 0.137931E-01 0.208762E-01
  0.256984E-01 0.219029E-01 0.211704E-01 0.174842E-01 0.104185E-01 0.462010E-02
  0.353841E-02 0.346290E-02 0.280315E-02 0.234922E-02 0.195313E-02 0.170378E-02
  0.192763E-03 0.221367E-03 0.386148E-03 0.846292E-03 0.163538E-02 0.288686E-02
  0.616096E-02 0.114626E-01 0.174252E-01 0.266579E-01 0.294778E-01 0.248938E-01
  0.205485E-01 0.145971E-01 0.119034E-01 0.927423E-02 0.613422E-02 0.389630E-02
  0.241016E-02 0.173549E-02 0.170378E-02 0.000000E+00 0.000000E+00 0.373090E-04
  0.214527E-03 0.649798E-03 0.143872E-02 0.309043E-02 0.767322E-02 0.162014E-01
  0.261629E-01 0.312929E-01 0.318152E-01 0.306369E-01 0.232311E-01 0.163569E-01
  0.100851E-01 0.603473E-02 0.380863E-02 0.242508E-02 0.173176E-02 0.170378E-02
  0.335781E-04 0.397962E-04 0.659125E-04 0.161672E-03 0.386148E-03 0.832554E-03
  0.193696E-02 0.469969E-02 0.986139E-02 0.176117E-01 0.284295E-01 0.388380E-01
  0.434805E-01 0.386950E-01 0.243547E-01 0.140074E-01 0.767197E-02 0.414379E-02
  0.235793E-02 0.171062E-02 0.170378E-02 0.106952E-03 0.125607E-03 0.163538E-03
  0.233181E-03 0.343865E-03 0.574229E-03 0.141215E-02 0.327884E-02 0.535757E-02
  0.117181E-01 0.222430E-01 0.412333E-01 0.545918E-01 0.469627E-01 0.298124E-01
  0.151462E-01 0.766824E-02 0.413943E-02 0.238715E-02 0.168699E-02 0.170378E-02
  0.103222E-03 0.100734E-03 0.982470E-04 0.112549E-03 0.159807E-03 0.254976E-03
  0.466984E-03 0.800277E-03 0.155268E-02 0.467792E-02 0.143957E-01 0.345550E-01
  0.513235E-01 0.464217E-01 0.348578E-01 0.172170E-01 0.891250E-02 0.587679E-02
  0.415125E-02 0.243566E-02 0.170378E-02 0.171621E-03 0.167890E-03 0.149236E-03
  0.138043E-03 0.152967E-03 0.187386E-03 0.275465E-03 0.396097E-03 0.677158E-03
  0.209614E-02 0.968852E-02 0.226801E-01 0.389599E-01 0.438866E-01 0.331621E-01
  0.179526E-01 0.974697E-02 0.469347E-02 0.225160E-02 0.161859E-02 0.170378E-02
  0.335781E-03 0.373090E-03 0.363763E-03 0.273599E-03 0.223854E-03 0.259111E-03
  0.332672E-03 0.264272E-03 0.345108E-03 0.138043E-02 0.719753E-02 0.206039E-01
  0.368675E-01 0.397123E-01 0.287310E-01 0.165135E-01 0.924641E-02 0.484395E-02
  0.244374E-02 0.167890E-02 0.170378E-02 0.108196E-03 0.110683E-03 0.105709E-03
  0.982470E-04 0.141774E-03 0.303920E-03 0.508024E-03 0.362519E-03 0.343243E-03
  0.175850E-02 0.111324E-01 0.290394E-01 0.444170E-01 0.453267E-01 0.280806E-01
  0.116110E-01 0.610189E-02 0.396470E-02 0.242198E-02 0.175104E-02 0.170378E-02
  0.207687E-03 0.178461E-03 0.138665E-03 0.121876E-03 0.111305E-03 0.986574E-04
  0.752398E-04 0.146127E-03 0.158625E-02 0.905738E-02 0.175719E-01 0.294194E-01
  0.411114E-01 0.468296E-01 0.277038E-01 0.120738E-01 0.591037E-02 0.352446E-02
  0.216392E-02 0.165714E-02 0.170378E-02 0.222610E-03 0.220745E-03 0.218879E-03
  0.194007E-03 0.181570E-03 0.150043E-03 0.108196E-03 0.349461E-03 0.404492E-02
  0.165005E-01 0.234102E-01 0.291284E-01 0.350369E-01 0.358794E-01 0.211212E-01
  0.769202E-02 0.454113E-02 0.262220E-02 0.153153E-02 0.144137E-02 0.170378E-02
  0.134313E-03 0.845672E-04 0.472581E-04 0.116280E-03 0.179705E-03 0.189863E-03
  0.131825E-03 0.151350E-02 0.143416E-01 0.305984E-01 0.234730E-01 0.196059E-01
  0.224302E-01 0.220061E-01 0.161436E-01 0.924680E-02 0.501744E-02 0.246861E-02
  0.151972E-02 0.151350E-02 0.170378E-02 0.000000E+00 0.000000E+00 0.932725E-05
  0.310908E-04 0.621817E-04 0.167934E-03 0.101667E-02 0.554349E-02 0.125949E-01
  0.179083E-01 0.229326E-01 0.225253E-01 0.190991E-01 0.135929E-01 0.832612E-02
  0.700252E-02 0.406046E-02 0.258987E-02 0.219190E-02 0.187789E-02 0.170378E-02
  0.000000E+00 0.000000E+00 0.000000E+00 0.180327E-04 0.119389E-03 0.522901E-03
  0.283922E-02 0.807802E-02 0.142993E-01 0.172088E-01 0.193267E-01 0.196749E-01
  0.137552E-01 0.101456E-01 0.592156E-02 0.410308E-02 0.293870E-02 0.225906E-02
  0.174793E-02 0.156636E-02 0.170378E-02 0.000000E+00 0.000000E+00 0.000000E+00
  0.128094E-03 0.611245E-03 0.195341E-02 0.701720E-02 0.139915E-01 0.185283E-01
  0.224675E-01 0.222119E-01 0.207817E-01 0.135537E-01 0.875580E-02 0.520647E-02
  0.373708E-02 0.254447E-02 0.188597E-02 0.136302E-02 0.138479E-02 0.170378E-02
  0.000000E+00 0.000000E+00 0.186544E-05 0.189032E-03 0.880492E-03 0.264418E-02
  0.856863E-02 0.153750E-01 0.190382E-01 0.241887E-01 0.234182E-01 0.169482E-01
  0.113071E-01 0.577543E-02 0.338828E-02 0.247616E-02 0.218195E-02 0.195686E-02
  0.158252E-02 0.151101E-02 0.170378E-02 0.000000E+00 0.746168E-05 0.215770E-03
  0.987443E-03 0.258675E-02 0.552890E-02 0.127858E-01 0.212301E-01 0.206350E-01
  0.221043E-01 0.241557E-01 0.214850E-01 0.111504E-01 0.474073E-02 0.287590E-02
  0.193803E-02 0.185488E-02 0.187229E-02 0.178648E-02 0.168388E-02 0.170378E-02
  0.202784E-03 0.198808E-03 0.489068E-03 0.146919E-02 0.328232E-02 0.631643E-02
  0.107277E-01 0.117197E-01 0.119623E-01 0.129265E-01 0.116840E-01 0.109185E-01
  0.833802E-02 0.336781E-02 0.147118E-02 0.118490E-02 0.118490E-02 0.122068E-02
  0.119484E-02 0.123857E-02 0.132804E-02 0.229822E-03 0.286681E-03 0.592448E-03
  0.153957E-02 0.351493E-02 0.650904E-02 0.913046E-02 0.104887E-01 0.109655E-01
  0.122207E-01 0.107448E-01 0.814438E-02 0.629904E-02 0.362268E-02 0.143261E-02
  0.895426E-03 0.936387E-03 0.101869E-02 0.953882E-03 0.108231E-02 0.132804E-02
  0.228232E-03 0.243739E-03 0.367795E-03 0.803980E-03 0.195747E-02 0.416930E-02
  0.734676E-02 0.961317E-02 0.112748E-01 0.118653E-01 0.945810E-02 0.988713E-02
  0.946605E-02 0.762549E-02 0.304892E-02 0.129092E-02 0.127476E-02 0.128390E-02
  0.127873E-02 0.127834E-02 0.132804E-02 0.236184E-03 0.270777E-03 0.451692E-03
  0.952291E-03 0.192884E-02 0.342736E-02 0.605053E-02 0.803463E-02 0.121174E-01
  0.147738E-01 0.132124E-01 0.141416E-01 0.118832E-01 0.773682E-02 0.342745E-02
  0.281679E-02 0.289425E-02 0.222188E-02 0.163619E-02 0.137217E-02 0.132804E-02
  0.209941E-03 0.232208E-03 0.368193E-03 0.748314E-03 0.138410E-02 0.219904E-02
  0.420400E-02 0.820243E-02 0.115452E-01 0.172176E-01 0.194112E-01 0.168470E-01
  0.138498E-01 0.105078E-01 0.911456E-02 0.682550E-02 0.468551E-02 0.291373E-02
  0.172764E-02 0.130100E-02 0.132804E-02 0.556663E-04 0.616305E-04 0.103380E-03
  0.266403E-03 0.656067E-03 0.131100E-02 0.236582E-02 0.586882E-02 0.113698E-01
  0.174037E-01 0.212784E-01 0.211055E-01 0.215091E-01 0.170756E-01 0.124991E-01
  0.737138E-02 0.453283E-02 0.288471E-02 0.179723E-02 0.132009E-02 0.132804E-02
  0.100995E-03 0.104971E-03 0.132804E-03 0.227437E-03 0.459645E-03 0.899017E-03
  0.156223E-02 0.319882E-02 0.643980E-02 0.128518E-01 0.210840E-01 0.282598E-01
  0.319385E-01 0.297755E-01 0.187102E-01 0.102689E-01 0.587558E-02 0.342825E-02
  0.202148E-02 0.139603E-02 0.132804E-02 0.139961E-03 0.147913E-03 0.172168E-03
  0.224653E-03 0.328829E-03 0.553826E-03 0.123221E-02 0.251532E-02 0.368471E-02
  0.927003E-02 0.179790E-01 0.320300E-01 0.421871E-01 0.365783E-01 0.219572E-01
  0.107861E-01 0.571216E-02 0.323143E-02 0.195031E-02 0.137257E-02 0.132804E-02
  0.142347E-03 0.147516E-03 0.148708E-03 0.153878E-03 0.190458E-03 0.275179E-03
  0.446523E-03 0.690262E-03 0.111333E-02 0.373163E-02 0.116927E-01 0.272296E-01
  0.414809E-01 0.392356E-01 0.275318E-01 0.145795E-01 0.831456E-02 0.549426E-02
  0.386404E-02 0.217655E-02 0.132804E-02 0.148709E-03 0.157456E-03 0.161035E-03
  0.155070E-03 0.161035E-03 0.187420E-03 0.255270E-03 0.343938E-03 0.658850E-03
  0.233043E-02 0.956307E-02 0.204395E-01 0.349950E-01 0.404821E-01 0.285087E-01
  0.153332E-01 0.828990E-02 0.400758E-02 0.187993E-02 0.128987E-02 0.132804E-02
  0.246522E-03 0.254474E-03 0.236582E-03 0.196820E-03 0.192844E-03 0.239914E-03
  0.278331E-03 0.232606E-03 0.335986E-03 0.139365E-02 0.719884E-02 0.206701E-01
  0.359405E-01 0.393223E-01 0.293242E-01 0.161669E-01 0.843344E-02 0.416901E-02
  0.201194E-02 0.133400E-02 0.132804E-02 0.122466E-03 0.111333E-03 0.958256E-04
  0.994041E-04 0.124056E-03 0.175764E-03 0.216701E-03 0.200001E-03 0.322069E-03
  0.189106E-02 0.120013E-01 0.271234E-01 0.373409E-01 0.368972E-01 0.255679E-01
  0.111204E-01 0.590301E-02 0.367517E-02 0.224216E-02 0.152844E-02 0.132804E-02
  0.478730E-03 0.460837E-03 0.369783E-03 0.242546E-03 0.171770E-03 0.148175E-03
  0.124056E-03 0.158649E-03 0.172406E-02 0.795034E-02 0.153619E-01 0.199214E-01
  0.283115E-01 0.332829E-01 0.212240E-01 0.954437E-02 0.526524E-02 0.338849E-02
  0.212486E-02 0.146402E-02 0.132804E-02 0.549506E-03 0.542349E-03 0.459247E-03
  0.306165E-03 0.211930E-03 0.152398E-03 0.149504E-03 0.398809E-03 0.333083E-02
  0.139361E-01 0.200168E-01 0.199910E-01 0.201937E-01 0.217230E-01 0.151659E-01
  0.710487E-02 0.496822E-02 0.292447E-02 0.153639E-02 0.121869E-02 0.132804E-02
  0.207556E-03 0.164216E-03 0.114116E-03 0.136780E-03 0.166999E-03 0.170977E-03
  0.185686E-03 0.110497E-02 0.831416E-02 0.204140E-01 0.180407E-01 0.131034E-01
  0.130390E-01 0.130211E-01 0.103126E-01 0.715952E-02 0.462428E-02 0.239803E-02
  0.130697E-02 0.118688E-02 0.132804E-02 0.477140E-04 0.516901E-04 0.596425E-04
  0.735590E-04 0.105368E-03 0.235973E-03 0.114712E-02 0.387080E-02 0.804179E-02
  0.108847E-01 0.143162E-01 0.136999E-01 0.121034E-01 0.908951E-02 0.577538E-02
  0.452813E-02 0.258053E-02 0.171373E-02 0.147118E-02 0.134394E-02 0.132804E-02
  0.405569E-04 0.405569E-04 0.369783E-04 0.489068E-04 0.125249E-03 0.437504E-03
  0.220319E-02 0.577737E-02 0.904697E-02 0.105098E-01 0.119388E-01 0.128752E-01
  0.968315E-02 0.662628E-02 0.408312E-02 0.300039E-02 0.216264E-02 0.166243E-02
  0.126999E-02 0.118013E-02 0.132804E-02 0.556664E-05 0.834995E-05 0.306165E-04
  0.149901E-03 0.544734E-03 0.163221E-02 0.509426E-02 0.941913E-02 0.117321E-01
  0.138422E-01 0.142271E-01 0.138120E-01 0.920084E-02 0.624854E-02 0.376185E-02
  0.270904E-02 0.200637E-02 0.156780E-02 0.113718E-02 0.109742E-02 0.132804E-02
  0.000000E+00 0.000000E+00 0.206760E-04 0.199603E-03 0.745531E-03 0.204341E-02
  0.607359E-02 0.100891E-01 0.121977E-01 0.155798E-01 0.148343E-01 0.109038E-01
  0.789746E-02 0.452607E-02 0.253759E-02 0.176575E-02 0.157297E-02 0.146601E-02
  0.118172E-02 0.113957E-02 0.132804E-02 0.000000E+00 0.834988E-05 0.168987E-03
  0.743939E-03 0.189424E-02 0.389542E-02 0.868076E-02 0.135138E-01 0.127376E-01
  0.140037E-01 0.163436E-01 0.150685E-01 0.798613E-02 0.348392E-02 0.190140E-02
  0.139880E-02 0.139921E-02 0.134593E-02 0.119961E-02 0.120319E-02 0.132804E-02
  0.115099E-03 0.123856E-03 0.341544E-03 0.101838E-02 0.221816E-02 0.412330E-02
  0.689343E-02 0.806068E-02 0.716741E-02 0.791806E-02 0.766284E-02 0.686715E-02
  0.541215E-02 0.227070E-02 0.980843E-03 0.751511E-03 0.669325E-03 0.668074E-03
  0.683087E-03 0.753148E-03 0.825710E-03 0.200172E-05 0.335288E-04 0.222191E-03
  0.819705E-03 0.202174E-02 0.378976E-02 0.545219E-02 0.658816E-02 0.647682E-02
  0.703980E-02 0.666773E-02 0.511265E-02 0.407676E-02 0.226295E-02 0.805192E-03
  0.537446E-03 0.607773E-03 0.665322E-03 0.583752E-03 0.653812E-03 0.825710E-03
  0.720620E-04 0.928298E-04 0.195918E-03 0.509688E-03 0.132189E-02 0.296041E-02
  0.490747E-02 0.533684E-02 0.614578E-02 0.649509E-02 0.553000E-02 0.591734E-02
  0.566637E-02 0.485117E-02 0.190714E-02 0.761811E-03 0.787928E-03 0.797185E-03
  0.723122E-03 0.735132E-03 0.825710E-03 0.163140E-03 0.194918E-03 0.338791E-03
  0.723122E-03 0.146451E-02 0.255951E-02 0.405324E-02 0.477836E-02 0.702229E-02
  0.801990E-02 0.715315E-02 0.832816E-02 0.732580E-02 0.487970E-02 0.223867E-02
  0.164250E-02 0.164942E-02 0.132714E-02 0.104290E-02 0.877004E-03 0.825710E-03
  0.208179E-03 0.229447E-03 0.341794E-03 0.651060E-03 0.115750E-02 0.170643E-02
  0.298932E-02 0.584127E-02 0.793282E-02 0.106131E-01 0.120236E-01 0.105598E-01
  0.844776E-02 0.639975E-02 0.582926E-02 0.432243E-02 0.292376E-02 0.183183E-02
  0.110395E-02 0.830214E-03 0.825710E-03 0.127610E-03 0.131363E-03 0.163891E-03
  0.291501E-03 0.579248E-03 0.101182E-02 0.172273E-02 0.402346E-02 0.730503E-02
  0.110895E-01 0.136805E-01 0.129486E-01 0.134015E-01 0.107380E-01 0.789554E-02
  0.494729E-02 0.319149E-02 0.203675E-02 0.122105E-02 0.848229E-03 0.825710E-03
  0.177152E-03 0.182157E-03 0.202424E-03 0.267230E-03 0.423114E-03 0.720048E-03
  0.117801E-02 0.209931E-02 0.416658E-02 0.862792E-02 0.143999E-01 0.182722E-01
  0.208359E-01 0.198363E-01 0.125068E-01 0.687266E-02 0.394990E-02 0.228822E-02
  0.134391E-02 0.899023E-03 0.825710E-03 0.226695E-03 0.232450E-03 0.244961E-03
  0.270232E-03 0.340793E-03 0.506325E-03 0.905529E-03 0.148478E-02 0.236904E-02
  0.618457E-02 0.124137E-01 0.217219E-01 0.277083E-01 0.250711E-01 0.158336E-01
  0.772019E-02 0.402071E-02 0.219764E-02 0.128886E-02 0.880007E-03 0.825710E-03
  0.196169E-03 0.199421E-03 0.207679E-03 0.219188E-03 0.246212E-03 0.309454E-03
  0.417609E-03 0.520948E-03 0.766159E-03 0.248514E-02 0.821206E-02 0.197515E-01
  0.293277E-01 0.276177E-01 0.197275E-01 0.106298E-01 0.603569E-02 0.372345E-02
  0.237980E-02 0.129687E-02 0.825710E-03 0.186160E-03 0.188912E-03 0.196919E-03
  0.209680E-03 0.218938E-03 0.233040E-03 0.282993E-03 0.334287E-03 0.565486E-03
  0.210356E-02 0.772339E-02 0.163901E-01 0.277246E-01 0.308851E-01 0.194257E-01
  0.972784E-02 0.502182E-02 0.238305E-02 0.112897E-02 0.792682E-03 0.825710E-03
  0.205176E-03 0.212683E-03 0.222691E-03 0.226445E-03 0.225194E-03 0.242719E-03
  0.282743E-03 0.262726E-03 0.349050E-03 0.149754E-02 0.660443E-02 0.160951E-01
  0.278740E-01 0.287973E-01 0.213946E-01 0.125595E-01 0.625663E-02 0.287747E-02
  0.133865E-02 0.859489E-03 0.825710E-03 0.175151E-03 0.173149E-03 0.173900E-03
  0.181656E-03 0.189413E-03 0.206184E-03 0.237704E-03 0.254469E-03 0.349801E-03
  0.172123E-02 0.997483E-02 0.203890E-01 0.275132E-01 0.243907E-01 0.178654E-01
  0.858508E-02 0.431271E-02 0.239306E-02 0.134115E-02 0.914536E-03 0.825710E-03
  0.390836E-03 0.398593E-03 0.389335E-03 0.364313E-03 0.318274E-03 0.247196E-03
  0.214434E-03 0.235452E-03 0.151755E-02 0.610400E-02 0.110160E-01 0.132757E-01
  0.188184E-01 0.214657E-01 0.139620E-01 0.628400E-02 0.361085E-02 0.223767E-02
  0.132739E-02 0.902526E-03 0.825710E-03 0.477911E-03 0.499930E-03 0.557980E-03
  0.642302E-03 0.628791E-03 0.464849E-03 0.287747E-03 0.473407E-03 0.275287E-02
  0.104690E-01 0.142483E-01 0.121282E-01 0.117083E-01 0.131858E-01 0.111326E-01
  0.565057E-02 0.434724E-02 0.254919E-02 0.122255E-02 0.817453E-03 0.825710E-03
  0.228697E-03 0.201674E-03 0.172899E-03 0.189413E-03 0.203925E-03 0.212188E-03
  0.231449E-03 0.856736E-03 0.516219E-02 0.131526E-01 0.121737E-01 0.781722E-02
  0.753097E-02 0.757376E-02 0.608198E-02 0.488474E-02 0.376749E-02 0.193867E-02
  0.905028E-03 0.745391E-03 0.825710E-03 0.105090E-03 0.107593E-03 0.116350E-03
  0.130112E-03 0.157636E-03 0.261099E-03 0.821957E-03 0.233826E-02 0.478036E-02
  0.643053E-02 0.816702E-02 0.778419E-02 0.729002E-02 0.539089E-02 0.312769E-02
  0.239648E-02 0.150630E-02 0.104590E-02 0.918290E-03 0.844476E-03 0.825710E-03
  0.820705E-04 0.845727E-04 0.895770E-04 0.104089E-03 0.159387E-03 0.385923E-03
  0.154508E-02 0.373346E-02 0.560532E-02 0.638824E-02 0.724648E-02 0.790305E-02
  0.589257E-02 0.381303E-02 0.245561E-02 0.194182E-02 0.141021E-02 0.107417E-02
  0.813199E-03 0.745891E-03 0.825710E-03 0.255220E-04 0.322778E-04 0.570491E-04
  0.151881E-03 0.447635E-03 0.126305E-02 0.358158E-02 0.593811E-02 0.729377E-02
  0.850606E-02 0.889164E-02 0.861090E-02 0.559906E-02 0.346873E-02 0.206503E-02
  0.146670E-02 0.112447E-02 0.881258E-03 0.632794E-03 0.659817E-03 0.825710E-03
  0.215185E-04 0.197670E-04 0.445383E-04 0.188912E-03 0.587255E-03 0.150027E-02
  0.428568E-02 0.666098E-02 0.788128E-02 0.962728E-02 0.951593E-02 0.709185E-02
  0.529881E-02 0.281167E-02 0.166768E-02 0.108049E-02 0.930550E-03 0.850982E-03
  0.689843E-03 0.700102E-03 0.825710E-03 0.000000E+00 0.227695E-04 0.152631E-03
  0.544968E-03 0.130687E-02 0.255291E-02 0.537237E-02 0.856937E-02 0.781547E-02
  0.885586E-02 0.105891E-01 0.974713E-02 0.519347E-02 0.228847E-02 0.133840E-02
  0.823920E-03 0.734131E-03 0.763156E-03 0.743890E-03 0.760654E-03 0.825710E-03
  0.788931E-04 0.934712E-04 0.269266E-03 0.778641E-03 0.163189E-02 0.284279E-02
  0.452349E-02 0.538531E-02 0.502000E-02 0.550623E-02 0.529613E-02 0.457580E-02
  0.361193E-02 0.151012E-02 0.628573E-03 0.429932E-03 0.382460E-03 0.398753E-03
  0.422764E-03 0.471644E-03 0.517951E-03 0.171507E-05 0.238394E-04 0.160702E-03
  0.597015E-03 0.147427E-02 0.277444E-02 0.380128E-02 0.417979E-02 0.403144E-02
  0.469003E-02 0.452229E-02 0.331574E-02 0.265595E-02 0.152607E-02 0.556883E-03
  0.343233E-03 0.395323E-03 0.452607E-03 0.415046E-03 0.435970E-03 0.517951E-03
  0.538531E-04 0.691173E-04 0.141322E-03 0.353304E-03 0.867139E-03 0.182696E-02
  0.302487E-02 0.319071E-02 0.354796E-02 0.415304E-02 0.358243E-02 0.366647E-02
  0.360336E-02 0.326309E-02 0.126263E-02 0.507319E-03 0.497027E-03 0.501314E-03
  0.483135E-03 0.485879E-03 0.517951E-03 0.133775E-03 0.157272E-03 0.265150E-03
  0.551394E-03 0.106849E-02 0.171569E-02 0.265407E-02 0.365001E-02 0.469328E-02
  0.526097E-02 0.470975E-02 0.512462E-02 0.463377E-02 0.302710E-02 0.138183E-02
  0.105759E-02 0.101258E-02 0.806254E-03 0.676423E-03 0.577806E-03 0.517951E-03
  0.180768E-03 0.200148E-03 0.297050E-03 0.562714E-03 0.981019E-03 0.133267E-02
  0.217368E-02 0.446347E-02 0.545512E-02 0.683695E-02 0.769414E-02 0.665481E-02
  0.556660E-02 0.406094E-02 0.346392E-02 0.258449E-02 0.173170E-02 0.105974E-02
  0.669563E-03 0.531328E-03 0.517951E-03 0.130345E-03 0.135490E-03 0.168077E-03
  0.280414E-03 0.514521E-03 0.829604E-03 0.134719E-02 0.287445E-02 0.483907E-02
  0.741853E-02 0.888663E-02 0.852389E-02 0.872712E-02 0.661330E-02 0.476875E-02
  0.328461E-02 0.226475E-02 0.137634E-02 0.772638E-03 0.533386E-03 0.517951E-03
  0.179053E-03 0.184027E-03 0.204779E-03 0.263263E-03 0.387605E-03 0.591645E-03
  0.886347E-03 0.151784E-02 0.296793E-02 0.577000E-02 0.941092E-02 0.123615E-01
  0.143721E-01 0.134247E-01 0.841515E-02 0.455681E-02 0.268322E-02 0.150394E-02
  0.843471E-03 0.565458E-03 0.517951E-03 0.243883E-03 0.254688E-03 0.263434E-03
  0.274239E-03 0.328607E-03 0.450875E-03 0.704550E-03 0.120003E-02 0.173736E-02
  0.426675E-02 0.845100E-02 0.141551E-01 0.183761E-01 0.165096E-01 0.106880E-01
  0.519280E-02 0.267911E-02 0.141665E-02 0.795963E-03 0.550365E-03 0.517951E-03
  0.207180E-03 0.212154E-03 0.219186E-03 0.223988E-03 0.244740E-03 0.292034E-03
  0.364452E-03 0.438028E-03 0.613137E-03 0.174783E-02 0.553075E-02 0.130642E-01
  0.193936E-01 0.185320E-01 0.141546E-01 0.798698E-02 0.438715E-02 0.247862E-02
  0.145026E-02 0.789960E-03 0.517951E-03 0.218157E-03 0.234621E-03 0.267894E-03
  0.269780E-03 0.243540E-03 0.243431E-03 0.277670E-03 0.309570E-03 0.457409E-03
  0.146055E-02 0.523216E-02 0.117108E-01 0.201586E-01 0.213848E-01 0.134895E-01
  0.676776E-02 0.354642E-02 0.170941E-02 0.807797E-03 0.531843E-03 0.517951E-03
  0.197233E-03 0.199805E-03 0.208381E-03 0.216956E-03 0.222959E-03 0.235541E-03
  0.244397E-03 0.258118E-03 0.320718E-03 0.106935E-02 0.468557E-02 0.117645E-01
  0.205491E-01 0.210773E-01 0.154588E-01 0.938121E-02 0.461696E-02 0.205208E-02
  0.936427E-03 0.571118E-03 0.517951E-03 0.182140E-03 0.182140E-03 0.184198E-03
  0.190201E-03 0.202721E-03 0.229142E-03 0.235822E-03 0.238223E-03 0.333409E-03
  0.139521E-02 0.714943E-02 0.143673E-01 0.192088E-01 0.157783E-01 0.118489E-01
  0.653357E-02 0.325040E-02 0.159656E-02 0.784815E-03 0.537845E-03 0.517951E-03
  0.195518E-03 0.192602E-03 0.191916E-03 0.197404E-03 0.206837E-03 0.216672E-03
  0.197919E-03 0.221072E-03 0.114189E-02 0.408529E-02 0.758540E-02 0.986730E-02
  0.123470E-01 0.137046E-01 0.893242E-02 0.440055E-02 0.273725E-02 0.154631E-02
  0.801966E-03 0.536988E-03 0.517951E-03 0.205465E-03 0.208895E-03 0.216270E-03
  0.219529E-03 0.222101E-03 0.213005E-03 0.215413E-03 0.510404E-03 0.230025E-02
  0.685633E-02 0.893156E-02 0.803475E-02 0.697844E-02 0.810335E-02 0.720775E-02
  0.411275E-02 0.333186E-02 0.185759E-02 0.817058E-03 0.512805E-03 0.517951E-03
  0.169449E-03 0.157443E-03 0.145609E-03 0.159844E-03 0.171507E-03 0.179401E-03
  0.218842E-03 0.727360E-03 0.388463E-02 0.893277E-02 0.785159E-02 0.472381E-02
  0.421787E-02 0.461679E-02 0.365018E-02 0.289882E-02 0.226612E-02 0.117122E-02
  0.551566E-03 0.461525E-03 0.517951E-03 0.102904E-03 0.105477E-03 0.112337E-03
  0.122627E-03 0.148353E-03 0.258449E-03 0.734049E-03 0.170221E-02 0.321833E-02
  0.436485E-02 0.493082E-02 0.444546E-02 0.424051E-02 0.350560E-02 0.193031E-02
  0.142479E-02 0.909844E-03 0.604562E-03 0.482792E-03 0.477647E-03 0.517951E-03
  0.836953E-04 0.854104E-04 0.888405E-04 0.989594E-04 0.141836E-03 0.311066E-03
  0.116522E-02 0.278510E-02 0.380831E-02 0.419609E-02 0.469466E-02 0.499685E-02
  0.384261E-02 0.246695E-02 0.146210E-02 0.115533E-02 0.919791E-03 0.695460E-03
  0.488280E-03 0.450548E-03 0.517951E-03 0.367025E-04 0.408186E-04 0.607134E-04
  0.137034E-03 0.371312E-03 0.986842E-03 0.255991E-02 0.412422E-02 0.489961E-02
  0.549456E-02 0.568374E-02 0.538000E-02 0.341985E-02 0.204145E-02 0.115853E-02
  0.824425E-03 0.647953E-03 0.500114E-03 0.354676E-03 0.398239E-03 0.517951E-03
  0.562542E-04 0.480219E-04 0.555682E-04 0.160016E-03 0.468042E-03 0.120149E-02
  0.317391E-02 0.468694E-02 0.546078E-02 0.639600E-02 0.647130E-02 0.500663E-02
  0.367556E-02 0.195038E-02 0.107432E-02 0.685382E-03 0.580379E-03 0.543162E-03
  0.451578E-03 0.446261E-03 0.517951E-03 0.308713E-05 0.210953E-04 0.130174E-03
  0.438371E-03 0.979646E-03 0.178929E-02 0.364675E-02 0.583672E-02 0.532134E-02
  0.579333E-02 0.733003E-02 0.689766E-02 0.366047E-02 0.170135E-02 0.101686E-02
  0.550228E-03 0.474045E-03 0.487251E-03 0.473187E-03 0.477475E-03 0.517951E-03
  0.112340E-03 0.131955E-03 0.322755E-03 0.836310E-03 0.163696E-02 0.273631E-02
  0.432064E-02 0.521847E-02 0.486451E-02 0.527286E-02 0.521936E-02 0.475306E-02
  0.376964E-02 0.146488E-02 0.608955E-03 0.454735E-03 0.388733E-03 0.394082E-03
  0.432421E-03 0.556351E-03 0.663342E-03 0.392299E-04 0.672258E-04 0.216478E-03
  0.660667E-03 0.149323E-02 0.262895E-02 0.378444E-02 0.456422E-02 0.445794E-02
  0.452570E-02 0.414999E-02 0.323647E-02 0.276535E-02 0.158863E-02 0.585417E-03
  0.373270E-03 0.411914E-03 0.438483E-03 0.383205E-03 0.493584E-03 0.663342E-03
  0.296721E-03 0.319724E-03 0.394082E-03 0.576858E-03 0.103050E-02 0.190245E-02
  0.299806E-02 0.316888E-02 0.348237E-02 0.385969E-02 0.336307E-02 0.375305E-02
  0.376536E-02 0.310665E-02 0.124198E-02 0.543634E-03 0.536023E-03 0.537450E-03
  0.523006E-03 0.584169E-03 0.663342E-03 0.762487E-03 0.795297E-03 0.868942E-03
  0.100001E-02 0.126962E-02 0.175587E-02 0.277034E-02 0.517853E-02 0.569119E-02
  0.488359E-02 0.433348E-02 0.495848E-02 0.461469E-02 0.293814E-02 0.140514E-02
  0.107132E-02 0.975933E-03 0.752679E-03 0.671366E-03 0.674576E-03 0.663342E-03
  0.118581E-02 0.121916E-02 0.126195E-02 0.128656E-02 0.133310E-02 0.143918E-02
  0.225839E-02 0.559722E-02 0.632975E-02 0.673898E-02 0.729676E-02 0.615910E-02
  0.521490E-02 0.381101E-02 0.336842E-02 0.246970E-02 0.163803E-02 0.102247E-02
  0.737879E-03 0.683135E-03 0.663342E-03 0.104316E-02 0.104762E-02 0.104851E-02
  0.107704E-02 0.119205E-02 0.136299E-02 0.165836E-02 0.324538E-02 0.531387E-02
  0.774167E-02 0.887220E-02 0.796902E-02 0.798150E-02 0.622062E-02 0.424485E-02
  0.292583E-02 0.205600E-02 0.133738E-02 0.937951E-03 0.756067E-03 0.663342E-03
  0.710061E-03 0.713093E-03 0.733421E-03 0.793871E-03 0.909955E-03 0.107209E-02
  0.126820E-02 0.189819E-02 0.348415E-02 0.631049E-02 0.959760E-02 0.122185E-01
  0.133399E-01 0.124173E-01 0.767961E-02 0.418252E-02 0.253835E-02 0.150661E-02
  0.977538E-03 0.746973E-03 0.663342E-03 0.610560E-03 0.618763E-03 0.641052E-03
  0.675468E-03 0.740019E-03 0.856556E-03 0.104155E-02 0.146185E-02 0.224787E-02
  0.495295E-02 0.899631E-02 0.139204E-01 0.170746E-01 0.155985E-01 0.994353E-02
  0.479405E-02 0.254620E-02 0.142547E-02 0.899435E-03 0.701859E-03 0.663342E-03
  0.459347E-03 0.479675E-03 0.530495E-03 0.563841E-03 0.584347E-03 0.642202E-03
  0.727358E-03 0.851111E-03 0.108524E-02 0.229566E-02 0.600289E-02 0.124555E-01
  0.173596E-01 0.169179E-01 0.141301E-01 0.810664E-02 0.428319E-02 0.237377E-02
  0.141495E-02 0.870012E-03 0.663342E-03 0.708278E-03 0.718977E-03 0.754462E-03
  0.764627E-03 0.732351E-03 0.718266E-03 0.727002E-03 0.786381E-03 0.908529E-03
  0.173147E-02 0.522239E-02 0.111682E-01 0.180684E-01 0.187790E-01 0.124799E-01
  0.649199E-02 0.333882E-02 0.156527E-02 0.807779E-03 0.649790E-03 0.663342E-03
  0.140514E-02 0.141317E-02 0.142476E-02 0.135878E-02 0.120364E-02 0.103717E-02
  0.853250E-03 0.736452E-03 0.732886E-03 0.145418E-02 0.469511E-02 0.107829E-01
  0.194259E-01 0.195944E-01 0.144856E-01 0.917290E-02 0.457742E-02 0.202301E-02
  0.104673E-02 0.765875E-03 0.663342E-03 0.182740E-02 0.183132E-02 0.183685E-02
  0.182508E-02 0.178835E-02 0.171218E-02 0.153211E-02 0.123396E-02 0.854499E-03
  0.177925E-02 0.702786E-02 0.135892E-01 0.183501E-01 0.148220E-01 0.114528E-01
  0.662718E-02 0.329959E-02 0.167512E-02 0.108827E-02 0.859670E-03 0.663342E-03
  0.182490E-02 0.185183E-02 0.190729E-02 0.194990E-02 0.195918E-02 0.194604E-02
  0.187305E-02 0.163660E-02 0.186574E-02 0.435149E-02 0.774309E-02 0.972010E-02
  0.116613E-01 0.129216E-01 0.860615E-02 0.441759E-02 0.264855E-02 0.151303E-02
  0.105475E-02 0.850754E-03 0.663342E-03 0.126392E-02 0.127426E-02 0.130404E-02
  0.134345E-02 0.139712E-02 0.145009E-02 0.136984E-02 0.136805E-02 0.305120E-02
  0.743514E-02 0.865590E-02 0.801645E-02 0.666106E-02 0.724754E-02 0.628124E-02
  0.393118E-02 0.325162E-02 0.183115E-02 0.966482E-03 0.736631E-03 0.663342E-03
  0.436879E-03 0.397470E-03 0.340409E-03 0.316514E-03 0.310095E-03 0.338699E-03
  0.442228E-03 0.119758E-02 0.485203E-02 0.930017E-02 0.726485E-02 0.488519E-02
  0.377499E-02 0.355851E-02 0.316264E-02 0.249742E-02 0.195222E-02 0.105832E-02
  0.586666E-03 0.586131E-03 0.663342E-03 0.294224E-03 0.292441E-03 0.291550E-03
  0.302249E-03 0.337912E-03 0.457729E-03 0.953108E-03 0.200786E-02 0.364749E-02
  0.459792E-02 0.451768E-02 0.378836E-02 0.356903E-02 0.278889E-02 0.161556E-02
  0.119842E-02 0.765875E-03 0.511772E-03 0.425288E-03 0.533170E-03 0.663342E-03
  0.517478E-03 0.517300E-03 0.515160E-03 0.521758E-03 0.566159E-03 0.748057E-03
  0.158632E-02 0.317049E-02 0.398897E-02 0.417745E-02 0.455548E-02 0.477375E-02
  0.372238E-02 0.237002E-02 0.139017E-02 0.103644E-02 0.810454E-03 0.621794E-03
  0.517656E-03 0.575788E-03 0.663342E-03 0.316692E-03 0.337912E-03 0.398897E-03
  0.523363E-03 0.806531E-03 0.148432E-02 0.303372E-02 0.450448E-02 0.502392E-02
  0.546473E-02 0.550627E-02 0.507225E-02 0.312127E-02 0.187234E-02 0.111556E-02
  0.760634E-03 0.594511E-03 0.480923E-03 0.414767E-03 0.529425E-03 0.663342E-03
  0.258204E-03 0.269795E-03 0.318475E-03 0.465944E-03 0.829534E-03 0.166721E-02
  0.371899E-02 0.490552E-02 0.552571E-02 0.652750E-02 0.653873E-02 0.492977E-02
  0.360594E-02 0.192476E-02 0.103959E-02 0.612987E-03 0.496615E-03 0.477892E-03
  0.451144E-03 0.544047E-03 0.663342E-03 0.987881E-04 0.128032E-03 0.267477E-03
  0.615374E-03 0.119562E-02 0.204128E-02 0.366300E-02 0.557332E-02 0.525485E-02
  0.585346E-02 0.746545E-02 0.715268E-02 0.380815E-02 0.174698E-02 0.102907E-02
  0.564362E-03 0.459525E-03 0.467906E-03 0.482349E-03 0.568655E-03 0.663342E-03
  0.646689E-03 0.111305E-02 0.359099E-02 0.979983E-02 0.190152E-01 0.283093E-01
  0.340507E-01 0.327728E-01 0.319054E-01 0.324868E-01 0.249815E-01 0.164564E-01
  0.101978E-01 0.111398E-01 0.118954E-01 0.548149E-02 0.245618E-02 0.180638E-02
  0.168201E-02 0.168512E-02 0.176285E-02 0.253701E-03 0.493100E-03 0.174109E-02
  0.533145E-02 0.124506E-01 0.240239E-01 0.379258E-01 0.578053E-01 0.427132E-01
  0.225719E-01 0.185320E-01 0.118568E-01 0.872719E-02 0.107929E-01 0.109042E-01
  0.914588E-02 0.474197E-02 0.273102E-02 0.188535E-02 0.165217E-02 0.176285E-02
  0.327075E-03 0.524813E-03 0.141899E-02 0.331863E-02 0.605711E-02 0.103438E-01
  0.211156E-01 0.263364E-01 0.236004E-01 0.164533E-01 0.108600E-01 0.124171E-01
  0.148278E-01 0.157593E-01 0.859039E-02 0.443765E-02 0.338890E-02 0.294244E-02
  0.224289E-02 0.172368E-02 0.176285E-02 0.641715E-03 0.876139E-03 0.180016E-02
  0.361835E-02 0.616345E-02 0.107934E-01 0.344629E-01 0.409416E-01 0.290357E-01
  0.315566E-01 0.282330E-01 0.242390E-01 0.145947E-01 0.964997E-02 0.623247E-02
  0.394319E-02 0.426690E-02 0.450133E-02 0.340755E-02 0.212288E-02 0.176285E-02
  0.637984E-03 0.805874E-03 0.147370E-02 0.286160E-02 0.477617E-02 0.790890E-02
  0.362096E-01 0.703896E-01 0.552969E-01 0.531740E-01 0.441571E-01 0.310709E-01
  0.157979E-01 0.104900E-01 0.901261E-02 0.671760E-02 0.718695E-02 0.610313E-02
  0.345419E-02 0.197054E-02 0.176285E-02 0.497453E-04 0.901634E-04 0.273599E-03
  0.808361E-03 0.191209E-02 0.373560E-02 0.915314E-02 0.249038E-01 0.394916E-01
  0.500749E-01 0.407228E-01 0.335501E-01 0.251090E-01 0.166212E-01 0.121658E-01
  0.728434E-02 0.476622E-02 0.323966E-02 0.219812E-02 0.176596E-02 0.176285E-02
  0.104465E-03 0.994906E-04 0.134934E-03 0.330185E-03 0.811471E-03 0.171111E-02
  0.406979E-02 0.149920E-01 0.339257E-01 0.446955E-01 0.465399E-01 0.445786E-01
  0.387193E-01 0.291707E-01 0.177479E-01 0.853559E-02 0.557210E-02 0.375826E-02
  0.236104E-02 0.173176E-02 0.176285E-02 0.146749E-03 0.140531E-03 0.154832E-03
  0.286036E-03 0.643580E-03 0.137902E-02 0.267070E-02 0.525559E-02 0.151773E-01
  0.318538E-01 0.424010E-01 0.568359E-01 0.507384E-01 0.387193E-01 0.225981E-01
  0.111779E-01 0.769871E-02 0.467855E-02 0.243192E-02 0.166647E-02 0.176285E-02
  0.870543E-04 0.932725E-04 0.113792E-03 0.172865E-03 0.313395E-03 0.576715E-03
  0.113917E-02 0.212910E-02 0.437634E-02 0.114769E-01 0.261014E-01 0.420012E-01
  0.486534E-01 0.394493E-01 0.190369E-01 0.115548E-01 0.913511E-02 0.531218E-02
  0.257432E-02 0.173425E-02 0.176285E-02 0.116902E-03 0.116280E-03 0.121254E-03
  0.144261E-03 0.197738E-03 0.276937E-03 0.517973E-03 0.726903E-03 0.130457E-02
  0.897965E-02 0.225185E-01 0.301649E-01 0.335526E-01 0.307526E-01 0.241924E-01
  0.176515E-01 0.160839E-01 0.105759E-01 0.512750E-02 0.244685E-02 0.176285E-02
  0.354435E-03 0.338890E-03 0.295363E-03 0.251836E-03 0.242508E-03 0.302644E-03
  0.811471E-03 0.550308E-03 0.153900E-02 0.737474E-02 0.200287E-01 0.346911E-01
  0.264707E-01 0.255162E-01 0.207531E-01 0.784033E-02 0.449573E-02 0.336403E-02
  0.254634E-02 0.193385E-02 0.176285E-02 0.442733E-03 0.411643E-03 0.340134E-03
  0.267381E-03 0.227585E-03 0.216805E-03 0.219501E-03 0.208309E-03 0.246488E-02
  0.143814E-01 0.255019E-01 0.390980E-01 0.365622E-01 0.339829E-01 0.225321E-01
  0.594320E-02 0.482094E-02 0.415622E-02 0.345543E-02 0.232000E-02 0.176285E-02
  0.244996E-03 0.221988E-03 0.208930E-03 0.224476E-03 0.246861E-03 0.297660E-03
  0.447086E-03 0.385526E-03 0.123555E-02 0.117007E-01 0.227784E-01 0.351084E-01
  0.443200E-01 0.341906E-01 0.198757E-01 0.171157E-01 0.131974E-01 0.653218E-02
  0.281869E-02 0.178337E-02 0.176285E-02 0.281061E-03 0.287279E-03 0.315883E-03
  0.352570E-03 0.388014E-03 0.618190E-03 0.419602E-02 0.750720E-02 0.130582E-01
  0.290985E-01 0.345848E-01 0.285445E-01 0.236688E-01 0.252084E-01 0.198521E-01
  0.222840E-01 0.118213E-01 0.465305E-02 0.212475E-02 0.167082E-02 0.176285E-02
  0.195251E-03 0.195251E-03 0.202712E-03 0.220123E-03 0.279817E-03 0.503757E-03
  0.301581E-02 0.119756E-01 0.193627E-01 0.335520E-01 0.374738E-01 0.296712E-01
  0.170496E-01 0.138217E-01 0.105211E-01 0.544397E-02 0.402626E-02 0.322350E-02
  0.209925E-02 0.164346E-02 0.176285E-02 0.186545E-04 0.217636E-04 0.466362E-04
  0.195872E-03 0.767943E-03 0.210841E-02 0.476622E-02 0.170782E-01 0.344642E-01
  0.363172E-01 0.330682E-01 0.268283E-01 0.178150E-01 0.128094E-01 0.676536E-02
  0.429050E-02 0.422213E-02 0.330185E-02 0.187167E-02 0.149858E-02 0.176285E-02
  0.000000E+00 0.621807E-06 0.391744E-04 0.295985E-03 0.112673E-02 0.311806E-02
  0.919107E-02 0.175688E-01 0.239499E-01 0.284487E-01 0.274768E-01 0.211287E-01
  0.156934E-01 0.950882E-02 0.352757E-02 0.274297E-02 0.279071E-02 0.232621E-02
  0.156573E-02 0.147371E-02 0.176285E-02 0.000000E+00 0.000000E+00 0.190898E-03
  0.108569E-02 0.322163E-02 0.675315E-02 0.126459E-01 0.166180E-01 0.186141E-01
  0.225639E-01 0.255305E-01 0.213420E-01 0.171740E-01 0.985144E-02 0.489681E-02
  0.287055E-02 0.215770E-02 0.172243E-02 0.122063E-02 0.134996E-02 0.176285E-02
  0.000000E+00 0.870544E-05 0.256188E-03 0.125420E-02 0.346041E-02 0.684758E-02
  0.120409E-01 0.182746E-01 0.211293E-01 0.197514E-01 0.216156E-01 0.199982E-01
  0.143055E-01 0.735360E-02 0.337087E-02 0.212251E-02 0.192701E-02 0.169258E-02
  0.136613E-02 0.146749E-02 0.176285E-02 0.870530E-05 0.231315E-03 0.141401E-02
  0.463750E-02 0.980853E-02 0.156045E-01 0.224071E-01 0.225234E-01 0.311760E-01
  0.313252E-01 0.304367E-01 0.204024E-01 0.127491E-01 0.114060E-01 0.606395E-02
  0.203354E-02 0.173238E-02 0.190027E-02 0.181011E-02 0.170751E-02 0.176285E-02
  0.691852E-03 0.103380E-02 0.267993E-02 0.650500E-02 0.118251E-01 0.167460E-01
  0.187576E-01 0.174514E-01 0.201532E-01 0.223441E-01 0.178192E-01 0.127078E-01
  0.747916E-02 0.892052E-02 0.823066E-02 0.331282E-02 0.164613E-02 0.132804E-02
  0.129027E-02 0.133599E-02 0.141551E-02 0.419088E-03 0.549903E-03 0.128390E-02
  0.348869E-02 0.794994E-02 0.148137E-01 0.215969E-01 0.344419E-01 0.266908E-01
  0.137993E-01 0.124172E-01 0.780123E-02 0.563065E-02 0.869030E-02 0.832251E-02
  0.672216E-02 0.329107E-02 0.181790E-02 0.139842E-02 0.134036E-02 0.141551E-02
  0.224256E-03 0.360240E-03 0.943941E-03 0.213083E-02 0.384217E-02 0.635680E-02
  0.114911E-01 0.152375E-01 0.154458E-01 0.113710E-01 0.717141E-02 0.809626E-02
  0.948832E-02 0.113472E-01 0.702350E-02 0.329821E-02 0.230220E-02 0.209902E-02
  0.173599E-02 0.138052E-02 0.141551E-02 0.461235E-03 0.619089E-03 0.123261E-02
  0.240121E-02 0.398253E-02 0.685167E-02 0.219103E-01 0.264562E-01 0.166391E-01
  0.184327E-01 0.184351E-01 0.164414E-01 0.107062E-01 0.675312E-02 0.452249E-02
  0.333460E-02 0.380956E-02 0.399406E-02 0.300558E-02 0.178888E-02 0.141551E-02
  0.488273E-03 0.610739E-03 0.108509E-02 0.204216E-02 0.330618E-02 0.540618E-02
  0.243663E-01 0.481283E-01 0.380336E-01 0.336539E-01 0.290956E-01 0.200450E-01
  0.102331E-01 0.662310E-02 0.576862E-02 0.469580E-02 0.501195E-02 0.431652E-02
  0.250578E-02 0.151492E-02 0.141551E-02 0.107356E-03 0.137178E-03 0.286284E-03
  0.711733E-03 0.152287E-02 0.274391E-02 0.652687E-02 0.177595E-01 0.278312E-01
  0.345449E-01 0.287417E-01 0.234037E-01 0.177039E-01 0.123042E-01 0.945731E-02
  0.543873E-02 0.353481E-02 0.254673E-02 0.177933E-02 0.142148E-02 0.141551E-02
  0.138370E-03 0.150299E-03 0.211134E-03 0.387676E-03 0.769388E-03 0.144886E-02
  0.323262E-02 0.113571E-01 0.265970E-01 0.335580E-01 0.340236E-01 0.325608E-01
  0.296514E-01 0.224999E-01 0.141583E-01 0.721014E-02 0.458054E-02 0.294713E-02
  0.180001E-02 0.135905E-02 0.141551E-02 0.165408E-03 0.174951E-03 0.221870E-03
  0.344336E-03 0.610739E-03 0.112781E-02 0.220558E-02 0.415549E-02 0.129213E-01
  0.246987E-01 0.312192E-01 0.431406E-01 0.396829E-01 0.317079E-01 0.185615E-01
  0.876537E-02 0.566325E-02 0.330340E-02 0.177615E-02 0.131213E-02 0.141551E-02
  0.119285E-03 0.124454E-03 0.150697E-03 0.214713E-03 0.340757E-03 0.550629E-03
  0.903782E-03 0.159603E-02 0.329544E-02 0.851694E-02 0.202180E-01 0.343878E-01
  0.433219E-01 0.354364E-01 0.161878E-01 0.950063E-02 0.726565E-02 0.409267E-02
  0.196661E-02 0.135031E-02 0.141551E-02 0.169385E-03 0.173758E-03 0.173758E-03
  0.177337E-03 0.207556E-03 0.269604E-03 0.375747E-03 0.636186E-03 0.146760E-02
  0.116430E-01 0.241520E-01 0.315524E-01 0.415219E-01 0.339020E-01 0.205337E-01
  0.142802E-01 0.128784E-01 0.793960E-02 0.371016E-02 0.185249E-02 0.141551E-02
  0.250498E-03 0.266403E-03 0.270379E-03 0.250498E-03 0.234594E-03 0.213381E-03
  0.216701E-03 0.294236E-03 0.229623E-02 0.117078E-01 0.252109E-01 0.350081E-01
  0.264514E-01 0.227556E-01 0.201373E-01 0.741415E-02 0.397020E-02 0.272566E-02
  0.215508E-02 0.165607E-02 0.141551E-02 0.207556E-03 0.219484E-03 0.230220E-03
  0.236184E-03 0.254077E-03 0.279134E-03 0.266005E-03 0.325648E-03 0.386165E-02
  0.181238E-01 0.278065E-01 0.399811E-01 0.318268E-01 0.288160E-01 0.243206E-01
  0.656368E-02 0.446642E-02 0.324057E-02 0.240121E-02 0.167516E-02 0.141551E-02
  0.730023E-03 0.761435E-03 0.734397E-03 0.607955E-03 0.560241E-03 0.715777E-03
  0.666008E-03 0.360638E-03 0.962231E-03 0.877181E-02 0.172148E-01 0.302992E-01
  0.357143E-01 0.266109E-01 0.182824E-01 0.200362E-01 0.137877E-01 0.591494E-02
  0.226721E-02 0.144812E-02 0.141551E-02 0.790461E-03 0.807956E-03 0.799209E-03
  0.780123E-03 0.893046E-03 0.116749E-02 0.205329E-02 0.396066E-02 0.802112E-02
  0.158275E-01 0.191902E-01 0.175158E-01 0.160689E-01 0.188438E-01 0.203436E-01
  0.291942E-01 0.142923E-01 0.461553E-02 0.180796E-02 0.144176E-02 0.141551E-02
  0.334793E-03 0.320082E-03 0.279922E-03 0.246920E-03 0.277138E-03 0.475098E-03
  0.179206E-02 0.718413E-02 0.118919E-01 0.182534E-01 0.204768E-01 0.161225E-01
  0.111627E-01 0.106736E-01 0.686604E-02 0.345962E-02 0.266045E-02 0.227238E-02
  0.167317E-02 0.139643E-02 0.141551E-02 0.636186E-04 0.656067E-04 0.854875E-04
  0.202784E-03 0.658055E-03 0.173529E-02 0.333998E-02 0.106402E-01 0.226621E-01
  0.213202E-01 0.191134E-01 0.158291E-01 0.116780E-01 0.770779E-02 0.410340E-02
  0.273824E-02 0.271174E-02 0.229226E-02 0.152685E-02 0.127436E-02 0.141551E-02
  0.254474E-04 0.337974E-04 0.819089E-04 0.304177E-03 0.988077E-03 0.255880E-02
  0.652369E-02 0.114084E-01 0.145225E-01 0.171388E-01 0.181981E-01 0.142641E-01
  0.111675E-01 0.659566E-02 0.262069E-02 0.182850E-02 0.181711E-02 0.163420E-02
  0.120955E-02 0.118410E-02 0.141551E-02 0.000000E+00 0.123261E-04 0.184892E-03
  0.917699E-03 0.267596E-02 0.567251E-02 0.989548E-02 0.116784E-01 0.122076E-01
  0.146502E-01 0.184991E-01 0.158057E-01 0.130064E-01 0.732926E-02 0.338729E-02
  0.190951E-02 0.151850E-02 0.132565E-02 0.100478E-02 0.110577E-02 0.141551E-02
  0.000000E+00 0.242546E-04 0.233003E-03 0.963425E-03 0.249584E-02 0.489855E-02
  0.854676E-02 0.121687E-01 0.136820E-01 0.131138E-01 0.153854E-01 0.137472E-01
  0.102704E-01 0.584019E-02 0.259564E-02 0.157036E-02 0.143102E-02 0.131015E-02
  0.108191E-02 0.116700E-02 0.141551E-02 0.127237E-03 0.290657E-03 0.111571E-02
  0.320797E-02 0.645689E-02 0.105693E-01 0.150215E-01 0.155094E-01 0.198983E-01
  0.216474E-01 0.211659E-01 0.141866E-01 0.863782E-02 0.894716E-02 0.463223E-02
  0.166747E-02 0.144852E-02 0.150935E-02 0.138569E-02 0.132804E-02 0.141551E-02
  0.300258E-03 0.555478E-03 0.179029E-02 0.461772E-02 0.830464E-02 0.110933E-01
  0.110758E-01 0.102851E-01 0.106967E-01 0.124507E-01 0.108718E-01 0.811198E-02
  0.526453E-02 0.586504E-02 0.518946E-02 0.195876E-02 0.962077E-03 0.773165E-03
  0.735633E-03 0.789429E-03 0.870749E-03 0.835718E-04 0.192165E-03 0.745641E-03
  0.233050E-02 0.541466E-02 0.968899E-02 0.131588E-01 0.243697E-01 0.186648E-01
  0.875678E-02 0.753273E-02 0.494050E-02 0.382154E-02 0.587855E-02 0.569114E-02
  0.420067E-02 0.201648E-02 0.108468E-02 0.761405E-03 0.750896E-03 0.870749E-03
  0.193667E-03 0.306514E-03 0.785926E-03 0.172448E-02 0.295129E-02 0.478704E-02
  0.913761E-02 0.104467E-01 0.917639E-02 0.716091E-02 0.475434E-02 0.504659E-02
  0.601092E-02 0.777368E-02 0.554452E-02 0.226591E-02 0.146101E-02 0.121680E-02
  0.977090E-03 0.815451E-03 0.870749E-03 0.412855E-03 0.542967E-03 0.103714E-02
  0.192440E-02 0.304011E-02 0.516571E-02 0.160118E-01 0.175576E-01 0.786051E-02
  0.975939E-02 0.119428E-01 0.101395E-01 0.692445E-02 0.487094E-02 0.342094E-02
  0.253342E-02 0.281492E-02 0.266454E-02 0.186260E-02 0.109169E-02 0.870749E-03
  0.450888E-03 0.552475E-03 0.934053E-03 0.162615E-02 0.245111E-02 0.391038E-02
  0.172398E-01 0.324296E-01 0.229034E-01 0.202209E-01 0.178734E-01 0.122315E-01
  0.654062E-02 0.426242E-02 0.372470E-02 0.317751E-02 0.340593E-02 0.286121E-02
  0.160788E-02 0.944812E-03 0.870749E-03 0.165142E-03 0.188912E-03 0.310267E-03
  0.625538E-03 0.115850E-02 0.189601E-02 0.446634E-02 0.115324E-01 0.182507E-01
  0.222591E-01 0.186898E-01 0.152719E-01 0.113635E-01 0.773415E-02 0.587005E-02
  0.348591E-02 0.227195E-02 0.158636E-02 0.109094E-02 0.879506E-03 0.870749E-03
  0.205677E-03 0.213433E-03 0.261975E-03 0.401095E-03 0.681836E-03 0.116332E-02
  0.237479E-02 0.756200E-02 0.178088E-01 0.213283E-01 0.223585E-01 0.214537E-01
  0.185690E-01 0.142773E-01 0.907005E-02 0.464002E-02 0.292727E-02 0.184258E-02
  0.110020E-02 0.835468E-03 0.870749E-03 0.237704E-03 0.246212E-03 0.282493E-03
  0.382329E-03 0.605521E-03 0.102568E-02 0.188037E-02 0.323453E-02 0.864293E-02
  0.168337E-01 0.212868E-01 0.291335E-01 0.276655E-01 0.212968E-01 0.120634E-01
  0.542600E-02 0.327607E-02 0.193466E-02 0.109494E-02 0.827461E-03 0.870749E-03
  0.193166E-03 0.195668E-03 0.212933E-03 0.265478E-03 0.370318E-03 0.525829E-03
  0.736383E-03 0.111721E-02 0.219313E-02 0.636597E-02 0.145282E-01 0.229607E-01
  0.291358E-01 0.251026E-01 0.118277E-01 0.648082E-02 0.446084E-02 0.241883E-02
  0.121204E-02 0.859239E-03 0.870749E-03 0.199672E-03 0.197420E-03 0.197670E-03
  0.209930E-03 0.241458E-03 0.296605E-03 0.417109E-03 0.557479E-03 0.133165E-02
  0.107435E-01 0.204443E-01 0.240302E-01 0.324379E-01 0.260872E-01 0.137205E-01
  0.870311E-02 0.736383E-02 0.440304E-02 0.212808E-02 0.113448E-02 0.870749E-03
  0.197670E-03 0.201423E-03 0.210181E-03 0.217687E-03 0.226445E-03 0.257734E-03
  0.455392E-03 0.394089E-03 0.176652E-02 0.111709E-01 0.226282E-01 0.271971E-01
  0.217550E-01 0.178516E-01 0.146176E-01 0.545228E-02 0.293002E-02 0.207303E-02
  0.165517E-02 0.114599E-02 0.870749E-03 0.227696E-03 0.225444E-03 0.216686E-03
  0.210681E-03 0.215936E-03 0.224361E-03 0.248964E-03 0.286747E-03 0.274036E-02
  0.160108E-01 0.238082E-01 0.330316E-01 0.257354E-01 0.201931E-01 0.177002E-01
  0.586173E-02 0.364088E-02 0.244060E-02 0.168520E-02 0.107793E-02 0.870749E-03
  0.506435E-03 0.492924E-03 0.436876E-03 0.365064E-03 0.302760E-03 0.241360E-03
  0.242458E-03 0.256220E-03 0.837720E-03 0.655664E-02 0.120461E-01 0.223345E-01
  0.252978E-01 0.180665E-01 0.124169E-01 0.141315E-01 0.977140E-02 0.409577E-02
  0.147151E-02 0.899774E-03 0.870749E-03 0.451388E-03 0.452139E-03 0.465400E-03
  0.511440E-03 0.541716E-03 0.571842E-03 0.120679E-02 0.258848E-02 0.573043E-02
  0.895595E-02 0.104440E-01 0.952118E-02 0.951268E-02 0.132419E-01 0.144667E-01
  0.199502E-01 0.951017E-02 0.294303E-02 0.108118E-02 0.866995E-03 0.870749E-03
  0.269232E-03 0.262226E-03 0.245711E-03 0.236453E-03 0.262726E-03 0.395893E-03
  0.108268E-02 0.395865E-02 0.706933E-02 0.102358E-01 0.113192E-01 0.933177E-02
  0.730503E-02 0.678784E-02 0.395590E-02 0.207647E-02 0.169871E-02 0.147302E-02
  0.104365E-02 0.851732E-03 0.870749E-03 0.125108E-03 0.126359E-03 0.140120E-03
  0.225194E-03 0.555478E-03 0.132556E-02 0.232825E-02 0.658691E-02 0.148215E-01
  0.146451E-01 0.127234E-01 0.100486E-01 0.792682E-02 0.461647E-02 0.235327E-02
  0.148378E-02 0.146751E-02 0.126359E-02 0.884511E-03 0.781922E-03 0.870749E-03
  0.825710E-04 0.898272E-04 0.129361E-03 0.283744E-03 0.730128E-03 0.175603E-02
  0.440354E-02 0.787077E-02 0.951768E-02 0.104953E-01 0.112429E-01 0.881483E-02
  0.774966E-02 0.479112E-02 0.175551E-02 0.107761E-02 0.106066E-02 0.973086E-03
  0.736633E-03 0.733130E-03 0.870749E-03 0.105090E-04 0.347799E-04 0.174650E-03
  0.691344E-03 0.193992E-02 0.407448E-02 0.663421E-02 0.770362E-02 0.781097E-02
  0.947515E-02 0.127725E-01 0.104039E-01 0.864819E-02 0.478361E-02 0.197845E-02
  0.109837E-02 0.869247E-03 0.754399E-03 0.574244E-03 0.663570E-03 0.870749E-03
  0.350302E-05 0.327782E-04 0.199922E-03 0.729127E-03 0.178829E-02 0.343544E-02
  0.579723E-02 0.775717E-02 0.848530E-02 0.811548E-02 0.971485E-02 0.864819E-02
  0.655539E-02 0.350852E-02 0.137343E-02 0.932174E-03 0.803941E-03 0.721871E-03
  0.599015E-03 0.690093E-03 0.870749E-03 0.680585E-04 0.208179E-03 0.886512E-03
  0.251741E-02 0.479912E-02 0.715540E-02 0.906780E-02 0.953645E-02 0.120754E-01
  0.136955E-01 0.133838E-01 0.887638E-02 0.596213E-02 0.624187E-02 0.318173E-02
  0.102131E-02 0.828462E-03 0.837720E-03 0.754899E-03 0.770663E-03 0.870749E-03
  0.168077E-03 0.371312E-03 0.136005E-02 0.361965E-02 0.643408E-02 0.822741E-02
  0.770666E-02 0.635261E-02 0.742282E-02 0.905299E-02 0.777183E-02 0.601131E-02
  0.380402E-02 0.431168E-02 0.373456E-02 0.131003E-02 0.594271E-03 0.435627E-03
  0.390178E-03 0.429625E-03 0.490295E-03 0.216099E-04 0.102733E-03 0.517951E-03
  0.166773E-02 0.371261E-02 0.635572E-02 0.944025E-02 0.160229E-01 0.137091E-01
  0.615452E-02 0.495089E-02 0.362291E-02 0.264584E-02 0.422799E-02 0.375257E-02
  0.262348E-02 0.126315E-02 0.671278E-03 0.434941E-03 0.414704E-03 0.490295E-03
  0.153670E-03 0.246970E-03 0.637319E-03 0.135610E-02 0.218328E-02 0.348535E-02
  0.706008E-02 0.769946E-02 0.635570E-02 0.484661E-02 0.319449E-02 0.331917E-02
  0.424685E-02 0.547896E-02 0.357283E-02 0.136767E-02 0.865767E-03 0.735764E-03
  0.580208E-03 0.462554E-03 0.490295E-03 0.349874E-03 0.457923E-03 0.855476E-03
  0.151492E-02 0.228258E-02 0.391303E-02 0.123663E-01 0.129248E-01 0.474268E-02
  0.596827E-02 0.818894E-02 0.668088E-02 0.465144E-02 0.330116E-02 0.211056E-02
  0.150197E-02 0.180614E-02 0.176395E-02 0.120415E-02 0.656185E-03 0.490295E-03
  0.397553E-03 0.485879E-03 0.803681E-03 0.132609E-02 0.188572E-02 0.300099E-02
  0.133211E-01 0.239866E-01 0.154577E-01 0.130357E-01 0.122219E-01 0.823027E-02
  0.469106E-02 0.298971E-02 0.245752E-02 0.211467E-02 0.215395E-02 0.174354E-02
  0.949805E-03 0.542991E-03 0.490295E-03 0.168077E-03 0.192088E-03 0.302710E-03
  0.560827E-03 0.954435E-03 0.148083E-02 0.320975E-02 0.792705E-02 0.129239E-01
  0.154459E-01 0.127970E-01 0.107732E-01 0.779156E-02 0.533729E-02 0.379545E-02
  0.220696E-02 0.146210E-02 0.962153E-03 0.615710E-03 0.491367E-03 0.490295E-03
  0.202035E-03 0.207523E-03 0.245083E-03 0.365138E-03 0.594957E-03 0.939273E-03
  0.169466E-02 0.505757E-02 0.120863E-01 0.148185E-01 0.155973E-01 0.146570E-01
  0.128014E-01 0.961244E-02 0.605882E-02 0.299680E-02 0.185365E-02 0.109404E-02
  0.618111E-03 0.469243E-03 0.490295E-03 0.231534E-03 0.236165E-03 0.262062E-03
  0.341985E-03 0.507146E-03 0.781812E-03 0.127138E-02 0.212686E-02 0.641041E-02
  0.130733E-01 0.146134E-01 0.191019E-01 0.191038E-01 0.147414E-01 0.755402E-02
  0.343708E-02 0.203356E-02 0.116642E-02 0.668877E-03 0.493082E-03 0.490295E-03
  0.197576E-03 0.201006E-03 0.216270E-03 0.256746E-03 0.332552E-03 0.438973E-03
  0.553452E-03 0.741938E-03 0.176978E-02 0.540435E-02 0.101532E-01 0.157515E-01
  0.210917E-01 0.201802E-01 0.935227E-02 0.497802E-02 0.319363E-02 0.167305E-02
  0.806940E-03 0.521209E-03 0.490295E-03 0.202721E-03 0.202721E-03 0.204608E-03
  0.214727E-03 0.239595E-03 0.285516E-03 0.350731E-03 0.443174E-03 0.996112E-03
  0.683369E-02 0.139253E-01 0.180202E-01 0.227787E-01 0.180303E-01 0.886227E-02
  0.560633E-02 0.449005E-02 0.267636E-02 0.129522E-02 0.667676E-03 0.490295E-03
  0.212668E-03 0.216956E-03 0.227247E-03 0.235822E-03 0.242682E-03 0.258409E-03
  0.343014E-03 0.365310E-03 0.160187E-02 0.790646E-02 0.168703E-01 0.196838E-01
  0.159416E-01 0.133544E-01 0.111857E-01 0.403915E-02 0.202807E-02 0.129145E-02
  0.969014E-03 0.663731E-03 0.490295E-03 0.216099E-03 0.217985E-03 0.221758E-03
  0.220558E-03 0.217642E-03 0.224677E-03 0.247656E-03 0.267894E-03 0.211982E-02
  0.121432E-01 0.169372E-01 0.240166E-01 0.207223E-01 0.145988E-01 0.134542E-01
  0.492687E-02 0.264155E-02 0.147187E-02 0.899210E-03 0.589469E-03 0.490295E-03
  0.214040E-03 0.210610E-03 0.208895E-03 0.211125E-03 0.211639E-03 0.207750E-03
  0.232735E-03 0.312657E-03 0.945517E-03 0.577275E-02 0.808586E-02 0.146812E-01
  0.172701E-01 0.114200E-01 0.781865E-02 0.835318E-02 0.578235E-02 0.241670E-02
  0.834552E-03 0.499256E-03 0.490295E-03 0.219186E-03 0.219700E-03 0.220215E-03
  0.215584E-03 0.210953E-03 0.213013E-03 0.501143E-03 0.193117E-02 0.498348E-02
  0.606911E-02 0.596689E-02 0.537519E-02 0.573759E-02 0.802172E-02 0.794642E-02
  0.105679E-01 0.495672E-02 0.152247E-02 0.555853E-03 0.462554E-03 0.490295E-03
  0.190716E-03 0.189001E-03 0.185570E-03 0.184027E-03 0.205808E-03 0.309553E-03
  0.813628E-03 0.281237E-02 0.520609E-02 0.642396E-02 0.644848E-02 0.578355E-02
  0.500474E-02 0.428064E-02 0.252801E-02 0.145340E-02 0.106214E-02 0.860278E-03
  0.587411E-03 0.472673E-03 0.490295E-03 0.116625E-03 0.117482E-03 0.126915E-03
  0.187800E-03 0.420192E-03 0.968626E-03 0.175194E-02 0.454579E-02 0.988908E-02
  0.917647E-02 0.795277E-02 0.668362E-02 0.497713E-02 0.271924E-02 0.133432E-02
  0.828961E-03 0.776926E-03 0.638863E-03 0.444203E-03 0.424479E-03 0.490295E-03
  0.775211E-04 0.842098E-04 0.112851E-03 0.223130E-03 0.548994E-03 0.133608E-02
  0.333118E-02 0.552612E-02 0.654555E-02 0.661193E-02 0.698204E-02 0.578355E-02
  0.515207E-02 0.335896E-02 0.119798E-02 0.616642E-03 0.565629E-03 0.490852E-03
  0.370283E-03 0.399611E-03 0.490295E-03 0.198948E-04 0.368740E-04 0.142694E-03
  0.538874E-03 0.150909E-02 0.318848E-02 0.498896E-02 0.556660E-02 0.553658E-02
  0.637165E-02 0.820677E-02 0.663148E-02 0.559815E-02 0.295952E-02 0.120878E-02
  0.610962E-03 0.468900E-03 0.397038E-03 0.297050E-03 0.362908E-03 0.490295E-03
  0.126915E-04 0.408186E-04 0.185399E-03 0.603361E-03 0.140824E-02 0.264512E-02
  0.415064E-02 0.518688E-02 0.570089E-02 0.554413E-02 0.650800E-02 0.551738E-02
  0.432575E-02 0.262062E-02 0.922192E-03 0.655999E-03 0.504402E-03 0.395152E-03
  0.297736E-03 0.367025E-03 0.490295E-03 0.363594E-04 0.143037E-03 0.641092E-03
  0.181849E-02 0.343802E-02 0.493069E-02 0.571221E-02 0.572250E-02 0.808586E-02
  0.910066E-02 0.882248E-02 0.610804E-02 0.432163E-02 0.464475E-02 0.215087E-02
  0.614399E-03 0.484335E-03 0.459981E-03 0.382632E-03 0.406814E-03 0.490295E-03
  0.203282E-03 0.422613E-03 0.143278E-02 0.356903E-02 0.603160E-02 0.764592E-02
  0.783528E-02 0.611452E-02 0.680817E-02 0.845850E-02 0.796724E-02 0.621259E-02
  0.410309E-02 0.486094E-02 0.423416E-02 0.139895E-02 0.563484E-03 0.384275E-03
  0.355744E-03 0.484133E-03 0.616979E-03 0.602714E-04 0.152818E-03 0.596473E-03
  0.173289E-02 0.355708E-02 0.579414E-02 0.939057E-02 0.170910E-01 0.142110E-01
  0.580888E-02 0.507260E-02 0.358080E-02 0.274948E-02 0.473558E-02 0.400395E-02
  0.253150E-02 0.119045E-02 0.615731E-03 0.395152E-03 0.467193E-03 0.616979E-03
  0.354496E-03 0.458098E-03 0.880176E-03 0.164445E-02 0.249877E-02 0.367825E-02
  0.662219E-02 0.758475E-02 0.674736E-02 0.495688E-02 0.326357E-02 0.303354E-02
  0.444386E-02 0.585792E-02 0.346971E-02 0.123985E-02 0.784955E-03 0.727537E-03
  0.650325E-03 0.584347E-03 0.616979E-03 0.835954E-03 0.951860E-03 0.137590E-02
  0.207045E-02 0.286503E-02 0.454417E-02 0.132142E-01 0.131711E-01 0.461041E-02
  0.595974E-02 0.779284E-02 0.611024E-02 0.451340E-02 0.337680E-02 0.209060E-02
  0.128943E-02 0.156920E-02 0.163464E-02 0.118385E-02 0.739127E-03 0.616979E-03
  0.115479E-02 0.125179E-02 0.159220E-02 0.214320E-02 0.272149E-02 0.395819E-02
  0.150705E-01 0.250786E-01 0.151378E-01 0.137731E-01 0.126210E-01 0.802715E-02
  0.461362E-02 0.301838E-02 0.233293E-02 0.176394E-02 0.172843E-02 0.139462E-02
  0.849149E-03 0.633028E-03 0.616979E-03 0.104138E-02 0.106902E-02 0.117066E-02
  0.142119E-02 0.182508E-02 0.236643E-02 0.400858E-02 0.867427E-02 0.134220E-01
  0.163464E-01 0.133863E-01 0.107766E-01 0.784955E-02 0.514536E-02 0.361807E-02
  0.218285E-02 0.137840E-02 0.865733E-03 0.677607E-03 0.651751E-03 0.616979E-03
  0.761773E-03 0.774612E-03 0.828286E-03 0.970405E-03 0.121381E-02 0.153196E-02
  0.214070E-02 0.564697E-02 0.127470E-01 0.154482E-01 0.154940E-01 0.143194E-01
  0.121541E-01 0.918729E-02 0.602232E-02 0.301669E-02 0.174805E-02 0.982887E-03
  0.648007E-03 0.603784E-03 0.616979E-03 0.693300E-03 0.707030E-03 0.760704E-03
  0.881781E-03 0.108078E-02 0.134804E-02 0.171560E-02 0.273522E-02 0.737380E-02
  0.136377E-01 0.143005E-01 0.189803E-01 0.185975E-01 0.143906E-01 0.717069E-02
  0.308870E-02 0.187697E-02 0.110664E-02 0.730568E-03 0.625895E-03 0.616979E-03
  0.469689E-03 0.477357E-03 0.514625E-03 0.595581E-03 0.715411E-03 0.847398E-03
  0.963272E-03 0.122165E-02 0.241959E-02 0.619351E-02 0.101117E-01 0.158630E-01
  0.196576E-01 0.195766E-01 0.953572E-02 0.467877E-02 0.294652E-02 0.151463E-02
  0.808136E-03 0.630888E-03 0.616979E-03 0.766410E-03 0.759990E-03 0.754641E-03
  0.785133E-03 0.858600E-03 0.884566E-03 0.827751E-03 0.890519E-03 0.133934E-02
  0.551073E-02 0.126188E-01 0.180310E-01 0.211531E-01 0.175755E-01 0.900612E-02
  0.508258E-02 0.389785E-02 0.228942E-02 0.121666E-02 0.760704E-03 0.616979E-03
  0.156385E-02 0.156028E-02 0.152194E-02 0.140782E-02 0.124912E-02 0.108532E-02
  0.940626E-03 0.846118E-03 0.164052E-02 0.668067E-02 0.163098E-01 0.193965E-01
  0.161618E-01 0.137358E-01 0.110049E-01 0.389812E-02 0.201321E-02 0.130261E-02
  0.108685E-02 0.844335E-03 0.616979E-03 0.200500E-02 0.201553E-02 0.203300E-02
  0.201677E-02 0.195115E-02 0.185495E-02 0.161449E-02 0.120989E-02 0.237929E-02
  0.118852E-01 0.159077E-01 0.222571E-01 0.211808E-01 0.152952E-01 0.127119E-01
  0.494763E-02 0.240979E-02 0.131367E-02 0.110254E-02 0.894442E-03 0.616979E-03
  0.184880E-02 0.187822E-02 0.193903E-02 0.198824E-02 0.200483E-02 0.198526E-02
  0.187911E-02 0.196631E-02 0.216014E-02 0.710882E-02 0.804338E-02 0.136761E-01
  0.164816E-01 0.104450E-01 0.679498E-02 0.709421E-02 0.504942E-02 0.220847E-02
  0.106331E-02 0.802073E-03 0.616979E-03 0.134987E-02 0.136217E-02 0.138232E-02
  0.142262E-02 0.148307E-02 0.157267E-02 0.188090E-02 0.295722E-02 0.584383E-02
  0.635061E-02 0.527018E-02 0.492407E-02 0.546669E-02 0.755425E-02 0.622311E-02
  0.745497E-02 0.374859E-02 0.126748E-02 0.679747E-03 0.674576E-03 0.616979E-03
  0.573114E-03 0.549397E-03 0.478962E-03 0.408348E-03 0.394082E-03 0.524552E-03
  0.126374E-02 0.351857E-02 0.552357E-02 0.579854E-02 0.563074E-02 0.526447E-02
  0.486379E-02 0.419457E-02 0.254602E-02 0.139307E-02 0.962381E-03 0.733421E-03
  0.572935E-03 0.581316E-03 0.616979E-03 0.376250E-03 0.376250E-03 0.379817E-03
  0.443120E-03 0.713271E-03 0.132094E-02 0.190889E-02 0.483865E-02 0.103103E-01
  0.880266E-02 0.730211E-02 0.606459E-02 0.483598E-02 0.252498E-02 0.123396E-02
  0.775691E-03 0.705247E-03 0.549219E-03 0.395865E-03 0.481458E-03 0.616979E-03
  0.568477E-03 0.570617E-03 0.585239E-03 0.691516E-03 0.104138E-02 0.184146E-02
  0.375502E-02 0.600235E-02 0.676698E-02 0.649076E-02 0.678445E-02 0.584187E-02
  0.465766E-02 0.288340E-02 0.114623E-02 0.558986E-03 0.496258E-03 0.431885E-03
  0.404425E-03 0.516943E-03 0.616979E-03 0.266763E-03 0.291371E-03 0.429568E-03
  0.910847E-03 0.201428E-02 0.377645E-02 0.564625E-02 0.599362E-02 0.552482E-02
  0.625574E-02 0.808885E-02 0.655728E-02 0.542050E-02 0.265123E-02 0.108346E-02
  0.552727E-03 0.389268E-03 0.319010E-03 0.293689E-03 0.456493E-03 0.616979E-03
  0.202569E-03 0.238946E-03 0.398540E-03 0.835597E-03 0.167975E-02 0.301171E-02
  0.465427E-02 0.555692E-02 0.600235E-02 0.569993E-02 0.651555E-02 0.546259E-02
  0.435381E-02 0.246917E-02 0.868229E-03 0.548662E-03 0.415480E-03 0.324717E-03
  0.275323E-03 0.437592E-03 0.616979E-03 0.167975E-03 0.290836E-03 0.826146E-03
  0.200340E-02 0.353675E-02 0.504533E-02 0.594137E-02 0.551287E-02 0.828321E-02
  0.926646E-02 0.906460E-02 0.604087E-02 0.465730E-02 0.500538E-02 0.227319E-02
  0.567592E-03 0.423683E-03 0.399432E-03 0.356992E-03 0.472542E-03 0.616979E-03
